[Licensing::Module] Trying to connect to existing licensing client channel...
Built from '6000.3/staging' branch; Version is '6000.3.24f1 (4e7b9b5b6244) revision 5143451'; Using compiler version '194234433'; Build Type 'Release'
[Licensing::IpcConnector] Successfully connected to: "LicenseClient-REDACTED" at "2026-09-19T17:11:22.0800658Z"
OS: 'Windows 11  (10.0.26200) Core' Language: 'fr' Physical Memory: 32711 MB
BatchMode: 1, IsHumanControllingUs: 0, StartBugReporterOnCrash: 0, Is64bit: 1
System  architecture: x64
Process architecture: x64
Date: 2026-09-19T17:11:22Z
[Licensing::Client] Code 10 while verifying Licensing Client signature (process Id: 31576, path: "E:/unity/Unity Hub/UnityLicensingClient_V1/Unity.Licensing.Client.exe")
[Licensing::Module] LicensingClient has failed validation; ignoring
[Licensing::Client] Handshaking with LicensingClient:
  Version:                 1.18.3+d7ffd15
  Session Id:              REDACTED
  Correlation Id:          REDACTED
  External correlation Id: REDACTED
  Machine Id:              REDACTED
[Licensing::Module] Successfully connected to LicensingClient on channel: "LicenseClient-REDACTED" (connect: 0.00s, validation: 0.00s, handshake: 0.05s)
[Licensing::IpcConnector] Successfully connected to: "LicenseClient-REDACTED" at "2026-09-19T17:11:22.1335008Z"
[Licensing::Module] Error: Access token is unavailable; failed to update
[Licensing::Client] Successfully resolved entitlement details
[Licensing::Module] License group:
  Id: REDACTED
  Product: Unity Personal
  Type: Assigned
  Expiration: Unlimited
[Licensing::Client] Successfully updated license, isAsync: True, time: 0.00
[Licensing::Client] Successfully resolved entitlement details
[Licensing::Module] Licensing Background thread has ended after 0.06s

COMMAND LINE ARGUMENTS:
C:\ProgramData\6000.3.24f1-x86_64\Editor\Unity.exe
-batchmode
-nographics
-quit
-projectPath
E:\Palimpseste\Palimpseste_Unity_Dossier_Luna_Codex\Palimpseste_Unity_Dossier\game
-logFile
E:\Palimpseste\Palimpseste_Unity_Dossier_Luna_Codex\Palimpseste_Unity_Dossier\game\Logs\import.log
Successfully changed project path to: E:\Palimpseste\Palimpseste_Unity_Dossier_Luna_Codex\Palimpseste_Unity_Dossier\game
E:/Palimpseste/Palimpseste_Unity_Dossier_Luna_Codex/Palimpseste_Unity_Dossier/game
[UnityMemory] Configuration Parameters - Can be set up in boot.config
    "memorysetup-temp-allocator-size-nav-mesh-worker=65536"
    "memorysetup-temp-allocator-size-audio-worker=65536"
    "memorysetup-temp-allocator-size-gfx=262144"
    "memorysetup-allocator-temp-initial-block-size-main=262144"
    "memorysetup-allocator-temp-initial-block-size-worker=262144"
    "memorysetup-temp-allocator-size-background-worker=32768"
    "memorysetup-temp-allocator-size-job-worker=262144"
    "memorysetup-temp-allocator-size-preload-manager=33554432"
    "memorysetup-remapper-allocator-initial-capacity=32768"
    "memorysetup-temp-allocator-size-gi-baking-worker=262144"
    "memorysetup-temp-allocator-size-gi-baking-worker=262144"
    "memorysetup-temp-allocator-size-gi-baking-worker=262144"
    "memorysetup-temp-allocator-size-gi-baking-worker=262144"
    "memorysetup-temp-allocator-size-gi-baking-worker=262144"
    "memorysetup-bucket-allocator-granularity=16"
    "memorysetup-bucket-allocator-bucket-count=8"
    "memorysetup-bucket-allocator-block-size=33554432"
    "memorysetup-bucket-allocator-block-count=8"
    "memorysetup-main-allocator-block-size=16777216"
    "memorysetup-thread-allocator-block-size=16777216"
    "memorysetup-gfx-main-allocator-block-size=16777216"
    "memorysetup-gfx-thread-allocator-block-size=16777216"
    "memorysetup-cache-allocator-block-size=4194304"
    "memorysetup-typetree-allocator-block-size=2097152"
    "memorysetup-profiler-bucket-allocator-granularity=16"
    "memorysetup-profiler-bucket-allocator-bucket-count=8"
    "memorysetup-profiler-bucket-allocator-block-size=33554432"
    "memorysetup-profiler-bucket-allocator-block-count=8"
    "memorysetup-profiler-allocator-block-size=16777216"
    "memorysetup-profiler-editor-allocator-block-size=1048576"
    "memorysetup-temp-allocator-size-main=16777216"
    "memorysetup-job-temp-allocator-block-size=2097152"
    "memorysetup-job-temp-allocator-block-size-background=1048576"
    "memorysetup-job-temp-allocator-reduction-small-platforms=262144"
    "memorysetup-temp-allocator-size-cloud-worker=32768"
Player connection [6296]  Target information:

Player connection [6296]  * "[IP] PRIVATE_IP [Port] 55504 [Flags] 2 [Guid] 3514263331 [EditorId] 3514263331 [Version] 1048832 [Id] WindowsEditor(7,HOST_REDACTED) [Debug] 1 [PackageName] WindowsEditor [ProjectName] Editor" 

Player connection [6296]  * "[IP] PRIVATE_IP [Port] 55504 [Flags] 2 [Guid] 3514263331 [EditorId] 3514263331 [Version] 1048832 [Id] WindowsEditor(7,HOST_REDACTED) [Debug] 1 [PackageName] WindowsEditor [ProjectName] Editor" 

Player connection [6296] Host joined multi-casting on [225.0.0.222:54997]...
Player connection [6296] Host joined alternative multi-casting on [225.0.0.222:34997]...
Input System module state changed to: Initialized.
[Physics::Module] Initialized fallback backend.
[Physics::Module] Id: 0xdecafbad
[Package Manager] Connected to IPC stream "Upm-29720" after 0.2 seconds.
[Licensing::Client] Successfully resolved entitlement details
Library Redirect Path: Library/
Rebuilding Library because the asset database could not be found!
[Physics::Module] Selected backend.
[Physics::Module] Name: PhysX
[Physics::Module] Id: 0xf2b8ea05
[Physics::Module] SDK Version: 4.1.2
[Physics::Module] Integration Version: 1.0.0
[Physics::Module] Threading Mode: Multi-Threaded
Refreshing native plugins compatible for Editor in 0.00 ms, found 0 plugins.
Preloading 0 native plugins for Editor in 0.00 ms.
Initialize engine version: 6000.3.24f1 (4e7b9b5b6244)
[Subsystems] Discovering subsystems at path C:/ProgramData/6000.3.24f1-x86_64/Editor/Data/Resources/UnitySubsystems
[Subsystems] Discovering subsystems at path E:/Palimpseste/Palimpseste_Unity_Dossier_Luna_Codex/Palimpseste_Unity_Dossier/game/Assets
Forcing GfxDevice: Null
GfxDevice: creating device client; kGfxThreadingModeNonThreaded
NullGfxDevice:
    Version:  NULL 1.0 [1.0]
    Renderer: Null Device
    Vendor:   Unity Technologies
Initialize mono
Mono path[0] = 'C:/ProgramData/6000.3.24f1-x86_64/Editor/Data/Managed'
Mono path[1] = 'C:/ProgramData/6000.3.24f1-x86_64/Editor/Data/MonoBleedingEdge/lib/mono/unityjit-win32'
Mono config path = 'C:/ProgramData/6000.3.24f1-x86_64/Editor/Data/MonoBleedingEdge/etc'
Using monoOptions --debugger-agent=transport=dt_socket,embedding=1,server=y,suspend=n,address=127.0.0.1:56720
Using cacheserver namespaces - metadata:defaultmetadata, artifacts:defaultartifacts
Using cacheserver namespaces - metadata:defaultmetadata, artifacts:defaultartifacts
ImportWorker Server TCP listen port: 0
AcceleratorClientConnectionCallback - disconnected - :0
Begin MonoManager ReloadAssembly
Registering precompiled unity dll's ...
Register platform support module: C:/ProgramData/6000.3.24f1-x86_64/Editor/Data/PlaybackEngines/WindowsStandaloneSupport/UnityEditor.WindowsStandalone.Extensions.dll
Registered in 0.072971 seconds.
- Loaded All Assemblies, in  7.041 seconds
Native extension for WindowsStandalone target not found
Package Manager log level set to [2]
ScheduleIndexationOnStartup MainProcess:False IndexOnStartup:False
Mono: successfully reloaded assembly
- Finished resetting the current domain, in  0.399 seconds
Domain Reload Profiling: 7438ms
	BeginReloadAssembly (5778ms)
		ExecutionOrderSort (0ms)
		DisableScriptedObjects (0ms)
		BackupInstance (0ms)
		ReleaseScriptingObjects (0ms)
		CreateAndSetChildDomain (10ms)
	RebuildCommonClasses (326ms)
	RebuildNativeTypeToScriptingClass (10ms)
	initialDomainReloadingComplete (116ms)
	LoadAllAssembliesAndSetupDomain (809ms)
		LoadAssemblies (5765ms)
		RebuildTransferFunctionScriptingTraits (0ms)
		AnalyzeDomain (806ms)
			TypeCache.Refresh (805ms)
				TypeCache.ScanAssembly (618ms)
			BuildScriptInfoCaches (0ms)
			ResolveRequiredComponents (1ms)
	FinalizeReload (400ms)
		ReleaseScriptCaches (0ms)
		RebuildScriptCaches (0ms)
		SetupLoadedEditorAssemblies (366ms)
			LogAssemblyErrors (0ms)
			InitializePlatformSupportModulesInManaged (47ms)
			SetLoadedEditorAssemblies (3ms)
			BeforeProcessingInitializeOnLoad (71ms)
			ProcessInitializeOnLoadAttributes (129ms)
			ProcessInitializeOnLoadMethodAttributes (98ms)
			AfterProcessingInitializeOnLoad (0ms)
			EditorAssembliesLoaded (18ms)
		ExecutionOrderSort2 (0ms)
		AwakeInstancesAfterBackupRestoration (0ms)
[Licensing::Client] Successfully resolved entitlement details
Application.AssetDatabase Initial Refresh Start
[Package Manager] Done resolving packages in 34.11 seconds
[Licensing::Client] Successfully resolved entitlement details
[Package Manager] Lock file was modified
[Package Manager] Registered 34 packages:
  Packages from [https://packages.unity.com]:
    com.unity.ai.navigation@2.0.0 (location: E:\Palimpseste\Palimpseste_Unity_Dossier_Luna_Codex\Palimpseste_Unity_Dossier\game\Library\PackageCache\com.unity.ai.navigation@f6367599281e)
    com.unity.collab-proxy@2.2.0 (location: E:\Palimpseste\Palimpseste_Unity_Dossier_Luna_Codex\Palimpseste_Unity_Dossier\game\Library\PackageCache\com.unity.collab-proxy@b26119cdd155)
    com.unity.ide.rider@3.0.27 (location: E:\Palimpseste\Palimpseste_Unity_Dossier_Luna_Codex\Palimpseste_Unity_Dossier\game\Library\PackageCache\com.unity.ide.rider@8ca554ad34c2)
    com.unity.ide.visualstudio@2.0.22 (location: E:\Palimpseste\Palimpseste_Unity_Dossier_Luna_Codex\Palimpseste_Unity_Dossier\game\Library\PackageCache\com.unity.ide.visualstudio@8140e851d83e)
    com.unity.inputsystem@1.12.0 (location: E:\Palimpseste\Palimpseste_Unity_Dossier_Luna_Codex\Palimpseste_Unity_Dossier\game\Library\PackageCache\com.unity.inputsystem@920b46832575)
    com.unity.nuget.newtonsoft-json@3.2.1 (location: E:\Palimpseste\Palimpseste_Unity_Dossier_Luna_Codex\Palimpseste_Unity_Dossier\game\Library\PackageCache\com.unity.nuget.newtonsoft-json@74deb55db2a0)
    com.unity.timeline@1.8.6 (location: E:\Palimpseste\Palimpseste_Unity_Dossier_Luna_Codex\Palimpseste_Unity_Dossier\game\Library\PackageCache\com.unity.timeline@9ac0df085fa8)
    com.unity.visualscripting@1.9.1 (location: E:\Palimpseste\Palimpseste_Unity_Dossier_Luna_Codex\Palimpseste_Unity_Dossier\game\Library\PackageCache\com.unity.visualscripting@80ee0eef820c)
    com.unity.searcher@4.9.5 (location: E:\Palimpseste\Palimpseste_Unity_Dossier_Luna_Codex\Palimpseste_Unity_Dossier\game\Library\PackageCache\com.unity.searcher@a463122f2c00)
    com.unity.burst@1.8.30 (location: E:\Palimpseste\Palimpseste_Unity_Dossier_Luna_Codex\Palimpseste_Unity_Dossier\game\Library\PackageCache\com.unity.burst@2f3d916873ea)
    com.unity.mathematics@1.3.3 (location: E:\Palimpseste\Palimpseste_Unity_Dossier_Luna_Codex\Palimpseste_Unity_Dossier\game\Library\PackageCache\com.unity.mathematics@19a9377c4ffa)
    com.unity.collections@2.6.8 (location: E:\Palimpseste\Palimpseste_Unity_Dossier_Luna_Codex\Palimpseste_Unity_Dossier\game\Library\PackageCache\com.unity.collections@84e8eb3fc12e)
    com.unity.nuget.mono-cecil@1.11.6 (location: E:\Palimpseste\Palimpseste_Unity_Dossier_Luna_Codex\Palimpseste_Unity_Dossier\game\Library\PackageCache\com.unity.nuget.mono-cecil@ecb9724e46ff)
    com.unity.test-framework.performance@3.5.0 (location: E:\Palimpseste\Palimpseste_Unity_Dossier_Luna_Codex\Palimpseste_Unity_Dossier\game\Library\PackageCache\com.unity.test-framework.performance@8b56083ec0f0)
  Built-in packages:
    com.unity.render-pipelines.universal@17.3.0 (location: E:\Palimpseste\Palimpseste_Unity_Dossier_Luna_Codex\Palimpseste_Unity_Dossier\game\Library\PackageCache\com.unity.render-pipelines.universal@a8b4b2fc3560)
    com.unity.test-framework@1.6.0 (location: E:\Palimpseste\Palimpseste_Unity_Dossier_Luna_Codex\Palimpseste_Unity_Dossier\game\Library\PackageCache\com.unity.test-framework@bd7f943e9647)
    com.unity.ugui@2.0.0 (location: E:\Palimpseste\Palimpseste_Unity_Dossier_Luna_Codex\Palimpseste_Unity_Dossier\game\Library\PackageCache\com.unity.ugui@b996e7548785)
    com.unity.modules.jsonserialize@1.0.0 (location: E:\Palimpseste\Palimpseste_Unity_Dossier_Luna_Codex\Palimpseste_Unity_Dossier\game\Library\PackageCache\com.unity.modules.jsonserialize)
    com.unity.modules.ui@1.0.0 (location: E:\Palimpseste\Palimpseste_Unity_Dossier_Luna_Codex\Palimpseste_Unity_Dossier\game\Library\PackageCache\com.unity.modules.ui)
    com.unity.modules.imgui@1.0.0 (location: E:\Palimpseste\Palimpseste_Unity_Dossier_Luna_Codex\Palimpseste_Unity_Dossier\game\Library\PackageCache\com.unity.modules.imgui)
    com.unity.modules.audio@1.0.0 (location: E:\Palimpseste\Palimpseste_Unity_Dossier_Luna_Codex\Palimpseste_Unity_Dossier\game\Library\PackageCache\com.unity.modules.audio)
    com.unity.modules.director@1.0.0 (location: E:\Palimpseste\Palimpseste_Unity_Dossier_Luna_Codex\Palimpseste_Unity_Dossier\game\Library\PackageCache\com.unity.modules.director)
    com.unity.modules.animation@1.0.0 (location: E:\Palimpseste\Palimpseste_Unity_Dossier_Luna_Codex\Palimpseste_Unity_Dossier\game\Library\PackageCache\com.unity.modules.animation)
    com.unity.modules.particlesystem@1.0.0 (location: E:\Palimpseste\Palimpseste_Unity_Dossier_Luna_Codex\Palimpseste_Unity_Dossier\game\Library\PackageCache\com.unity.modules.particlesystem)
    com.unity.ext.nunit@2.0.5 (location: E:\Palimpseste\Palimpseste_Unity_Dossier_Luna_Codex\Palimpseste_Unity_Dossier\game\Library\PackageCache\com.unity.ext.nunit@d8c07649098d)
    com.unity.render-pipelines.core@17.3.0 (location: E:\Palimpseste\Palimpseste_Unity_Dossier_Luna_Codex\Palimpseste_Unity_Dossier\game\Library\PackageCache\com.unity.render-pipelines.core@0bb36005e9ba)
    com.unity.shadergraph@17.3.0 (location: E:\Palimpseste\Palimpseste_Unity_Dossier_Luna_Codex\Palimpseste_Unity_Dossier\game\Library\PackageCache\com.unity.shadergraph@30c2e3926b79)
    com.unity.render-pipelines.universal-config@17.0.3 (location: E:\Palimpseste\Palimpseste_Unity_Dossier_Luna_Codex\Palimpseste_Unity_Dossier\game\Library\PackageCache\com.unity.render-pipelines.universal-config@8dc1aab4af1d)
    com.unity.modules.uielements@1.0.0 (location: E:\Palimpseste\Palimpseste_Unity_Dossier_Luna_Codex\Palimpseste_Unity_Dossier\game\Library\PackageCache\com.unity.modules.uielements)
    com.unity.modules.ai@1.0.0 (location: E:\Palimpseste\Palimpseste_Unity_Dossier_Luna_Codex\Palimpseste_Unity_Dossier\game\Library\PackageCache\com.unity.modules.ai)
    com.unity.modules.physics@1.0.0 (location: E:\Palimpseste\Palimpseste_Unity_Dossier_Luna_Codex\Palimpseste_Unity_Dossier\game\Library\PackageCache\com.unity.modules.physics)
    com.unity.modules.terrain@1.0.0 (location: E:\Palimpseste\Palimpseste_Unity_Dossier_Luna_Codex\Palimpseste_Unity_Dossier\game\Library\PackageCache\com.unity.modules.terrain)
    com.unity.modules.hierarchycore@1.0.0 (location: E:\Palimpseste\Palimpseste_Unity_Dossier_Luna_Codex\Palimpseste_Unity_Dossier\game\Library\PackageCache\com.unity.modules.hierarchycore)
  Local packages:
    com.palimpseste.contracts@file:E:\Palimpseste\Palimpseste_Unity_Dossier_Luna_Codex\Palimpseste_Unity_Dossier\shared\Palimpseste.Contracts (location: E:\Palimpseste\Palimpseste_Unity_Dossier_Luna_Codex\Palimpseste_Unity_Dossier\shared\Palimpseste.Contracts)
[Subsystems] No new subsystems found in resolved package list.
[Package Manager] Done registering packages in 0.00 seconds
[API Updater] Processing imported assemblies took 60 ms (0/0 assembly(ies)).
Assembly Updater Post Process Assets time: 0.062537s
[ScriptCompilation] Requested script compilation because: Assembly Definition File(s) changed
[ScriptCompilation] Requested script compilation because: Assetdatabase observed changes in script compilation related files
Assembly for Assembly Definition File 'Assets/Palimpseste/Tests/Palimpseste.Game.Tests.asmdef' will not be compiled, because it has no scripts associated with it.
UnityEngine.Debug:ExtractStackTraceNoAlloc (byte*,int,string)
UnityEngine.StackTraceUtility:ExtractStackTrace ()
UnityEngine.DebugLogHandler:Internal_Log (UnityEngine.LogType,UnityEngine.LogOption,string,UnityEngine.Object)
UnityEngine.DebugLogHandler:LogFormat (UnityEngine.LogType,UnityEngine.Object,string,object[])
UnityEngine.Logger:LogFormat (UnityEngine.LogType,string,object[])
UnityEngine.Debug:LogWarningFormat (string,object[])
UnityEditor.Scripting.ScriptCompilation.EditorCompilation:WarnIfThereAreAssembliesWithoutAnyScripts (UnityEditor.Scripting.ScriptCompilation.ScriptAssemblySettings,UnityEditor.Scripting.ScriptCompilation.ScriptAssembly[])
UnityEditor.Scripting.ScriptCompilation.EditorCompilation:CompileScriptsWithSettings (UnityEditor.Scripting.ScriptCompilation.ScriptAssemblySettings)
UnityEditor.Scripting.ScriptCompilation.EditorCompilation:CompileScripts (UnityEditor.Scripting.ScriptCompilation.EditorScriptCompilationOptions,UnityEditor.BuildTarget,int,string[])
UnityEditor.Scripting.ScriptCompilation.EditorCompilationInterface/<>c__DisplayClass21_0:<CompileScripts>b__0 ()
UnityEditor.Scripting.ScriptCompilation.EditorCompilationInterface:EmitExceptionAsError<UnityEditor.Scripting.ScriptCompilation.EditorCompilation/CompileStatus> (System.Func`1<UnityEditor.Scripting.ScriptCompilation.EditorCompilation/CompileStatus>,UnityEditor.Scripting.ScriptCompilation.EditorCompilation/CompileStatus)
UnityEditor.Scripting.ScriptCompilation.EditorCompilationInterface:CompileScripts (UnityEditor.Scripting.ScriptCompilation.EditorScriptCompilationOptions,UnityEditor.BuildTarget,int,string[])

Starting: C:\ProgramData\6000.3.24f1-x86_64\Editor\Data\Tools\BuildPipeline\bee_backend.exe --ipc --defer-dag-verification --dagfile="Library/Bee/1900b0aE.dag" --continue-on-failure --profile="Library/Bee/backend1.traceevents" ScriptAssemblies
WorkingDir: E:/Palimpseste/Palimpseste_Unity_Dossier_Luna_Codex/Palimpseste_Unity_Dossier/game
ExitCode: 4 Duration: 0s66ms
[             ] Require frontend run.  Library/Bee/1900b0aE.dag couldn't be loaded
Starting: C:\ProgramData\6000.3.24f1-x86_64\Editor\Data\netcorerun\netcorerun.exe "C:\ProgramData\6000.3.24f1-x86_64\Editor\Data\Tools\BuildPipeline\ScriptCompilationBuildProgram.exe" "Library/Bee/1900b0aE.dag.json" "Library/Bee/1900b0aE-inputdata.json" "Library\Bee\buildprogram0.traceevents"
WorkingDir: E:/Palimpseste/Palimpseste_Unity_Dossier_Luna_Codex/Palimpseste_Unity_Dossier/game
DisplayProgressbar: Compiling Scripts
ExitCode: 0 Duration: 0s542ms
Starting: C:\ProgramData\6000.3.24f1-x86_64\Editor\Data\Tools\BuildPipeline\bee_backend.exe --ipc --defer-dag-verification --dagfile="Library/Bee/1900b0aE.dag" --continue-on-failure --dagfilejson="Library\Bee\1900b0aE.dag.json" --profile="Library/Bee/backend2.traceevents" ScriptAssemblies
WorkingDir: E:/Palimpseste/Palimpseste_Unity_Dossier_Luna_Codex/Palimpseste_Unity_Dossier/game
ExitCode: 3 Duration: 14s
Finished compiling graph: 849 nodes, 14482 flattened edges (11882 ToBuild, 130 ToUse), maximum node priority 889
[  1/845    0s] WriteText Library/Bee/artifacts/1900b0aE.dag/UnityEngine.TestRunner.UnityAdditionalFile.txt
[  2/845    0s] WriteText Library/Bee/artifacts/1900b0aE.dag/UnityEngine.TestRunner.rsp2
[  3/845    0s] MovedFromExtractor Library/Bee/artifacts/mvdfrm/UnityEngine.RenderAs2DModule.dll_8907711D32ACAB8C.mvfrm
[  4/845    0s] MovedFromExtractor Library/Bee/artifacts/mvdfrm/UnityEngine.SpriteMaskModule.dll_03C0E1E901D69293.mvfrm
[  5/845    0s] MovedFromExtractor Library/Bee/artifacts/mvdfrm/UnityEngine.ParticleSystemModule.dll_F936A12099F6D6C7.mvfrm
[  6/845    0s] MovedFromExtractor Library/Bee/artifacts/mvdfrm/UnityEngine.RuntimeInitializeOnLoadManagerInitializerModule.dll_09C83858D301FB14.mvfrm
[  7/845    0s] MovedFromExtractor Library/Bee/artifacts/mvdfrm/UnityEngine.ShaderVariantAnalyticsModule.dll_390BF9D9055919A8.mvfrm
[  8/845    0s] MovedFromExtractor Library/Bee/artifacts/mvdfrm/UnityEngine.SharedInternalsModule.dll_643A8969FF89AE93.mvfrm
[  9/845    0s] MovedFromExtractor Library/Bee/artifacts/mvdfrm/UnityEngine.PhysicsBackendPhysXModule.dll_440129F6239D699B.mvfrm
[ 10/845    0s] MovedFromExtractor Library/Bee/artifacts/mvdfrm/UnityEngine.MultiplayerModule.dll_B24FE142763C741C.mvfrm
[ 11/845    0s] MovedFromExtractor Library/Bee/artifacts/mvdfrm/UnityEngine.SpriteShapeModule.dll_4C08F21073171EAE.mvfrm
[ 12/845    0s] MovedFromExtractor Library/Bee/artifacts/mvdfrm/UnityEngine.PropertiesModule.dll_47CFAE9753526155.mvfrm
[ 13/845    0s] MovedFromExtractor Library/Bee/artifacts/mvdfrm/UnityEditor.EmbreeModule.dll_CFC87F8C568240DF.mvfrm
[ 14/845    0s] MovedFromExtractor Library/Bee/artifacts/mvdfrm/UnityEngine.ShaderRuntimeModule.dll_5E01D6C75B100C85.mvfrm
[ 15/845    0s] MovedFromExtractor Library/Bee/artifacts/mvdfrm/UnityEngine.MarshallingModule.dll_DB10634AA19D13F6.mvfrm
[ 16/845    0s] MovedFromExtractor Library/Bee/artifacts/mvdfrm/UnityEngine.PhysicsModule.dll_858E9A20D40F7FF9.mvfrm
[ 17/845    0s] MovedFromExtractor Library/Bee/artifacts/mvdfrm/UnityEngine.PerformanceReportingModule.dll_03003CC36A35E2C0.mvfrm
[ 18/845    0s] MovedFromExtractor Library/Bee/artifacts/mvdfrm/UnityEngine.LocalizationModule.dll_4403CAF2FC71014B.mvfrm
[ 19/845    0s] MovedFromExtractor Library/Bee/artifacts/mvdfrm/UnityEngine.InputModule.dll_636B284D33ACE4CC.mvfrm
[ 20/845    0s] MovedFromExtractor Library/Bee/artifacts/mvdfrm/UnityEngine.HotReloadModule.dll_310A840F36559838.mvfrm
[ 21/845    0s] MovedFromExtractor Library/Bee/artifacts/mvdfrm/UnityEngine.InsightsModule.dll_235402F3780362DD.mvfrm
[ 22/845    0s] MovedFromExtractor Library/Bee/artifacts/mvdfrm/UnityEngine.IdentifiersModule.dll_0B314CAB7FEDB4BC.mvfrm
[ 23/845    0s] MovedFromExtractor Library/Bee/artifacts/mvdfrm/UnityEngine.InputLegacyModule.dll_C3ECDFD455669C95.mvfrm
[ 24/845    0s] MovedFromExtractor Library/Bee/artifacts/mvdfrm/UnityEngine.InputForUIModule.dll_1D46C972408799D5.mvfrm
[ 25/845    0s] MovedFromExtractor Library/Bee/artifacts/mvdfrm/UnityEngine.HierarchyCoreModule.dll_4544CA7379B9FB06.mvfrm
[ 26/845    0s] MovedFromExtractor Library/Bee/artifacts/mvdfrm/UnityEngine.GridModule.dll_0DF0FC88EB97A2F8.mvfrm
[ 27/845    0s] MovedFromExtractor Library/Bee/artifacts/mvdfrm/UnityEngine.GraphicsStateCollectionSerializerModule.dll_6A2228ED679AF838.mvfrm
[ 28/845    0s] MovedFromExtractor Library/Bee/artifacts/mvdfrm/UnityEngine.IMGUIModule.dll_3555000383A65409.mvfrm
[ 29/845    0s] MovedFromExtractor Library/Bee/artifacts/mvdfrm/UnityEngine.JSONSerializeModule.dll_2E41B6D50A48029A.mvfrm
[ 30/845    0s] MovedFromExtractor Library/Bee/artifacts/mvdfrm/UnityEngine.GIModule.dll_6C07D2D926077984.mvfrm
[ 31/845    0s] MovedFromExtractor Library/Bee/artifacts/mvdfrm/UnityEngine.GameCenterModule.dll_1A946F58E066FD19.mvfrm
[ 32/845    0s] MovedFromExtractor Library/Bee/artifacts/mvdfrm/UnityEngine.DirectorModule.dll_898D3A62ED86135E.mvfrm
[ 33/845    0s] MovedFromExtractor Library/Bee/artifacts/mvdfrm/UnityEngine.DSPGraphModule.dll_8EDE9BCC5FE6E47F.mvfrm
[ 34/845    0s] MovedFromExtractor Library/Bee/artifacts/mvdfrm/UnityEngine.CrashReportingModule.dll_A62457D42BE54B39.mvfrm
[ 35/845    0s] MovedFromExtractor Library/Bee/artifacts/mvdfrm/UnityEngine.UnityConsentModule.dll_451FA6C5BAFFD287.mvfrm
[ 36/845    0s] MovedFromExtractor Library/Bee/artifacts/mvdfrm/UnityEngine.dll_CE4652BA0B92ACC4.mvfrm
[ 37/845    0s] MovedFromExtractor Library/Bee/artifacts/mvdfrm/UnityEngine.UnityCurlModule.dll_E2DE673ACB366EA3.mvfrm
[ 38/845    0s] MovedFromExtractor Library/Bee/artifacts/mvdfrm/UnityEngine.CoreModule.dll_307FE09AD3430D01.mvfrm
[ 39/845    0s] MovedFromExtractor Library/Bee/artifacts/mvdfrm/UnityEditor.AdaptivePerformanceModule.dll_A95DADB3059BD3D7.mvfrm
[ 40/845    0s] MovedFromExtractor Library/Bee/artifacts/mvdfrm/UnityEditor.ClothModule.dll_9DB1013366146E67.mvfrm
[ 41/845    0s] MovedFromExtractor Library/Bee/artifacts/mvdfrm/UnityEngine.VFXModule.dll_FBADA431B80513FA.mvfrm
[ 42/845    0s] MovedFromExtractor Library/Bee/artifacts/mvdfrm/UnityEditor.BuildProfileModule.dll_8AE07E148E895672.mvfrm
[ 43/845    0s] MovedFromExtractor Library/Bee/artifacts/mvdfrm/UnityEditor.AssetComplianceModule.dll_A7659A611137D1F8.mvfrm
[ 44/845    0s] MovedFromExtractor Library/Bee/artifacts/mvdfrm/UnityEditor.VideoModule.dll_5BD228A34E89AB28.mvfrm
[ 45/845    0s] MovedFromExtractor Library/Bee/artifacts/mvdfrm/UnityEngine.VirtualTexturingModule.dll_106E4FB077AA305F.mvfrm
[ 46/845    0s] MovedFromExtractor Library/Bee/artifacts/mvdfrm/UnityEditor.AccessibilityModule.dll_41E93B7192141EEB.mvfrm
[ 47/845    0s] MovedFromExtractor Library/Bee/artifacts/mvdfrm/UnityEditor.CoreBusinessMetricsModule.dll_2948A72D2BE302D1.mvfrm
[ 48/845    0s] MovedFromExtractor Library/Bee/artifacts/mvdfrm/UnityEditor.CoreModule.dll_0D5F0D482B3DA1D6.mvfrm
[ 49/845    0s] MovedFromExtractor Library/Bee/artifacts/mvdfrm/UnityEditor.DiagnosticsModule.dll_63AF10B702373559.mvfrm
[ 50/845    0s] MovedFromExtractor Library/Bee/artifacts/mvdfrm/UnityEditor.DeviceSimulatorModule.dll_6E8A8A72967BEDCB.mvfrm
[ 51/845    0s] MovedFromExtractor Library/Bee/artifacts/mvdfrm/UnityEditor.GraphicsStateCollectionSerializerModule.dll_612E5BFD9A9BAED3.mvfrm
[ 52/845    0s] MovedFromExtractor Library/Bee/artifacts/mvdfrm/UnityEditor.GIModule.dll_2D994149BA8A45B9.mvfrm
[ 53/845    0s] MovedFromExtractor Library/Bee/artifacts/mvdfrm/UnityEditor.GraphViewModule.dll_E13C49E080C5A810.mvfrm
[ 54/845    0s] MovedFromExtractor Library/Bee/artifacts/mvdfrm/UnityEngine.ContentLoadModule.dll_CBBE1DF68BF78E91.mvfrm
[ 55/845    0s] MovedFromExtractor Library/Bee/artifacts/mvdfrm/UnityEditor.GridAndSnapModule.dll_6D67F738859BF248.mvfrm
[ 56/845    0s] MovedFromExtractor Library/Bee/artifacts/mvdfrm/UnityEditor.GridModule.dll_EAD02936439237CD.mvfrm
[ 57/845    0s] MovedFromExtractor Library/Bee/artifacts/mvdfrm/UnityEditor.MediaModule.dll_0288BDCA0A441811.mvfrm
[ 58/845    0s] MovedFromExtractor Library/Bee/artifacts/mvdfrm/UnityEditor.EditorToolbarModule.dll_77E551440BA9D03B.mvfrm
[ 59/845    0s] MovedFromExtractor Library/Bee/artifacts/mvdfrm/UnityEditor.MultiplayerModule.dll_AC8A11B364026397.mvfrm
[ 60/845    0s] MovedFromExtractor Library/Bee/artifacts/mvdfrm/UnityEditor.HierarchyModule.dll_CEB050BC3EA4E6D2.mvfrm
[ 61/845    0s] MovedFromExtractor Library/Bee/artifacts/mvdfrm/UnityEditor.PhysicsModule.dll_9313E1766F0098B4.mvfrm
[ 62/845    0s] MovedFromExtractor Library/Bee/artifacts/mvdfrm/UnityEditor.Physics2DModule.dll_4681C511169FC266.mvfrm
[ 63/845    0s] MovedFromExtractor Library/Bee/artifacts/mvdfrm/UnityEditor.PlayModeModule.dll_D46A699C08844B3E.mvfrm
[ 64/845    0s] MovedFromExtractor Library/Bee/artifacts/mvdfrm/UnityEditor.PresetsUIModule.dll_9CA282C2831E0015.mvfrm
[ 65/845    0s] MovedFromExtractor Library/Bee/artifacts/mvdfrm/UnityEditor.QuickInstallModule.dll_69BFCC53D00FC4A5.mvfrm
[ 66/845    0s] MovedFromExtractor Library/Bee/artifacts/mvdfrm/UnityEditor.PropertiesModule.dll_4721414F510E480A.mvfrm
[ 67/845    0s] MovedFromExtractor Library/Bee/artifacts/mvdfrm/UnityEditor.QuickSearchModule.dll_EEBE91C45B0E31B2.mvfrm
[ 68/845    0s] MovedFromExtractor Library/Bee/artifacts/mvdfrm/UnityEditor.ShaderBuildSettingsModule.dll_B183F45BD89B0519.mvfrm
[ 69/845    0s] MovedFromExtractor Library/Bee/artifacts/mvdfrm/UnityEditor.SceneViewModule.dll_1FEC2CE875E8751E.mvfrm
[ 70/845    0s] MovedFromExtractor Library/Bee/artifacts/mvdfrm/UnityEditor.SceneTemplateModule.dll_9B84C2020A967A73.mvfrm
[ 71/845    0s] MovedFromExtractor Library/Bee/artifacts/mvdfrm/UnityEditor.SpriteMaskModule.dll_031274A0FF927948.mvfrm
[ 72/845    0s] MovedFromExtractor Library/Bee/artifacts/mvdfrm/UnityEditor.ShaderFoundryModule.dll_DA6492452D45F701.mvfrm
[ 73/845    0s] MovedFromExtractor Library/Bee/artifacts/mvdfrm/UnityEditor.SafeModeModule.dll_8E7677E269BB3BD7.mvfrm
[ 74/845    0s] MovedFromExtractor Library/Bee/artifacts/mvdfrm/UnityEditor.ShaderCompilationModule.dll_80A34A2AD4AF740B.mvfrm
[ 75/845    0s] MovedFromExtractor Library/Bee/artifacts/mvdfrm/UnityEditor.SketchUpModule.dll_768B5D32B4ECD7EE.mvfrm
[ 76/845    0s] MovedFromExtractor Library/Bee/artifacts/mvdfrm/UnityEditor.SpriteShapeModule.dll_4643228160DD0E29.mvfrm
[ 77/845    0s] MovedFromExtractor Library/Bee/artifacts/mvdfrm/UnityEditor.SubstanceModule.dll_8B1BD6BA107D801D.mvfrm
[ 78/845    0s] MovedFromExtractor Library/Bee/artifacts/mvdfrm/UnityEditor.TextCoreFontEngineModule.dll_BFEB15BF1A95AA94.mvfrm
[ 79/845    0s] MovedFromExtractor Library/Bee/artifacts/mvdfrm/UnityEditor.TerrainModule.dll_AD5A5CE544BEE1A2.mvfrm
[ 80/845    0s] MovedFromExtractor Library/Bee/artifacts/mvdfrm/UnityEditor.TextCoreTextEngineModule.dll_07D34C30AA1963B2.mvfrm
[ 81/845    0s] MovedFromExtractor Library/Bee/artifacts/mvdfrm/UnityEditor.TextRenderingModule.dll_E527E43D5CF32BCC.mvfrm
[ 82/845    0s] MovedFromExtractor Library/Bee/artifacts/mvdfrm/UnityEditor.UIAutomationModule.dll_3B816D052AFD1F32.mvfrm
[ 83/845    0s] MovedFromExtractor Library/Bee/artifacts/mvdfrm/UnityEditor.TreeModule.dll_6B0B0256B3033715.mvfrm
[ 84/845    0s] MovedFromExtractor Library/Bee/artifacts/mvdfrm/UnityEditor.UIBuilderModule.dll_35C4F6FCF37E2144.mvfrm
[ 85/845    0s] MovedFromExtractor Library/Bee/artifacts/mvdfrm/UnityEditor.TilemapModule.dll_4C56C4665C7BC2AB.mvfrm
[ 86/845    0s] MovedFromExtractor Library/Bee/artifacts/mvdfrm/UnityEditor.UIElementsSamplesModule.dll_74D4E7B2F1AB7F3B.mvfrm
[ 87/845    0s] MovedFromExtractor Library/Bee/artifacts/mvdfrm/UnityEditor.UIToolkitAuthoringModule.dll_F341AA4C391C2E54.mvfrm
[ 88/845    0s] MovedFromExtractor Library/Bee/artifacts/mvdfrm/UnityEditor.UIElementsModule.dll_71FE3C6AD1069D52.mvfrm
[ 89/845    0s] MovedFromExtractor Library/Bee/artifacts/mvdfrm/UnityEditor.UmbraModule.dll_B19D5051191E3AF6.mvfrm
[ 90/845    0s] MovedFromExtractor Library/Bee/artifacts/mvdfrm/UnityEditor.UnityConnectModule.dll_861A8B8AB36D3B8C.mvfrm
[ 91/845    0s] MovedFromExtractor Library/Bee/artifacts/mvdfrm/UnityEditor.XRModule.dll_16617FF3A6173621.mvfrm
[ 92/845    0s] MovedFromExtractor Library/Bee/artifacts/mvdfrm/UnityEditor.VectorGraphicsModule.dll_D55975BA1010B905.mvfrm
[ 93/845    0s] MovedFromExtractor Library/Bee/artifacts/mvdfrm/UnityEditor.VFXModule.dll_EF8C01DE485505F5.mvfrm
[ 94/845    0s] MovedFromExtractor Library/Bee/artifacts/mvdfrm/UnityEditor.dll_9BA20BE1AD1F1FDF.mvfrm
[ 95/845    0s] MovedFromExtractor Library/Bee/artifacts/mvdfrm/UnityEngine.AIModule.dll_D3CB89CB8A58916A.mvfrm
[ 96/845    0s] MovedFromExtractor Library/Bee/artifacts/mvdfrm/UnityEngine.ClusterRendererModule.dll_74374CE40636FB4F.mvfrm
[ 97/845    0s] WriteText Library/Bee/artifacts/1900b0aE.dag/UnityEngine.UI.UnityAdditionalFile.txt
[ 98/845    0s] WriteText Library/Bee/artifacts/1900b0aE.dag/UnityEngine.UI.rsp2
[ 99/845    0s] MovedFromExtractor Library/Bee/artifacts/mvdfrm/UnityEngine.ClusterInputModule.dll_05B700A064F50E52.mvfrm
[100/845    0s] WriteText Library/Bee/artifacts/1900b0aE.dag/UnityEngine.TestRunner.dll.mvfrm.rsp
[101/845    0s] WriteText Library/Bee/artifacts/1900b0aE.dag/UnityEngine.TestRunner.rsp
[102/845    0s] MovedFromExtractor Library/Bee/artifacts/mvdfrm/UnityEngine.AudioModule.dll_FCF5609CBD74C028.mvfrm
[103/845    0s] MovedFromExtractor Library/Bee/artifacts/mvdfrm/UnityEngine.ARModule.dll_8D3E4ECEE775F033.mvfrm
[104/845    0s] MovedFromExtractor Library/Bee/artifacts/mvdfrm/UnityEngine.AnimationModule.dll_AFC1C6095B227CB6.mvfrm
[105/845    0s] MovedFromExtractor Library/Bee/artifacts/mvdfrm/UnityEngine.TLSModule.dll_7ACF0BC2E197AA8D.mvfrm
[106/845    0s] MovedFromExtractor Library/Bee/artifacts/mvdfrm/UnityEngine.StreamingModule.dll_6456B359AAAA33F4.mvfrm
[107/845    0s] MovedFromExtractor Library/Bee/artifacts/mvdfrm/UnityEngine.SubstanceModule.dll_4101C7A2F5FD3202.mvfrm
[108/845    0s] MovedFromExtractor Library/Bee/artifacts/mvdfrm/UnityEngine.TerrainModule.dll_9FD5158FA9CDC8E7.mvfrm
[109/845    0s] MovedFromExtractor Library/Bee/artifacts/mvdfrm/UnityEngine.TextCoreFontEngineModule.dll_3E4A91122D93695F.mvfrm
[110/845    0s] WriteText Library/Bee/artifacts/1900b0aE.dag/UnityEditor.TestRunner.UnityAdditionalFile.txt
[111/845    0s] WriteText Library/Bee/artifacts/1900b0aE.dag/UnityEditor.TestRunner.rsp2
[112/845    0s] WriteText Library/Bee/artifacts/1900b0aE.dag/UnityEngine.UI.dll.mvfrm.rsp
[113/845    0s] WriteText Library/Bee/artifacts/1900b0aE.dag/UnityEngine.UI.rsp
[114/845    0s] MovedFromExtractor Library/Bee/artifacts/mvdfrm/UnityEngine.TextCoreTextEngineModule.dll_8632C783BD17227D.mvfrm
[115/845    0s] MovedFromExtractor Library/Bee/artifacts/mvdfrm/UnityEngine.UIModule.dll_CF3F27F8E69F9716.mvfrm
[116/845    0s] MovedFromExtractor Library/Bee/artifacts/mvdfrm/UnityEngine.TextRenderingModule.dll_7168D664D5EBAEF1.mvfrm
[117/845    0s] MovedFromExtractor Library/Bee/artifacts/mvdfrm/UnityEngine.UIElementsModule.dll_72ACA9B2D34AB69D.mvfrm
[118/845    0s] MovedFromExtractor Library/Bee/artifacts/mvdfrm/UnityEngine.UnityConnectModule.dll_737A0F99ADF53C37.mvfrm
[119/845    0s] MovedFromExtractor Library/Bee/artifacts/mvdfrm/UnityEngine.UnityAnalyticsCommonModule.dll_9E3EFA07841E811E.mvfrm
[120/845    0s] MovedFromExtractor Library/Bee/artifacts/mvdfrm/UnityEditor.WindowsStandalone.Extensions.dll_15DC16635862132A.mvfrm
[121/845    0s] MovedFromExtractor Library/Bee/artifacts/mvdfrm/UnityEditor.Graphs.dll_40A2C95A7D02D608.mvfrm
[122/845    0s] MovedFromExtractor Library/Bee/artifacts/mvdfrm/Unity.Collections.LowLevel.ILSupport.dll_406B16A88B2EC3A6.mvfrm
[123/845    0s] MovedFromExtractor Library/Bee/artifacts/mvdfrm/Unity.Plastic.Newtonsoft.Json.dll_9508AEF21C7590AD.mvfrm
[124/845    0s] MovedFromExtractor Library/Bee/artifacts/mvdfrm/Unity.VisualScripting.YamlDotNet.dll_0A94C22FF3E9472C.mvfrm
[125/845    0s] MovedFromExtractor Library/Bee/artifacts/mvdfrm/Unity.VisualScripting.TextureAssets.dll_A1B2EB83B4B6A524.mvfrm
[126/845    0s] MovedFromExtractor Library/Bee/artifacts/mvdfrm/Unity.Plastic.Antlr3.Runtime.dll_7A4665DECEAC0808.mvfrm
[127/845    0s] MovedFromExtractor Library/Bee/artifacts/mvdfrm/Unity.VisualScripting.Antlr3.Runtime.dll_BC01E91124B2574B.mvfrm
[128/845    0s] MovedFromExtractor Library/Bee/artifacts/mvdfrm/Unity.VisualScripting.IonicZip.dll_536BC163C6AE1250.mvfrm
[129/845    0s] MovedFromExtractor Library/Bee/artifacts/mvdfrm/UnityEngine.HierarchyModule.dll_849641A5242498B7.mvfrm
[130/845    0s] MovedFromExtractor Library/Bee/artifacts/mvdfrm/UnityEngine.NVIDIAModule.dll_27D99773B41F5B8D.mvfrm
[131/845    0s] MovedFromExtractor Library/Bee/artifacts/mvdfrm/UnityEngine.ClothModule.dll_63DDBD9797919F0C.mvfrm
[132/845    0s] MovedFromExtractor Library/Bee/artifacts/mvdfrm/UnityEngine.ImageConversionModule.dll_E0294A94885BB343.mvfrm
[133/845    0s] MovedFromExtractor Library/Bee/artifacts/mvdfrm/UnityEngine.ScreenCaptureModule.dll_4829645A1EB42EFC.mvfrm
[134/845    0s] MovedFromExtractor Library/Bee/artifacts/mvdfrm/UnityEngine.Physics2DModule.dll_FC67B5F9FC1F744B.mvfrm
[135/845    0s] MovedFromExtractor-Combine Library/Bee/artifacts/1900b0aE.dag/UnityEngine.TestRunner.dll.mvfrm
[136/845    0s] MovedFromExtractor Library/Bee/artifacts/mvdfrm/UnityEngine.UmbraModule.dll_77CA0CB54A9B6B9B.mvfrm
[137/845    0s] MovedFromExtractor Library/Bee/artifacts/mvdfrm/UnityEngine.UnityWebRequestAssetBundleModule.dll_380B39AB7062A5D4.mvfrm
[138/845    0s] MovedFromExtractor Library/Bee/artifacts/mvdfrm/UnityEngine.SubsystemsModule.dll_6E6E484AD01E7AA6.mvfrm
[139/845    0s] MovedFromExtractor Library/Bee/artifacts/mvdfrm/UnityEngine.UnityAnalyticsModule.dll_18D611EA461E28C3.mvfrm
[140/845    0s] MovedFromExtractor Library/Bee/artifacts/mvdfrm/UnityEngine.TilemapModule.dll_3ED17D10C18AA9F0.mvfrm
[141/845    0s] MovedFromExtractor-Combine Library/Bee/artifacts/1900b0aE.dag/UnityEngine.UI.dll.mvfrm
[142/845    0s] MovedFromExtractor Library/Bee/artifacts/mvdfrm/UnityEngine.UnityWebRequestAudioModule.dll_7AFC90A1F0A0AD58.mvfrm
[143/845    0s] MovedFromExtractor Library/Bee/artifacts/mvdfrm/UnityEngine.UnityWebRequestModule.dll_F1C8523E93504DC2.mvfrm
[144/845    0s] MovedFromExtractor Library/Bee/artifacts/mvdfrm/UnityEngine.UnityWebRequestTextureModule.dll_7851DC28598CDE2D.mvfrm
[145/845    0s] WriteText Library/Bee/artifacts/1900b0aE.dag/UnityEditor.TestRunner.dll.mvfrm.rsp
[146/845    0s] WriteText Library/Bee/artifacts/1900b0aE.dag/UnityEditor.TestRunner.rsp
[147/845    0s] WriteText Library/Bee/artifacts/1900b0aE.dag/UnityEditor.UI.rsp2
[148/845    0s] WriteText Library/Bee/artifacts/1900b0aE.dag/UnityEditor.UI.UnityAdditionalFile.txt
[149/845    0s] WriteText Library/Bee/artifacts/1900b0aE.dag/UnityEditor.UI.dll.mvfrm.rsp
[150/845    0s] WriteText Library/Bee/artifacts/1900b0aE.dag/UnityEditor.UI.rsp
[151/845    0s] WriteText Library/Bee/artifacts/1900b0aE.dag/Unity.Burst.UnityAdditionalFile.txt
[152/845    0s] WriteText Library/Bee/artifacts/1900b0aE.dag/Unity.Burst.rsp2
[153/845    0s] WriteText Library/Bee/artifacts/1900b0aE.dag/Unity.Mathematics.rsp2
[154/845    0s] WriteText Library/Bee/artifacts/1900b0aE.dag/Unity.Mathematics.UnityAdditionalFile.txt
[155/845    0s] MovedFromExtractor Library/Bee/artifacts/mvdfrm/UnityEngine.VRModule.dll_22114E7E885A1C8E.mvfrm
[156/845    0s] MovedFromExtractor Library/Bee/artifacts/mvdfrm/UnityEngine.UnityWebRequestWWWModule.dll_50F50CDFACD6DEE9.mvfrm
[157/845    0s] WriteText Library/Bee/artifacts/1900b0aE.dag/Unity.Burst.dll.mvfrm.rsp
[158/845    0s] WriteText Library/Bee/artifacts/1900b0aE.dag/Unity.Burst.rsp
[159/845    0s] WriteText Library/Bee/artifacts/1900b0aE.dag/Unity.Mathematics.dll.mvfrm.rsp
[160/845    0s] WriteText Library/Bee/artifacts/1900b0aE.dag/Unity.Mathematics.rsp
[161/845    0s] WriteText Library/Bee/artifacts/1900b0aE.dag/Unity.Collections.rsp2
[162/845    0s] WriteText Library/Bee/artifacts/1900b0aE.dag/Unity.Collections.UnityAdditionalFile.txt
[163/845    0s] MovedFromExtractor Library/Bee/artifacts/mvdfrm/UnityEngine.VectorGraphicsModule.dll_907DD7552BFD4D10.mvfrm
[164/845    0s] WriteText Library/Bee/artifacts/1900b0aE.dag/Unity.InputSystem.UnityAdditionalFile.txt
[165/845    0s] WriteText Library/Bee/artifacts/1900b0aE.dag/Unity.Collections.dll.mvfrm.rsp
[166/845    0s] WriteText Library/Bee/artifacts/1900b0aE.dag/Unity.InputSystem.rsp2
[167/845    0s] WriteText Library/Bee/artifacts/1900b0aE.dag/Unity.Collections.rsp
[168/845    0s] WriteText Library/Bee/artifacts/1900b0aE.dag/Unity.InputSystem.dll.mvfrm.rsp
[169/845    0s] WriteText Library/Bee/artifacts/1900b0aE.dag/Unity.Burst.CodeGen.rsp2
[170/845    0s] WriteText Library/Bee/artifacts/1900b0aE.dag/Unity.Burst.CodeGen.UnityAdditionalFile.txt
[171/845    0s] WriteText Library/Bee/artifacts/1900b0aE.dag/Unity.InputSystem.rsp
[172/845    0s] WriteText Library/Bee/artifacts/1900b0aE.dag/Unity.Collections.CodeGen.UnityAdditionalFile.txt
[173/845    0s] WriteText Library/Bee/artifacts/1900b0aE.dag/Unity.Collections.CodeGen.rsp2
[174/845    0s] WriteText Library/Bee/artifacts/1900b0aE.dag/Unity.RenderPipelines.Core.Runtime.rsp2
[175/845    0s] WriteText Library/Bee/artifacts/1900b0aE.dag/Unity.RenderPipelines.Core.Runtime.UnityAdditionalFile.txt
[176/845    0s] WriteText Library/Bee/artifacts/1900b0aE.dag/Unity.RenderPipelines.Core.Runtime.dll.mvfrm.rsp
[177/845    0s] WriteText Library/Bee/artifacts/1900b0aE.dag/Unity.VisualScripting.Core.UnityAdditionalFile.txt
[178/845    0s] WriteText Library/Bee/artifacts/1900b0aE.dag/Unity.VisualScripting.Core.rsp2
[179/845    0s] WriteText Library/Bee/artifacts/1900b0aE.dag/Unity.RenderPipelines.Core.Runtime.rsp
[180/845    0s] MovedFromExtractor Library/Bee/artifacts/mvdfrm/UnityEngine.VehiclesModule.dll_015033E267AFE2F9.mvfrm
[181/845    0s] MovedFromExtractor Library/Bee/artifacts/mvdfrm/UnityEngine.WindModule.dll_A6CEBBC364798B6A.mvfrm
[182/845    0s] MovedFromExtractor Library/Bee/artifacts/mvdfrm/UnityEngine.XRModule.dll_54D01183119469EC.mvfrm
[183/845    0s] WriteText Library/Bee/artifacts/1900b0aE.dag/Unity.Burst.CodeGen.dll.mvfrm.rsp
[184/845    0s] WriteText Library/Bee/artifacts/1900b0aE.dag/Unity.Collections.CodeGen.dll.mvfrm.rsp
[185/845    0s] MovedFromExtractor Library/Bee/artifacts/mvdfrm/UnityEngine.VideoModule.dll_21FEE5078006DBCD.mvfrm
[186/845    0s] WriteText Library/Bee/artifacts/1900b0aE.dag/Unity.Collections.CodeGen.rsp
[187/845    0s] WriteText Library/Bee/artifacts/1900b0aE.dag/Unity.Burst.CodeGen.rsp
[188/845    0s] WriteText Library/Bee/artifacts/1900b0aE.dag/Unity.RenderPipelines.GPUDriven.Runtime.UnityAdditionalFile.txt
[189/845    0s] WriteText Library/Bee/artifacts/1900b0aE.dag/Unity.RenderPipelines.GPUDriven.Runtime.rsp2
[190/845    0s] WriteText Library/Bee/artifacts/1900b0aE.dag/Unity.VisualScripting.Core.dll.mvfrm.rsp
[191/845    0s] WriteText Library/Bee/artifacts/1900b0aE.dag/Unity.UnifiedRayTracing.Runtime.UnityAdditionalFile.txt
[192/845    0s] WriteText Library/Bee/artifacts/1900b0aE.dag/Unity.VisualScripting.Core.rsp
[193/845    0s] WriteText Library/Bee/artifacts/1900b0aE.dag/Unity.UnifiedRayTracing.Runtime.rsp2
[194/845    0s] WriteText Library/Bee/artifacts/1900b0aE.dag/Unity.RenderPipelines.Core.Runtime.Shared.rsp2
[195/845    0s] WriteText Library/Bee/artifacts/1900b0aE.dag/Unity.RenderPipelines.Core.Runtime.Shared.UnityAdditionalFile.txt
[196/845    0s] WriteText Library/Bee/artifacts/1900b0aE.dag/Unity.RenderPipeline.Universal.ShaderLibrary.rsp2
[197/845    0s] WriteText Library/Bee/artifacts/1900b0aE.dag/Unity.RenderPipeline.Universal.ShaderLibrary.UnityAdditionalFile.txt
[198/845    0s] WriteText Library/Bee/artifacts/1900b0aE.dag/Unity.RenderPipelines.GPUDriven.Runtime.dll.mvfrm.rsp
[199/845    0s] WriteText Library/Bee/artifacts/1900b0aE.dag/Unity.RenderPipelines.GPUDriven.Runtime.rsp
[200/845    0s] WriteText Library/Bee/artifacts/1900b0aE.dag/Unity.RenderPipelines.Universal.Config.Runtime.rsp2
[201/845    0s] WriteText Library/Bee/artifacts/1900b0aE.dag/Unity.RenderPipelines.Universal.Config.Runtime.UnityAdditionalFile.txt
[202/845    0s] WriteText Library/Bee/artifacts/1900b0aE.dag/Unity.UnifiedRayTracing.Runtime.dll.mvfrm.rsp
[203/845    0s] WriteText Library/Bee/artifacts/1900b0aE.dag/Unity.VisualScripting.Flow.UnityAdditionalFile.txt
[204/845    0s] WriteText Library/Bee/artifacts/1900b0aE.dag/Unity.VisualScripting.Flow.rsp2
[205/845    0s] WriteText Library/Bee/artifacts/1900b0aE.dag/Unity.UnifiedRayTracing.Runtime.rsp
[206/845    0s] WriteText Library/Bee/artifacts/1900b0aE.dag/Unity.RenderPipelines.Core.Runtime.Shared.dll.mvfrm.rsp
[207/845    0s] WriteText Library/Bee/artifacts/1900b0aE.dag/Unity.RenderPipeline.Universal.ShaderLibrary.dll.mvfrm.rsp
[208/845    0s] WriteText Library/Bee/artifacts/1900b0aE.dag/Unity.RenderPipelines.Core.Runtime.Shared.rsp
[209/845    0s] WriteText Library/Bee/artifacts/1900b0aE.dag/Unity.VisualScripting.Core.Editor.UnityAdditionalFile.txt
[210/845    0s] WriteText Library/Bee/artifacts/1900b0aE.dag/Unity.VisualScripting.Core.Editor.rsp2
[211/845    0s] WriteText Library/Bee/artifacts/1900b0aE.dag/Unity.RenderPipelines.Universal.Config.Runtime.dll.mvfrm.rsp
[212/845    0s] WriteText Library/Bee/artifacts/1900b0aE.dag/Unity.RenderPipeline.Universal.ShaderLibrary.rsp
[213/845    0s] WriteText Library/Bee/artifacts/1900b0aE.dag/Unity.RenderPipelines.Universal.Config.Runtime.rsp
[214/845    0s] WriteText Library/Bee/artifacts/1900b0aE.dag/Unity.RenderPipelines.Core.Editor.UnityAdditionalFile.txt
[215/845    0s] WriteText Library/Bee/artifacts/1900b0aE.dag/Unity.RenderPipelines.Core.Editor.rsp2
[216/845    0s] WriteText Library/Bee/artifacts/1900b0aE.dag/Unity.RenderPipelines.Universal.Runtime.rsp2
[217/845    0s] WriteText Library/Bee/artifacts/1900b0aE.dag/Unity.RenderPipelines.Universal.Runtime.UnityAdditionalFile.txt
[218/845    0s] WriteText Library/Bee/artifacts/1900b0aE.dag/Unity.VisualScripting.Flow.dll.mvfrm.rsp
[219/845    0s] WriteText Library/Bee/artifacts/1900b0aE.dag/Unity.VisualScripting.Flow.rsp
[220/845    0s] WriteText Library/Bee/artifacts/1900b0aE.dag/Unity.VisualScripting.Core.Editor.dll.mvfrm.rsp
[221/845    0s] WriteText Library/Bee/artifacts/1900b0aE.dag/Unity.VisualScripting.Core.Editor.rsp
[222/845    0s] WriteText Library/Bee/artifacts/1900b0aE.dag/Unity.RenderPipelines.Core.Editor.dll.mvfrm.rsp
[223/845    0s] WriteText Library/Bee/artifacts/1900b0aE.dag/Unity.Searcher.Editor.UnityAdditionalFile.txt
[224/845    0s] WriteText Library/Bee/artifacts/1900b0aE.dag/Unity.Searcher.Editor.rsp2
[225/845    0s] WriteText Library/Bee/artifacts/1900b0aE.dag/Unity.RenderPipelines.Core.Editor.rsp
[226/845    0s] WriteText Library/Bee/artifacts/1900b0aE.dag/Unity.RenderPipelines.Universal.Runtime.dll.mvfrm.rsp
[227/845    0s] WriteText Library/Bee/artifacts/1900b0aE.dag/Unity.ShaderGraph.Utilities.UnityAdditionalFile.txt
[228/845    0s] WriteText Library/Bee/artifacts/1900b0aE.dag/Unity.ShaderGraph.Utilities.rsp2
[229/845    0s] WriteText Library/Bee/artifacts/1900b0aE.dag/Unity.RenderPipelines.Universal.Runtime.rsp
[230/845    0s] WriteText Library/Bee/artifacts/1900b0aE.dag/Unity.VisualScripting.State.rsp2
[231/845    0s] WriteText Library/Bee/artifacts/1900b0aE.dag/Unity.Searcher.Editor.dll.mvfrm.rsp
[232/845    0s] WriteText Library/Bee/artifacts/1900b0aE.dag/Unity.VisualScripting.Flow.Editor.rsp2
[233/845    0s] WriteText Library/Bee/artifacts/1900b0aE.dag/Unity.VisualScripting.Flow.Editor.UnityAdditionalFile.txt
[234/845    0s] WriteText Library/Bee/artifacts/1900b0aE.dag/Unity.VisualScripting.State.UnityAdditionalFile.txt
[235/845    0s] WriteText Library/Bee/artifacts/1900b0aE.dag/Unity.Searcher.Editor.rsp
[236/845    0s] WriteText Library/Bee/artifacts/1900b0aE.dag/Unity.InternalAPIEngineBridge.004.rsp2
[237/845    0s] WriteText Library/Bee/artifacts/1900b0aE.dag/Unity.InternalAPIEngineBridge.004.UnityAdditionalFile.txt
[238/845    0s] WriteText Library/Bee/artifacts/1900b0aE.dag/Unity.AI.Navigation.Editor.ConversionSystem.UnityAdditionalFile.txt
[239/845    0s] WriteText Library/Bee/artifacts/1900b0aE.dag/Unity.ShaderGraph.Utilities.dll.mvfrm.rsp
[240/845    0s] WriteText Library/Bee/artifacts/1900b0aE.dag/Unity.AI.Navigation.UnityAdditionalFile.txt
[241/845    0s] WriteText Library/Bee/artifacts/1900b0aE.dag/Unity.AI.Navigation.Editor.ConversionSystem.rsp2
[242/845    0s] WriteText Library/Bee/artifacts/1900b0aE.dag/Unity.AI.Navigation.rsp2
[243/845    0s] WriteText Library/Bee/artifacts/1900b0aE.dag/Unity.ShaderGraph.Utilities.rsp
[244/845    0s] WriteText Library/Bee/artifacts/1900b0aE.dag/Unity.VisualScripting.Flow.Editor.dll.mvfrm.rsp
[245/845    0s] WriteResponseFile Library/Bee/artifacts/rsp/4747638433968585886.rsp
[246/845    0s] WriteText Library/Bee/artifacts/1900b0aE.dag/Unity.RenderPipelines.Core.Editor.Shared.rsp2
[247/845    0s] WriteText Library/Bee/artifacts/1900b0aE.dag/Unity.ShaderGraph.Editor.rsp2
[248/845    0s] WriteText Library/Bee/artifacts/1900b0aE.dag/Unity.Burst.Editor.UnityAdditionalFile.txt
[249/845    0s] WriteText Library/Bee/artifacts/1900b0aE.dag/Unity.RenderPipelines.Core.Editor.Shared.UnityAdditionalFile.txt
[250/845    0s] WriteText Library/Bee/artifacts/1900b0aE.dag/Unity.ShaderGraph.Editor.UnityAdditionalFile.txt
[251/845    0s] WriteText Library/Bee/artifacts/1900b0aE.dag/Unity.VisualScripting.State.dll.mvfrm.rsp
[252/845    0s] WriteText Library/Bee/artifacts/1900b0aE.dag/Unity.RenderPipelines.Universal.2D.Runtime.rsp2
[253/845    0s] WriteText Library/Bee/artifacts/1900b0aE.dag/Unity.Mathematics.Editor.rsp2
[254/845    0s] WriteText Library/Bee/artifacts/1900b0aE.dag/Unity.Mathematics.Editor.UnityAdditionalFile.txt
[255/845    0s] WriteText Library/Bee/artifacts/1900b0aE.dag/Unity.RenderPipelines.Universal.2D.Runtime.UnityAdditionalFile.txt
[256/845    0s] WriteText Library/Bee/artifacts/1900b0aE.dag/Unity.Burst.Editor.rsp2
[257/845    0s] WriteText Library/Bee/artifacts/1900b0aE.dag/Unity.InternalAPIEngineBridge.004.dll.mvfrm.rsp
[258/845    0s] WriteText Library/Bee/artifacts/1900b0aE.dag/Unity.VisualScripting.Flow.Editor.rsp
[259/845    0s] WriteText Library/Bee/artifacts/1900b0aE.dag/Unity.AI.Navigation.dll.mvfrm.rsp
[260/845    0s] WriteText Library/Bee/artifacts/1900b0aE.dag/Unity.InternalAPIEngineBridge.004.rsp
[261/845    0s] WriteText Library/Bee/artifacts/1900b0aE.dag/Unity.AI.Navigation.Editor.ConversionSystem.dll.mvfrm.rsp
[262/845    0s] WriteText Library/Bee/artifacts/1900b0aE.dag/Unity.AI.Navigation.rsp
[263/845    0s] WriteText Library/Bee/artifacts/1900b0aE.dag/Unity.VisualScripting.State.rsp
[264/845    0s] WriteText Library/Bee/artifacts/1900b0aE.dag/Unity.AI.Navigation.Editor.ConversionSystem.rsp
[265/845    0s] WriteText Library/Bee/artifacts/1900b0aE.dag/Unity.ShaderGraph.Editor.dll.mvfrm.rsp
[266/845    0s] WriteText Library/Bee/artifacts/1900b0aE.dag/Unity.RenderPipelines.Universal.2D.Runtime.dll.mvfrm.rsp
[267/845    0s] WriteText Library/Bee/artifacts/1900b0aE.dag/Unity.Mathematics.Editor.dll.mvfrm.rsp
[268/845    0s] WriteText Library/Bee/artifacts/1900b0aE.dag/Unity.RenderPipelines.Core.Editor.Shared.dll.mvfrm.rsp
[269/845    0s] WriteText Library/Bee/artifacts/1900b0aE.dag/Unity.Burst.Editor.dll.mvfrm.rsp
[270/845    0s] WriteText Library/Bee/artifacts/1900b0aE.dag/Unity.ShaderGraph.Editor.rsp
[271/845    0s] WriteText Library/Bee/artifacts/1900b0aE.dag/Unity.Mathematics.Editor.rsp
[272/845    0s] WriteText Library/Bee/artifacts/1900b0aE.dag/Unity.TextMeshPro.UnityAdditionalFile.txt
[273/845    0s] WriteText Library/Bee/artifacts/1900b0aE.dag/Unity.TextMeshPro.rsp2
[274/845    0s] WriteText Library/Bee/artifacts/1900b0aE.dag/Unity.RenderPipelines.Core.Editor.Shared.rsp
[275/845    0s] WriteText Library/Bee/artifacts/1900b0aE.dag/Unity.RenderPipelines.Universal.2D.Runtime.rsp
[276/845    0s] WriteText Library/Bee/artifacts/1900b0aE.dag/Unity.Burst.Editor.rsp
[277/845    0s] WriteText Library/Bee/artifacts/1900b0aE.dag/Unity.Timeline.UnityAdditionalFile.txt
[278/845    0s] WriteText Library/Bee/artifacts/1900b0aE.dag/Unity.AI.Navigation.Editor.UnityAdditionalFile.txt
[279/845    0s] WriteText Library/Bee/artifacts/1900b0aE.dag/Unity.VisualScripting.State.Editor.UnityAdditionalFile.txt
[280/845    0s] WriteText Library/Bee/artifacts/1900b0aE.dag/Unity.VisualScripting.State.Editor.rsp2
[281/845    0s] WriteText Library/Bee/artifacts/1900b0aE.dag/Unity.Timeline.rsp2
[282/845    0s] WriteText Library/Bee/artifacts/1900b0aE.dag/Unity.AI.Navigation.Editor.rsp2
[283/845    0s] WriteText Library/Bee/artifacts/1900b0aE.dag/Unity.TextMeshPro.dll.mvfrm.rsp
[284/845    0s] WriteText Library/Bee/artifacts/1900b0aE.dag/Unity.TextMeshPro.rsp
[285/845    0s] WriteText Library/Bee/artifacts/1900b0aE.dag/Palimpseste.Contracts.UnityAdditionalFile.txt
[286/845    0s] WriteText Library/Bee/artifacts/1900b0aE.dag/Unity.VisualScripting.State.Editor.dll.mvfrm.rsp
[287/845    0s] WriteText Library/Bee/artifacts/1900b0aE.dag/Unity.AI.Navigation.Editor.dll.mvfrm.rsp
[288/845    0s] WriteText Library/Bee/artifacts/1900b0aE.dag/Unity.Timeline.dll.mvfrm.rsp
[289/845    0s] WriteText Library/Bee/artifacts/1900b0aE.dag/Palimpseste.Contracts.rsp2
[290/845    0s] WriteText Library/Bee/artifacts/1900b0aE.dag/Unity.RenderPipelines.Universal.Editor.UnityAdditionalFile.txt
[291/845    0s] WriteText Library/Bee/artifacts/1900b0aE.dag/Unity.RenderPipelines.Universal.Editor.rsp2
[292/845    0s] WriteText Library/Bee/artifacts/1900b0aE.dag/Unity.VisualScripting.State.Editor.rsp
[293/845    0s] WriteText Library/Bee/artifacts/1900b0aE.dag/Unity.Timeline.rsp
[294/845    0s] WriteText Library/Bee/artifacts/1900b0aE.dag/Unity.AI.Navigation.Editor.rsp
[295/845    0s] WriteText Library/Bee/artifacts/1900b0aE.dag/Palimpseste.Contracts.dll.mvfrm.rsp
[296/845    0s] WriteText Library/Bee/artifacts/1900b0aE.dag/Unity.PlasticSCM.Editor.rsp2
[297/845    0s] WriteText Library/Bee/artifacts/1900b0aE.dag/Unity.RenderPipelines.Universal.Editor.dll.mvfrm.rsp
[298/845    0s] WriteText Library/Bee/artifacts/1900b0aE.dag/Unity.PlasticSCM.Editor.UnityAdditionalFile.txt
[299/845    0s] WriteText Library/Bee/artifacts/1900b0aE.dag/Palimpseste.Contracts.rsp
[300/845    0s] WriteText Library/Bee/artifacts/1900b0aE.dag/Unity.RenderPipelines.Universal.Editor.rsp
[301/845    0s] WriteText Library/Bee/artifacts/1900b0aE.dag/Unity.Rider.Editor.UnityAdditionalFile.txt
[302/845    0s] WriteText Library/Bee/artifacts/1900b0aE.dag/Palimpseste.Game.rsp2
[303/845    0s] WriteText Library/Bee/artifacts/1900b0aE.dag/Unity.VisualStudio.Editor.rsp2
[304/845    0s] WriteText Library/Bee/artifacts/1900b0aE.dag/Unity.VisualStudio.Editor.UnityAdditionalFile.txt
[305/845    0s] WriteText Library/Bee/artifacts/1900b0aE.dag/Palimpseste.Game.UnityAdditionalFile.txt
[306/845    0s] WriteText Library/Bee/artifacts/1900b0aE.dag/Unity.Rider.Editor.rsp2
[307/845    0s] WriteText Library/Bee/artifacts/1900b0aE.dag/Unity.VisualScripting.SettingsProvider.Editor.rsp2
[308/845    0s] WriteText Library/Bee/artifacts/1900b0aE.dag/UnityEditor.UI.Analytics.rsp2
[309/845    0s] WriteText Library/Bee/artifacts/1900b0aE.dag/Unity.AI.Navigation.Updater.UnityAdditionalFile.txt
[310/845    0s] WriteText Library/Bee/artifacts/1900b0aE.dag/Unity.AI.Navigation.Updater.rsp2
[311/845    0s] WriteText Library/Bee/artifacts/1900b0aE.dag/Unity.Collections.Editor.UnityAdditionalFile.txt
[312/845    0s] WriteText Library/Bee/artifacts/1900b0aE.dag/Unity.Collections.Editor.rsp2
[313/845    0s] WriteText Library/Bee/artifacts/1900b0aE.dag/Unity.InputSystem.ForUI.UnityAdditionalFile.txt
[314/845    0s] WriteText Library/Bee/artifacts/1900b0aE.dag/Unity.InputSystem.ForUI.rsp2
[315/845    0s] WriteText Library/Bee/artifacts/1900b0aE.dag/Unity.RenderPipelines.Core.ShaderLibrary.UnityAdditionalFile.txt
[316/845    0s] WriteText Library/Bee/artifacts/1900b0aE.dag/Unity.RenderPipelines.Core.ShaderLibrary.rsp2
[317/845    0s] WriteText Library/Bee/artifacts/1900b0aE.dag/UnityEditor.UI.Analytics.UnityAdditionalFile.txt
[318/845    0s] WriteText Library/Bee/artifacts/1900b0aE.dag/Unity.RenderPipelines.ShaderGraph.ShaderGraphLibrary.UnityAdditionalFile.txt
[319/845    0s] WriteText Library/Bee/artifacts/1900b0aE.dag/Unity.RenderPipelines.ShaderGraph.ShaderGraphLibrary.rsp2
[320/845    0s] WriteText Library/Bee/artifacts/1900b0aE.dag/Unity.VisualScripting.Shared.Editor.rsp2
[321/845    0s] WriteText Library/Bee/artifacts/1900b0aE.dag/Unity.RenderPipelines.Universal.2D.Editor.Overrides.UnityAdditionalFile.txt
[322/845    0s] WriteText Library/Bee/artifacts/1900b0aE.dag/Unity.VisualScripting.Shared.Editor.UnityAdditionalFile.txt
[323/845    0s] WriteText Library/Bee/artifacts/1900b0aE.dag/Unity.RenderPipelines.Universal.2D.Editor.Overrides.rsp2
[324/845    0s] WriteText Library/Bee/artifacts/1900b0aE.dag/Unity.RenderPipelines.Universal.Shaders.UnityAdditionalFile.txt
[325/845    0s] WriteText Library/Bee/artifacts/1900b0aE.dag/Unity.RenderPipelines.Universal.Shaders.rsp2
[326/845    0s] WriteText Library/Bee/artifacts/1900b0aE.dag/Unity.Rendering.LightTransport.Editor.UnityAdditionalFile.txt
[327/845    0s] WriteText Library/Bee/artifacts/1900b0aE.dag/Unity.VisualScripting.SettingsProvider.Editor.UnityAdditionalFile.txt
[328/845    0s] WriteText Library/Bee/artifacts/1900b0aE.dag/Unity.Rendering.LightTransport.Editor.rsp2
[329/845    0s] WriteText Library/Bee/artifacts/1900b0aE.dag/Unity.Timeline.Editor.rsp2
[330/845    0s] WriteText Library/Bee/artifacts/1900b0aE.dag/Unity.TextMeshPro.Editor.UnityAdditionalFile.txt
[331/845    0s] WriteText Library/Bee/artifacts/1900b0aE.dag/Unity.Timeline.Editor.UnityAdditionalFile.txt
[332/845    0s] WriteText Library/Bee/artifacts/1900b0aE.dag/Unity.TextMeshPro.Editor.rsp2
[333/845    0s] WriteText Library/Bee/artifacts/1900b0aE.dag/Unity.PlasticSCM.Editor.dll.mvfrm.rsp
[334/845    0s] WriteText Library/Bee/artifacts/1900b0aE.dag/Unity.PlasticSCM.Editor.rsp
[335/845    0s] WriteText Library/Bee/artifacts/1900b0aE.dag/Unity.Rider.Editor.dll.mvfrm.rsp
[336/845    0s] WriteText Library/Bee/artifacts/1900b0aE.dag/Unity.VisualStudio.Editor.dll.mvfrm.rsp
[337/845    0s] WriteText Library/Bee/artifacts/1900b0aE.dag/Palimpseste.Game.dll.mvfrm.rsp
[338/845    0s] WriteText Library/Bee/artifacts/1900b0aE.dag/UnityEditor.UI.Analytics.dll.mvfrm.rsp
[339/845    0s] WriteText Library/Bee/artifacts/1900b0aE.dag/Unity.RenderPipelines.Core.ShaderLibrary.dll.mvfrm.rsp
[340/845    0s] WriteText Library/Bee/artifacts/1900b0aE.dag/Unity.Collections.Editor.dll.mvfrm.rsp
[341/845    0s] WriteText Library/Bee/artifacts/1900b0aE.dag/Unity.TextMeshPro.Editor.dll.mvfrm.rsp
[342/845    0s] WriteText Library/Bee/artifacts/1900b0aE.dag/Unity.Rendering.LightTransport.Editor.dll.mvfrm.rsp
[343/845    0s] WriteText Library/Bee/artifacts/1900b0aE.dag/Unity.RenderPipelines.Universal.2D.Editor.Overrides.dll.mvfrm.rsp
[344/845    0s] WriteText Library/Bee/artifacts/1900b0aE.dag/Unity.RenderPipelines.Universal.Shaders.dll.mvfrm.rsp
[345/845    0s] WriteText Library/Bee/artifacts/1900b0aE.dag/Unity.VisualScripting.SettingsProvider.Editor.dll.mvfrm.rsp
[346/845    0s] WriteText Library/Bee/artifacts/1900b0aE.dag/Unity.InputSystem.ForUI.dll.mvfrm.rsp
[347/845    0s] WriteText Library/Bee/artifacts/1900b0aE.dag/Unity.AI.Navigation.Updater.dll.mvfrm.rsp
[348/845    0s] WriteText Library/Bee/artifacts/1900b0aE.dag/Unity.Timeline.Editor.dll.mvfrm.rsp
[349/845    0s] WriteText Library/Bee/artifacts/1900b0aE.dag/Unity.RenderPipelines.ShaderGraph.ShaderGraphLibrary.dll.mvfrm.rsp
[350/845    0s] WriteText Library/Bee/artifacts/1900b0aE.dag/Unity.VisualScripting.Shared.Editor.dll.mvfrm.rsp
[351/845    0s] WriteText Library/Bee/artifacts/1900b0aE.dag/Unity.Rider.Editor.rsp
[352/845    0s] WriteText Library/Bee/artifacts/1900b0aE.dag/Unity.VisualStudio.Editor.rsp
[353/845    0s] WriteText Library/Bee/artifacts/1900b0aE.dag/Palimpseste.Game.rsp
[354/845    0s] WriteText Library/Bee/artifacts/1900b0aE.dag/Unity.Timeline.Editor.rsp
[355/845    0s] WriteText Library/Bee/artifacts/1900b0aE.dag/Unity.InputSystem.ForUI.rsp
[356/845    0s] WriteText Library/Bee/artifacts/1900b0aE.dag/Unity.RenderPipelines.Universal.2D.Editor.Overrides.rsp
[357/845    0s] WriteText Library/Bee/artifacts/1900b0aE.dag/Unity.AI.Navigation.Updater.rsp
[358/845    0s] WriteText Library/Bee/artifacts/1900b0aE.dag/Unity.TextMeshPro.Editor.rsp
[359/845    0s] WriteText Library/Bee/artifacts/1900b0aE.dag/Unity.RenderPipelines.Universal.Shaders.rsp
[360/845    0s] WriteText Library/Bee/artifacts/1900b0aE.dag/Unity.Collections.Editor.rsp
[361/845    0s] WriteText Library/Bee/artifacts/1900b0aE.dag/Unity.RenderPipelines.Core.ShaderLibrary.rsp
[362/845    0s] WriteText Library/Bee/artifacts/1900b0aE.dag/Unity.Rendering.LightTransport.Editor.rsp
[363/845    0s] WriteText Library/Bee/artifacts/1900b0aE.dag/UnityEditor.UI.Analytics.rsp
[364/845    0s] WriteText Library/Bee/artifacts/1900b0aE.dag/Unity.VisualScripting.Shared.Editor.rsp
[365/845    0s] WriteText Library/Bee/artifacts/1900b0aE.dag/Unity.RenderPipelines.ShaderGraph.ShaderGraphLibrary.rsp
[366/845    0s] WriteText Library/Bee/artifacts/1900b0aE.dag/Unity.VisualScripting.SettingsProvider.Editor.rsp
[367/845    0s] WriteText Library/Bee/artifacts/1900b0aE.dag/PPv2URPConverters.UnityAdditionalFile.txt
[368/845    0s] WriteText Library/Bee/artifacts/1900b0aE.dag/PPv2URPConverters.rsp2
[369/845    0s] WriteText Library/Bee/artifacts/1900b0aE.dag/Palimpseste.Game.Editor.UnityAdditionalFile.txt
[370/845    0s] WriteText Library/Bee/artifacts/1900b0aE.dag/Palimpseste.Game.Editor.rsp2
[371/845    0s] WriteText Library/Bee/artifacts/1900b0aE.dag/Unity.PerformanceTesting.UnityAdditionalFile.txt
[372/845    0s] WriteText Library/Bee/artifacts/1900b0aE.dag/Unity.PerformanceTesting.rsp2
[373/845    0s] WriteText Library/Bee/artifacts/1900b0aE.dag/Unity.PerformanceTesting.dll.mvfrm.rsp
[374/845    0s] WriteText Library/Bee/artifacts/1900b0aE.dag/PPv2URPConverters.dll.mvfrm.rsp
[375/845    0s] WriteText Library/Bee/artifacts/1900b0aE.dag/Palimpseste.Game.Editor.dll.mvfrm.rsp
[376/845    0s] WriteText Library/Bee/artifacts/1900b0aE.dag/Unity.PerformanceTesting.rsp
[377/845    0s] WriteText Library/Bee/artifacts/1900b0aE.dag/PPv2URPConverters.rsp
[378/845    0s] WriteText Library/Bee/artifacts/1900b0aE.dag/Palimpseste.Game.Editor.rsp
[379/845    0s] WriteText Library/Bee/artifacts/1900b0aE.dag/Assembly-CSharp.UnityAdditionalFile.txt
[380/845    0s] WriteText Library/Bee/artifacts/1900b0aE.dag/Assembly-CSharp.rsp2
[381/845    0s] WriteText Library/Bee/artifacts/1900b0aE.dag/Assembly-CSharp.dll.mvfrm.rsp
[382/845    0s] WriteText Library/Bee/artifacts/1900b0aE.dag/Assembly-CSharp.rsp
[383/845    0s] WriteText Library/Bee/artifacts/1900b0aE.dag/Unity.InputSystem.TestFramework.dll.mvfrm.rsp
[384/845    0s] WriteText Library/Bee/artifacts/1900b0aE.dag/Unity.InputSystem.DocCodeSamples.dll.mvfrm.rsp
[385/845    0s] WriteText Library/Bee/artifacts/1900b0aE.dag/Unity.CollabProxy.Editor.dll.mvfrm.rsp
[386/845    0s] WriteText Library/Bee/artifacts/1900b0aE.dag/Unity.InputSystem.TestFramework.UnityAdditionalFile.txt
[387/845    0s] WriteText Library/Bee/artifacts/1900b0aE.dag/Unity.InputSystem.TestFramework.rsp2
[388/845    0s] WriteText Library/Bee/artifacts/1900b0aE.dag/Assembly-CSharp-Editor.dll.mvfrm.rsp
[389/845    0s] WriteText Library/Bee/artifacts/1900b0aE.dag/Unity.PerformanceTesting.Editor.dll.mvfrm.rsp
[390/845    0s] WriteText Library/Bee/artifacts/1900b0aE.dag/Assembly-CSharp-Editor.rsp2
[391/845    0s] WriteText Library/Bee/artifacts/1900b0aE.dag/Unity.InputSystem.DocCodeSamples.UnityAdditionalFile.txt
[392/845    0s] WriteText Library/Bee/artifacts/1900b0aE.dag/Assembly-CSharp-Editor.UnityAdditionalFile.txt
[393/845    0s] WriteText Library/Bee/artifacts/1900b0aE.dag/Unity.CollabProxy.Editor.UnityAdditionalFile.txt
[394/845    0s] WriteText Library/Bee/artifacts/1900b0aE.dag/Unity.CollabProxy.Editor.rsp2
[395/845    0s] WriteText Library/Bee/artifacts/1900b0aE.dag/Unity.InputSystem.DocCodeSamples.rsp2
[396/845    0s] WriteText Library/Bee/artifacts/1900b0aE.dag/Unity.InputSystem.TestFramework.rsp
[397/845    0s] WriteText Library/Bee/artifacts/1900b0aE.dag/Unity.PerformanceTesting.Editor.UnityAdditionalFile.txt
[398/845    0s] WriteText Library/Bee/artifacts/1900b0aE.dag/Unity.PerformanceTesting.Editor.rsp2
[399/845    0s] WriteText Library/Bee/artifacts/1900b0aE.dag/Assembly-CSharp-Editor.rsp
[400/845    0s] WriteText Library/Bee/artifacts/1900b0aE.dag/Unity.CollabProxy.Editor.rsp
[401/845    0s] WriteText Library/Bee/artifacts/1900b0aE.dag/Unity.InputSystem.DocCodeSamples.rsp
[402/845    0s] WriteText Library/Bee/artifacts/1900b0aE.dag/Unity.PerformanceTesting.Editor.rsp
[403/845    0s] WriteResponseFile Library/Bee/artifacts/rsp/13686715218353603589.rsp
[404/845    0s] WriteResponseFile Library/Bee/artifacts/rsp/4691676790321305727.rsp
[405/845    0s] WriteResponseFile Library/Bee/artifacts/rsp/10397561839769426034.rsp
[406/845    0s] WriteResponseFile Library/Bee/artifacts/rsp/15085861467720516389.rsp
[407/845    0s] WriteResponseFile Library/Bee/artifacts/rsp/8899139255040401798.rsp
[408/845    0s] WriteResponseFile Library/Bee/artifacts/rsp/18218310762646611085.rsp
[409/845    0s] WriteResponseFile Library/Bee/artifacts/rsp/5803490648119114145.rsp
[410/845    0s] WriteResponseFile Library/Bee/artifacts/rsp/10411718816959651794.rsp
[411/845    0s] WriteResponseFile Library/Bee/artifacts/rsp/1418726328684876121.rsp
[412/845    0s] WriteResponseFile Library/Bee/artifacts/rsp/17346584914308636752.rsp
[413/845    0s] MovedFromExtractor Library/Bee/artifacts/mvdfrm/UnityEngine.TerrainPhysicsModule.dll_F9B149F3B339D154.mvfrm
[414/845    0s] WriteResponseFile Library/Bee/artifacts/rsp/7606483801609891643.rsp
[415/845    0s] WriteResponseFile Library/Bee/artifacts/rsp/5249134988916615986.rsp
[416/845    0s] WriteResponseFile Library/Bee/artifacts/rsp/14832617886295879631.rsp
[417/845    0s] WriteResponseFile Library/Bee/artifacts/rsp/5916180605834378387.rsp
[418/845    0s] WriteResponseFile Library/Bee/artifacts/rsp/2157608619508796868.rsp
[419/845    0s] WriteResponseFile Library/Bee/artifacts/rsp/17525389461119239690.rsp
[420/845    0s] WriteResponseFile Library/Bee/artifacts/rsp/10678863128556690338.rsp
[421/845    0s] WriteResponseFile Library/Bee/artifacts/rsp/10010842633742469623.rsp
[422/845    0s] WriteResponseFile Library/Bee/artifacts/rsp/9870516708743257357.rsp
[423/845    0s] WriteResponseFile Library/Bee/artifacts/rsp/13909235412005675431.rsp
[424/845    0s] WriteResponseFile Library/Bee/artifacts/rsp/2897256077774953845.rsp
[425/845    0s] WriteResponseFile Library/Bee/artifacts/rsp/12535530677489113233.rsp
[426/845    0s] WriteResponseFile Library/Bee/artifacts/rsp/11294775302662683298.rsp
[427/845    0s] WriteResponseFile Library/Bee/artifacts/rsp/3064155424177982801.rsp
[428/845    0s] WriteResponseFile Library/Bee/artifacts/rsp/5037982334172323308.rsp
[429/845    0s] WriteResponseFile Library/Bee/artifacts/rsp/5546506141355401238.rsp
[430/845    0s] WriteResponseFile Library/Bee/artifacts/rsp/10571807241835812913.rsp
[431/845    0s] WriteResponseFile Library/Bee/artifacts/rsp/4014436084419441659.rsp
[432/845    0s] WriteResponseFile Library/Bee/artifacts/rsp/14566447020836459352.rsp
[433/845    0s] WriteResponseFile Library/Bee/artifacts/rsp/12812556936427222528.rsp
[434/845    0s] WriteResponseFile Library/Bee/artifacts/rsp/17296387151066238333.rsp
[435/845    0s] WriteResponseFile Library/Bee/artifacts/rsp/3938377011463375229.rsp
[436/845    0s] WriteResponseFile Library/Bee/artifacts/rsp/10292501669419677951.rsp
[437/845    0s] WriteResponseFile Library/Bee/artifacts/rsp/11820488456832421373.rsp
[438/845    0s] WriteResponseFile Library/Bee/artifacts/rsp/16285879237017002407.rsp
[439/845    0s] WriteResponseFile Library/Bee/artifacts/rsp/9111662996337956171.rsp
[440/845    0s] WriteResponseFile Library/Bee/artifacts/rsp/8863518860715653438.rsp
[441/845    0s] WriteResponseFile Library/Bee/artifacts/rsp/15312589170787849123.rsp
[442/845    0s] WriteResponseFile Library/Bee/artifacts/rsp/2781082588993088484.rsp
[443/845    0s] WriteResponseFile Library/Bee/artifacts/rsp/1488387367365330867.rsp
[444/845    0s] WriteResponseFile Library/Bee/artifacts/rsp/15394042617203071315.rsp
[445/845    0s] WriteResponseFile Library/Bee/artifacts/rsp/6841316898876630997.rsp
[446/845    0s] WriteResponseFile Library/Bee/artifacts/rsp/9675442845102135732.rsp
[447/845    0s] WriteResponseFile Library/Bee/artifacts/rsp/14814235663552238418.rsp
[448/845    0s] WriteResponseFile Library/Bee/artifacts/rsp/9703144790800738880.rsp
[449/845    0s] WriteResponseFile Library/Bee/artifacts/rsp/1237274906319909237.rsp
[450/845    0s] WriteResponseFile Library/Bee/artifacts/rsp/1723042715960067801.rsp
[451/845    0s] WriteResponseFile Library/Bee/artifacts/rsp/7759033573704817190.rsp
[452/845    0s] WriteResponseFile Library/Bee/artifacts/rsp/2240406767038398906.rsp
[453/845    0s] WriteResponseFile Library/Bee/artifacts/rsp/12900333509587573630.rsp
[454/845    0s] WriteResponseFile Library/Bee/artifacts/rsp/15183149355271759364.rsp
[455/845    0s] WriteResponseFile Library/Bee/artifacts/rsp/14402696373757716438.rsp
[456/845    0s] WriteResponseFile Library/Bee/artifacts/rsp/2400031028012695012.rsp
[457/845    0s] WriteResponseFile Library/Bee/artifacts/rsp/4772145154433932943.rsp
[458/845    0s] WriteResponseFile Library/Bee/artifacts/rsp/6262281476893245489.rsp
[459/845    0s] WriteResponseFile Library/Bee/artifacts/rsp/12248871281822510316.rsp
[460/845    0s] WriteResponseFile Library/Bee/artifacts/rsp/6947401630772442630.rsp
[461/845    0s] WriteResponseFile Library/Bee/artifacts/rsp/12908112264591212852.rsp
[462/845    0s] WriteResponseFile Library/Bee/artifacts/rsp/3388064732626934676.rsp
[463/845    0s] MovedFromExtractor Library/Bee/artifacts/mvdfrm/UnityEngine.AMDModule.dll_7C3F485DBA672F3A.mvfrm
[464/845    0s] MovedFromExtractor Library/Bee/artifacts/mvdfrm/UnityEngine.AccessibilityModule.dll_CE2A2D990B0CA210.mvfrm
[465/845    0s] MovedFromExtractor Library/Bee/artifacts/mvdfrm/Unity.Burst.Unsafe.dll_367F88A078579676.mvfrm
[466/845    0s] MovedFromExtractor Library/Bee/artifacts/mvdfrm/UnityEngine.AssetBundleModule.dll_32A7C4B5BD74E6A4.mvfrm
[467/845    0s] MovedFromExtractor Library/Bee/artifacts/mvdfrm/UnityEngine.AdaptivePerformanceModule.dll_69ED426940E126DC.mvfrm
[468/845    0s] MovedFromExtractor Library/Bee/artifacts/mvdfrm/UnityEngine.AndroidJNIModule.dll_F047253E1A260C28.mvfrm
[469/845    0s] MovedFromExtractor Library/Bee/artifacts/mvdfrm/Unity.Burst.Cecil.Pdb.dll_8728889FC6422D0D.mvfrm
[470/845    0s] MovedFromExtractor Library/Bee/artifacts/mvdfrm/Unity.Burst.Cecil.dll_D730C687224B8D0D.mvfrm
[471/845    0s] MovedFromExtractor Library/Bee/artifacts/mvdfrm/Unity.CompilationPipeline.Common.dll_78ECCA7858A07FC4.mvfrm
[472/845    0s] MovedFromExtractor Library/Bee/artifacts/mvdfrm/Unity.Burst.Cecil.Mdb.dll_6FD61030478D2B8A.mvfrm
[473/845    0s] MovedFromExtractor-Combine Library/Bee/artifacts/1900b0aE.dag/Palimpseste.Contracts.dll.mvfrm
[474/845    0s] MovedFromExtractor Library/Bee/artifacts/mvdfrm/Unity.Burst.Cecil.Rocks.dll_B7B051B9044B80CD.mvfrm
[475/845    1s] Csc Library/Bee/artifacts/1900b0aE.dag/Palimpseste.Contracts.dll (+2 others)
E:\Palimpseste\Palimpseste_Unity_Dossier_Luna_Codex\Palimpseste_Unity_Dossier\shared\Palimpseste.Contracts\SpellContracts.cs(166,16): warning CS0436: The type 'SpellVersions' in 'E:/Palimpseste/Palimpseste_Unity_Dossier_Luna_Codex/Palimpseste_Unity_Dossier/shared/Palimpseste.Contracts/SpellContracts.cs' conflicts with the imported type 'SpellVersions' in 'Palimpseste.Contracts, Version=1.0.0.0, Culture=neutral, PublicKeyToken=null'. Using the type defined in 'E:/Palimpseste/Palimpseste_Unity_Dossier_Luna_Codex/Palimpseste_Unity_Dossier/shared/Palimpseste.Contracts/SpellContracts.cs'.

E:\Palimpseste\Palimpseste_Unity_Dossier_Luna_Codex\Palimpseste_Unity_Dossier\shared\Palimpseste.Contracts\SpellContracts.cs(63,21): warning CS0436: The type 'SpellNode' in 'E:/Palimpseste/Palimpseste_Unity_Dossier_Luna_Codex/Palimpseste_Unity_Dossier/shared/Palimpseste.Contracts/SpellContracts.cs' conflicts with the imported type 'SpellNode' in 'Palimpseste.Contracts, Version=1.0.0.0, Culture=neutral, PublicKeyToken=null'. Using the type defined in 'E:/Palimpseste/Palimpseste_Unity_Dossier_Luna_Codex/Palimpseste_Unity_Dossier/shared/Palimpseste.Contracts/SpellContracts.cs'.

E:\Palimpseste\Palimpseste_Unity_Dossier_Luna_Codex\Palimpseste_Unity_Dossier\shared\Palimpseste.Contracts\SpellContracts.cs(11,21): warning CS0436: The type 'SpellObservation' in 'E:/Palimpseste/Palimpseste_Unity_Dossier_Luna_Codex/Palimpseste_Unity_Dossier/shared/Palimpseste.Contracts/SpellContracts.cs' conflicts with the imported type 'SpellObservation' in 'Palimpseste.Contracts, Version=1.0.0.0, Culture=neutral, PublicKeyToken=null'. Using the type defined in 'E:/Palimpseste/Palimpseste_Unity_Dossier_Luna_Codex/Palimpseste_Unity_Dossier/shared/Palimpseste.Contracts/SpellContracts.cs'.

E:\Palimpseste\Palimpseste_Unity_Dossier_Luna_Codex\Palimpseste_Unity_Dossier\shared\Palimpseste.Contracts\SpellContracts.cs(147,21): warning CS0436: The type 'GeometryPoint' in 'E:/Palimpseste/Palimpseste_Unity_Dossier_Luna_Codex/Palimpseste_Unity_Dossier/shared/Palimpseste.Contracts/SpellContracts.cs' conflicts with the imported type 'GeometryPoint' in 'Palimpseste.Contracts, Version=1.0.0.0, Culture=neutral, PublicKeyToken=null'. Using the type defined in 'E:/Palimpseste/Palimpseste_Unity_Dossier_Luna_Codex/Palimpseste_Unity_Dossier/shared/Palimpseste.Contracts/SpellContracts.cs'.

E:\Palimpseste\Palimpseste_Unity_Dossier_Luna_Codex\Palimpseste_Unity_Dossier\shared\Palimpseste.Contracts\SpellContracts.cs(167,16): warning CS0436: The type 'SpellProvenance' in 'E:/Palimpseste/Palimpseste_Unity_Dossier_Luna_Codex/Palimpseste_Unity_Dossier/shared/Palimpseste.Contracts/SpellContracts.cs' conflicts with the imported type 'SpellProvenance' in 'Palimpseste.Contracts, Version=1.0.0.0, Culture=neutral, PublicKeyToken=null'. Using the type defined in 'E:/Palimpseste/Palimpseste_Unity_Dossier_Luna_Codex/Palimpseste_Unity_Dossier/shared/Palimpseste.Contracts/SpellContracts.cs'.

E:\Palimpseste\Palimpseste_Unity_Dossier_Luna_Codex\Palimpseste_Unity_Dossier\shared\Palimpseste.Contracts\SpellContracts.cs(170,16): warning CS0436: The type 'SpellPlan' in 'E:/Palimpseste/Palimpseste_Unity_Dossier_Luna_Codex/Palimpseste_Unity_Dossier/shared/Palimpseste.Contracts/SpellContracts.cs' conflicts with the imported type 'SpellPlan' in 'Palimpseste.Contracts, Version=1.0.0.0, Culture=neutral, PublicKeyToken=null'. Using the type defined in 'E:/Palimpseste/Palimpseste_Unity_Dossier_Luna_Codex/Palimpseste_Unity_Dossier/shared/Palimpseste.Contracts/SpellContracts.cs'.

E:\Palimpseste\Palimpseste_Unity_Dossier_Luna_Codex\Palimpseste_Unity_Dossier\shared\Palimpseste.Contracts\SpellContracts.cs(171,21): warning CS0436: The type 'GeometryManifestEntry' in 'E:/Palimpseste/Palimpseste_Unity_Dossier_Luna_Codex/Palimpseste_Unity_Dossier/shared/Palimpseste.Contracts/SpellContracts.cs' conflicts with the imported type 'GeometryManifestEntry' in 'Palimpseste.Contracts, Version=1.0.0.0, Culture=neutral, PublicKeyToken=null'. Using the type defined in 'E:/Palimpseste/Palimpseste_Unity_Dossier_Luna_Codex/Palimpseste_Unity_Dossier/shared/Palimpseste.Contracts/SpellContracts.cs'.

E:\Palimpseste\Palimpseste_Unity_Dossier_Luna_Codex\Palimpseste_Unity_Dossier\shared\Palimpseste.Contracts\SpellContracts.cs(72,16): warning CS0436: The type 'SpellActivation' in 'E:/Palimpseste/Palimpseste_Unity_Dossier_Luna_Codex/Palimpseste_Unity_Dossier/shared/Palimpseste.Contracts/SpellContracts.cs' conflicts with the imported type 'SpellActivation' in 'Palimpseste.Contracts, Version=1.0.0.0, Culture=neutral, PublicKeyToken=null'. Using the type defined in 'E:/Palimpseste/Palimpseste_Unity_Dossier_Luna_Codex/Palimpseste_Unity_Dossier/shared/Palimpseste.Contracts/SpellContracts.cs'.

E:\Palimpseste\Palimpseste_Unity_Dossier_Luna_Codex\Palimpseste_Unity_Dossier\shared\Palimpseste.Contracts\SpellContracts.cs(172,21): warning CS0436: The type 'BinaryAssetEntry' in 'E:/Palimpseste/Palimpseste_Unity_Dossier_Luna_Codex/Palimpseste_Unity_Dossier/shared/Palimpseste.Contracts/SpellContracts.cs' conflicts with the imported type 'BinaryAssetEntry' in 'Palimpseste.Contracts, Version=1.0.0.0, Culture=neutral, PublicKeyToken=null'. Using the type defined in 'E:/Palimpseste/Palimpseste_Unity_Dossier_Luna_Codex/Palimpseste_Unity_Dossier/shared/Palimpseste.Contracts/SpellContracts.cs'.

E:\Palimpseste\Palimpseste_Unity_Dossier_Luna_Codex\Palimpseste_Unity_Dossier\shared\Palimpseste.Contracts\SpellContracts.cs(12,21): warning CS0436: The type 'SpellClause' in 'E:/Palimpseste/Palimpseste_Unity_Dossier_Luna_Codex/Palimpseste_Unity_Dossier/shared/Palimpseste.Contracts/SpellContracts.cs' conflicts with the imported type 'SpellClause' in 'Palimpseste.Contracts, Version=1.0.0.0, Culture=neutral, PublicKeyToken=null'. Using the type defined in 'E:/Palimpseste/Palimpseste_Unity_Dossier_Luna_Codex/Palimpseste_Unity_Dossier/shared/Palimpseste.Contracts/SpellContracts.cs'.

E:\Palimpseste\Palimpseste_Unity_Dossier_Luna_Codex\Palimpseste_Unity_Dossier\shared\Palimpseste.Contracts\SpellContracts.cs(173,16): warning CS0436: The type 'ResourceBounds' in 'E:/Palimpseste/Palimpseste_Unity_Dossier_Luna_Codex/Palimpseste_Unity_Dossier/shared/Palimpseste.Contracts/SpellContracts.cs' conflicts with the imported type 'ResourceBounds' in 'Palimpseste.Contracts, Version=1.0.0.0, Culture=neutral, PublicKeyToken=null'. Using the type defined in 'E:/Palimpseste/Palimpseste_Unity_Dossier_Luna_Codex/Palimpseste_Unity_Dossier/shared/Palimpseste.Contracts/SpellContracts.cs'.

E:\Palimpseste\Palimpseste_Unity_Dossier_Luna_Codex\Palimpseste_Unity_Dossier\shared\Palimpseste.Contracts\SpellContracts.cs(77,16): warning CS0436: The type 'SpellAppearance' in 'E:/Palimpseste/Palimpseste_Unity_Dossier_Luna_Codex/Palimpseste_Unity_Dossier/shared/Palimpseste.Contracts/SpellContracts.cs' conflicts with the imported type 'SpellAppearance' in 'Palimpseste.Contracts, Version=1.0.0.0, Culture=neutral, PublicKeyToken=null'. Using the type defined in 'E:/Palimpseste/Palimpseste_Unity_Dossier_Luna_Codex/Palimpseste_Unity_Dossier/shared/Palimpseste.Contracts/SpellContracts.cs'.

E:\Palimpseste\Palimpseste_Unity_Dossier_Luna_Codex\Palimpseste_Unity_Dossier\shared\Palimpseste.Contracts\SpellContracts.cs(32,21): warning CS0436: The type 'SpellFact' in 'E:/Palimpseste/Palimpseste_Unity_Dossier_Luna_Codex/Palimpseste_Unity_Dossier/shared/Palimpseste.Contracts/SpellContracts.cs' conflicts with the imported type 'SpellFact' in 'Palimpseste.Contracts, Version=1.0.0.0, Culture=neutral, PublicKeyToken=null'. Using the type defined in 'E:/Palimpseste/Palimpseste_Unity_Dossier_Luna_Codex/Palimpseste_Unity_Dossier/shared/Palimpseste.Contracts/SpellContracts.cs'.

E:\Palimpseste\Palimpseste_Unity_Dossier_Luna_Codex\Palimpseste_Unity_Dossier\shared\Palimpseste.Contracts\SpellContracts.cs(13,21): warning CS0436: The type 'SpellRelation' in 'E:/Palimpseste/Palimpseste_Unity_Dossier_Luna_Codex/Palimpseste_Unity_Dossier/shared/Palimpseste.Contracts/SpellContracts.cs' conflicts with the imported type 'SpellRelation' in 'Palimpseste.Contracts, Version=1.0.0.0, Culture=neutral, PublicKeyToken=null'. Using the type defined in 'E:/Palimpseste/Palimpseste_Unity_Dossier_Luna_Codex/Palimpseste_Unity_Dossier/shared/Palimpseste.Contracts/SpellContracts.cs'.

E:\Palimpseste\Palimpseste_Unity_Dossier_Luna_Codex\Palimpseste_Unity_Dossier\shared\Palimpseste.Contracts\SpellContracts.cs(174,16): warning CS0436: The type 'SpellDisplay' in 'E:/Palimpseste/Palimpseste_Unity_Dossier_Luna_Codex/Palimpseste_Unity_Dossier/shared/Palimpseste.Contracts/SpellContracts.cs' conflicts with the imported type 'SpellDisplay' in 'Palimpseste.Contracts, Version=1.0.0.0, Culture=neutral, PublicKeyToken=null'. Using the type defined in 'E:/Palimpseste/Palimpseste_Unity_Dossier_Luna_Codex/Palimpseste_Unity_Dossier/shared/Palimpseste.Contracts/SpellContracts.cs'.

E:\Palimpseste\Palimpseste_Unity_Dossier_Luna_Codex\Palimpseste_Unity_Dossier\shared\Palimpseste.Contracts\SpellContracts.cs(78,21): warning CS0436: The type 'SpellEffect' in 'E:/Palimpseste/Palimpseste_Unity_Dossier_Luna_Codex/Palimpseste_Unity_Dossier/shared/Palimpseste.Contracts/SpellContracts.cs' conflicts with the imported type 'SpellEffect' in 'Palimpseste.Contracts, Version=1.0.0.0, Culture=neutral, PublicKeyToken=null'. Using the type defined in 'E:/Palimpseste/Palimpseste_Unity_Dossier_Luna_Codex/Palimpseste_Unity_Dossier/shared/Palimpseste.Contracts/SpellContracts.cs'.

E:\Palimpseste\Palimpseste_Unity_Dossier_Luna_Codex\Palimpseste_Unity_Dossier\shared\Palimpseste.Contracts\SpellContracts.cs(14,21): warning CS0436: The type 'ShapeRequest' in 'E:/Palimpseste/Palimpseste_Unity_Dossier_Luna_Codex/Palimpseste_Unity_Dossier/shared/Palimpseste.Contracts/SpellContracts.cs' conflicts with the imported type 'ShapeRequest' in 'Palimpseste.Contracts, Version=1.0.0.0, Culture=neutral, PublicKeyToken=null'. Using the type defined in 'E:/Palimpseste/Palimpseste_Unity_Dossier_Luna_Codex/Palimpseste_Unity_Dossier/shared/Palimpseste.Contracts/SpellContracts.cs'.

E:\Palimpseste\Palimpseste_Unity_Dossier_Luna_Codex\Palimpseste_Unity_Dossier\shared\Palimpseste.Contracts\SpellContracts.cs(79,16): warning CS0436: The type 'SpellOptions' in 'E:/Palimpseste/Palimpseste_Unity_Dossier_Luna_Codex/Palimpseste_Unity_Dossier/shared/Palimpseste.Contracts/SpellContracts.cs' conflicts with the imported type 'SpellOptions' in 'Palimpseste.Contracts, Version=1.0.0.0, Culture=neutral, PublicKeyToken=null'. Using the type defined in 'E:/Palimpseste/Palimpseste_Unity_Dossier_Luna_Codex/Palimpseste_Unity_Dossier/shared/Palimpseste.Contracts/SpellContracts.cs'.
[           0s] Csc Library/Bee/artifacts/1900b0aE.dag/Palimpseste.Contracts.dll (+2 others) [CacheWrite 00000000000000000000000000000005]
[476/845    1s] Csc Library/Bee/artifacts/1900b0aE.dag/UnityEngine.TestRunner.dll (+2 others)
[           0s] Csc Library/Bee/artifacts/1900b0aE.dag/UnityEngine.TestRunner.dll (+2 others) [CacheWrite 00000000000000000000000000000005]
[477/845    0s] CopyFiles Library/ScriptAssemblies/UnityEngine.TestRunner.pdb
[478/845    0s] CopyFiles Library/ScriptAssemblies/UnityEngine.TestRunner.dll
[479/845    2s] Csc Library/Bee/artifacts/1900b0aE.dag/UnityEngine.UI.dll (+2 others)
[           0s] Csc Library/Bee/artifacts/1900b0aE.dag/UnityEngine.UI.dll (+2 others) [CacheWrite 00000000000000000000000000000005]
[480/845    0s] MovedFromExtractor Library/Bee/artifacts/mvdfrm/UnityEngine.TestRunner.ref.dll_E55D0F7C63F01D9E.mvfrm
[481/845    0s] MovedFromExtractor Library/Bee/artifacts/mvdfrm/UnityEngine.UI.ref.dll_08FEAA520A2EFD60.mvfrm
[482/845    0s] MovedFromExtractor-Combine Library/Bee/artifacts/1900b0aE.dag/UnityEditor.TestRunner.dll.mvfrm
[483/845    0s] Csc Library/Bee/artifacts/1900b0aE.dag/UnityEditor.TestRunner.dll (+2 others)
[           0s] Csc Library/Bee/artifacts/1900b0aE.dag/UnityEditor.TestRunner.dll (+2 others) [CacheWrite 00000000000000000000000000000005]
[484/845    0s] CopyFiles Library/ScriptAssemblies/UnityEditor.TestRunner.pdb
[485/845    0s] CopyFiles Library/ScriptAssemblies/UnityEditor.TestRunner.dll
[486/845    0s] MovedFromExtractor Library/Bee/artifacts/mvdfrm/UnityEditor.TestRunner.ref.dll_193EC4CE382CBFB3.mvfrm
[487/845    0s] MovedFromExtractor-Combine Library/Bee/artifacts/1900b0aE.dag/UnityEditor.UI.dll.mvfrm
[488/845    0s] Csc Library/Bee/artifacts/1900b0aE.dag/UnityEditor.UI.dll (+2 others)
[           0s] Csc Library/Bee/artifacts/1900b0aE.dag/UnityEditor.UI.dll (+2 others) [CacheWrite 00000000000000000000000000000005]
[489/845    0s] MovedFromExtractor Library/Bee/artifacts/mvdfrm/UnityEditor.UI.ref.dll_4C98D3F7040CD4F5.mvfrm
[490/845    0s] MovedFromExtractor-Combine Library/Bee/artifacts/1900b0aE.dag/Palimpseste.Game.dll.mvfrm
[491/845    0s] MovedFromExtractor-Combine Library/Bee/artifacts/1900b0aE.dag/Unity.AI.Navigation.Editor.ConversionSystem.dll.mvfrm
[492/845    0s] MovedFromExtractor-Combine Library/Bee/artifacts/1900b0aE.dag/Unity.InputSystem.dll.mvfrm
[493/845    0s] MovedFromExtractor-Combine Library/Bee/artifacts/1900b0aE.dag/Unity.InternalAPIEngineBridge.004.dll.mvfrm
[494/845    0s] MovedFromExtractor-Combine Library/Bee/artifacts/1900b0aE.dag/Unity.Rider.Editor.dll.mvfrm
[495/845    0s] MovedFromExtractor-Combine Library/Bee/artifacts/1900b0aE.dag/Unity.VisualStudio.Editor.dll.mvfrm
[496/845    0s] MovedFromExtractor-Combine Library/Bee/artifacts/1900b0aE.dag/Unity.Timeline.dll.mvfrm
[497/845    0s] MovedFromExtractor-Combine Library/Bee/artifacts/1900b0aE.dag/Unity.AI.Navigation.dll.mvfrm
[498/845    0s] MovedFromExtractor-Combine Library/Bee/artifacts/1900b0aE.dag/Unity.Burst.dll.mvfrm
[499/845    0s] MovedFromExtractor-Combine Library/Bee/artifacts/1900b0aE.dag/Unity.ShaderGraph.Utilities.dll.mvfrm
[500/845    0s] MovedFromExtractor-Combine Library/Bee/artifacts/1900b0aE.dag/Unity.Rendering.LightTransport.Editor.dll.mvfrm
[501/845    0s] MovedFromExtractor-Combine Library/Bee/artifacts/1900b0aE.dag/Unity.Mathematics.dll.mvfrm
[502/845    0s] MovedFromExtractor-Combine Library/Bee/artifacts/1900b0aE.dag/Unity.Searcher.Editor.dll.mvfrm
[503/845    0s] MovedFromExtractor-Combine Library/Bee/artifacts/1900b0aE.dag/Unity.RenderPipelines.Universal.Shaders.dll.mvfrm
[504/845    0s] MovedFromExtractor-Combine Library/Bee/artifacts/1900b0aE.dag/Unity.RenderPipelines.Core.ShaderLibrary.dll.mvfrm
[505/845    0s] MovedFromExtractor-Combine Library/Bee/artifacts/1900b0aE.dag/Unity.PlasticSCM.Editor.dll.mvfrm
[506/845    0s] MovedFromExtractor-Combine Library/Bee/artifacts/1900b0aE.dag/Unity.RenderPipelines.ShaderGraph.ShaderGraphLibrary.dll.mvfrm
[507/845    0s] Csc Library/Bee/artifacts/1900b0aE.dag/Unity.InternalAPIEngineBridge.004.dll (+2 others)
[508/845    0s] Csc Library/Bee/artifacts/1900b0aE.dag/Unity.ShaderGraph.Utilities.dll (+2 others)
[509/845    0s] Csc Library/Bee/artifacts/1900b0aE.dag/Unity.Rider.Editor.dll (+2 others)
[510/845    0s] Csc Library/Bee/artifacts/1900b0aE.dag/Unity.AI.Navigation.Editor.ConversionSystem.dll (+2 others)
[511/845    0s] Csc Library/Bee/artifacts/1900b0aE.dag/Unity.Timeline.dll (+2 others)
[512/845    0s] Csc Library/Bee/artifacts/1900b0aE.dag/Unity.RenderPipelines.Universal.Shaders.dll (+2 others)
[513/845    0s] Csc Library/Bee/artifacts/1900b0aE.dag/Unity.RenderPipelines.Core.ShaderLibrary.dll (+2 others)
[514/845    0s] Csc Library/Bee/artifacts/1900b0aE.dag/Unity.Searcher.Editor.dll (+2 others)
[515/845    0s] Csc Library/Bee/artifacts/1900b0aE.dag/Unity.AI.Navigation.dll (+2 others)
[516/845    0s] Csc Library/Bee/artifacts/1900b0aE.dag/Unity.VisualStudio.Editor.dll (+2 others)
[           0s] Csc Library/Bee/artifacts/1900b0aE.dag/Unity.Rider.Editor.dll (+2 others) [CacheWrite 00000000000000000000000000000005]
[           0s] Csc Library/Bee/artifacts/1900b0aE.dag/Unity.InternalAPIEngineBridge.004.dll (+2 others) [CacheWrite 00000000000000000000000000000005]
[           0s] Csc Library/Bee/artifacts/1900b0aE.dag/Unity.ShaderGraph.Utilities.dll (+2 others) [CacheWrite 00000000000000000000000000000005]
[           0s] Csc Library/Bee/artifacts/1900b0aE.dag/Unity.Searcher.Editor.dll (+2 others) [CacheWrite 00000000000000000000000000000005]
[           0s] Csc Library/Bee/artifacts/1900b0aE.dag/Unity.RenderPipelines.Universal.Shaders.dll (+2 others) [CacheWrite 00000000000000000000000000000005]
[           0s] Csc Library/Bee/artifacts/1900b0aE.dag/Unity.Timeline.dll (+2 others) [CacheWrite 00000000000000000000000000000005]
[           0s] Csc Library/Bee/artifacts/1900b0aE.dag/Unity.RenderPipelines.Core.ShaderLibrary.dll (+2 others) [CacheWrite 00000000000000000000000000000005]
[           0s] Csc Library/Bee/artifacts/1900b0aE.dag/Unity.AI.Navigation.Editor.ConversionSystem.dll (+2 others) [CacheWrite 00000000000000000000000000000005]
[           0s] Csc Library/Bee/artifacts/1900b0aE.dag/Unity.AI.Navigation.dll (+2 others) [CacheWrite 00000000000000000000000000000005]
[           0s] Csc Library/Bee/artifacts/1900b0aE.dag/Unity.VisualStudio.Editor.dll (+2 others) [CacheWrite 00000000000000000000000000000005]
[517/845    0s] MovedFromExtractor-Combine Library/Bee/artifacts/1900b0aE.dag/Unity.PerformanceTesting.dll.mvfrm
[518/845    0s] Csc Library/Bee/artifacts/1900b0aE.dag/Unity.RenderPipelines.ShaderGraph.ShaderGraphLibrary.dll (+2 others)
[519/845    0s] MovedFromExtractor Library/Bee/artifacts/mvdfrm/Unity.InternalAPIEngineBridge.004.ref.dll_9F91F1CFF2D20E26.mvfrm
[520/845    0s] MovedFromExtractor Library/Bee/artifacts/mvdfrm/Unity.Searcher.Editor.ref.dll_12B7E1785E41BE0E.mvfrm
[521/845    0s] MovedFromExtractor Library/Bee/artifacts/mvdfrm/Unity.ShaderGraph.Utilities.ref.dll_0524057423981A9D.mvfrm
[522/845    0s] MovedFromExtractor Library/Bee/artifacts/mvdfrm/Unity.Timeline.ref.dll_621CDDF9C514DF8F.mvfrm
[523/845    0s] MovedFromExtractor Library/Bee/artifacts/mvdfrm/Unity.RenderPipelines.Core.ShaderLibrary.ref.dll_7F2C410A434F5518.mvfrm
[524/845    0s] CopyFiles Library/ScriptAssemblies/Unity.VisualStudio.Editor.pdb
[525/845    0s] CopyFiles Library/ScriptAssemblies/Unity.VisualStudio.Editor.dll
[526/845    0s] CopyFiles Library/ScriptAssemblies/Unity.Rider.Editor.pdb
[527/845    0s] CopyFiles Library/ScriptAssemblies/Unity.Rider.Editor.dll
[528/845    0s] MovedFromExtractor Library/Bee/artifacts/mvdfrm/Unity.AI.Navigation.Editor.ConversionSystem.ref.dll_D58562F0DF82BCBA.mvfrm
[529/845    0s] MovedFromExtractor-Combine Library/Bee/artifacts/1900b0aE.dag/Palimpseste.Game.Editor.dll.mvfrm
[530/845    0s] MovedFromExtractor Library/Bee/artifacts/mvdfrm/Unity.VisualStudio.Editor.ref.dll_3A975DBA53ABA4AD.mvfrm
[           0s] Csc Library/Bee/artifacts/1900b0aE.dag/Unity.RenderPipelines.ShaderGraph.ShaderGraphLibrary.dll (+2 others) [CacheWrite 00000000000000000000000000000005]
[531/845    0s] MovedFromExtractor Library/Bee/artifacts/mvdfrm/Unity.AI.Navigation.ref.dll_407F07063643C512.mvfrm
[532/845    1s] Csc Library/Bee/artifacts/1900b0aE.dag/Unity.Burst.dll (+2 others)
[533/845    0s] MovedFromExtractor-Combine Library/Bee/artifacts/1900b0aE.dag/Unity.TextMeshPro.dll.mvfrm
[534/845    0s] MovedFromExtractor Library/Bee/artifacts/mvdfrm/Unity.RenderPipelines.Universal.Shaders.ref.dll_9468B054363B0720.mvfrm
[535/845    0s] MovedFromExtractor Library/Bee/artifacts/mvdfrm/Unity.Rider.Editor.ref.dll_9B5591808ABA37AF.mvfrm
[           0s] Csc Library/Bee/artifacts/1900b0aE.dag/Unity.Burst.dll (+2 others) [CacheWrite 00000000000000000000000000000005]
[536/845    1s] Csc Library/Bee/artifacts/1900b0aE.dag/Unity.Rendering.LightTransport.Editor.dll (+2 others)
[537/845    0s] MovedFromExtractor-Combine Library/Bee/artifacts/1900b0aE.dag/Unity.Timeline.Editor.dll.mvfrm
[           0s] Csc Library/Bee/artifacts/1900b0aE.dag/Unity.Rendering.LightTransport.Editor.dll (+2 others) [CacheWrite 00000000000000000000000000000005]
[538/845    0s] MovedFromExtractor-Combine Library/Bee/artifacts/1900b0aE.dag/Unity.AI.Navigation.Editor.dll.mvfrm
[539/845    0s] MovedFromExtractor Library/Bee/artifacts/mvdfrm/Unity.RenderPipelines.ShaderGraph.ShaderGraphLibrary.ref.dll_1A2083B43FB0BF18.mvfrm
[540/845    0s] MovedFromExtractor Library/Bee/artifacts/mvdfrm/Unity.Burst.ref.dll_F30DFA20C0DD1968.mvfrm
[541/845    2s] Csc Library/Bee/artifacts/1900b0aE.dag/Unity.PlasticSCM.Editor.dll (+2 others)
[542/845    0s] MovedFromExtractor Library/Bee/artifacts/mvdfrm/Unity.Rendering.LightTransport.Editor.ref.dll_F96E2A343514CFAE.mvfrm
[543/845    0s] Csc Library/Bee/artifacts/1900b0aE.dag/Unity.PerformanceTesting.dll (+2 others)
[           0s] Csc Library/Bee/artifacts/1900b0aE.dag/Unity.PerformanceTesting.dll (+2 others) [CacheWrite 00000000000000000000000000000005]
[           0s] Csc Library/Bee/artifacts/1900b0aE.dag/Unity.PlasticSCM.Editor.dll (+2 others) [CacheWrite 00000000000000000000000000000005]
[544/845    0s] MovedFromExtractor-Combine Library/Bee/artifacts/1900b0aE.dag/Unity.Burst.Editor.dll.mvfrm
[545/845    0s] MovedFromExtractor-Combine Library/Bee/artifacts/1900b0aE.dag/Unity.Burst.CodeGen.dll.mvfrm
[546/845    0s] MovedFromExtractor Library/Bee/artifacts/mvdfrm/Unity.PerformanceTesting.ref.dll_F99DC928B1D72E5E.mvfrm
[547/845    0s] Csc Library/Bee/artifacts/1900b0aE.dag/Unity.AI.Navigation.Editor.dll (+2 others)
[548/845    0s] MovedFromExtractor Library/Bee/artifacts/mvdfrm/Unity.PlasticSCM.Editor.ref.dll_257AEB342BE77856.mvfrm
[           0s] Csc Library/Bee/artifacts/1900b0aE.dag/Unity.AI.Navigation.Editor.dll (+2 others) [CacheWrite 00000000000000000000000000000005]
[549/845    0s] MovedFromExtractor-Combine Library/Bee/artifacts/1900b0aE.dag/Unity.PerformanceTesting.Editor.dll.mvfrm
[550/845    0s] MovedFromExtractor-Combine Library/Bee/artifacts/1900b0aE.dag/Unity.CollabProxy.Editor.dll.mvfrm
[551/845    0s] Csc Library/Bee/artifacts/1900b0aE.dag/Unity.TextMeshPro.dll (+2 others)
[           0s] Csc Library/Bee/artifacts/1900b0aE.dag/Unity.TextMeshPro.dll (+2 others) [CacheWrite 00000000000000000000000000000005]
[552/845    0s] MovedFromExtractor Library/Bee/artifacts/mvdfrm/Unity.AI.Navigation.Editor.ref.dll_7989A1C8D57EF9BF.mvfrm
[553/845    0s] Csc Library/Bee/artifacts/1900b0aE.dag/Unity.Burst.CodeGen.dll (+2 others)
[           0s] Csc Library/Bee/artifacts/1900b0aE.dag/Unity.Burst.CodeGen.dll (+2 others) [CacheWrite 00000000000000000000000000000005]
[554/845    0s] CopyFiles Library/ScriptAssemblies/Unity.Burst.CodeGen.pdb
[555/845    0s] CopyFiles Library/ScriptAssemblies/Unity.Burst.CodeGen.dll
[556/845    0s] MovedFromExtractor-Combine Library/Bee/artifacts/1900b0aE.dag/Unity.AI.Navigation.Updater.dll.mvfrm
[557/845    0s] MovedFromExtractor Library/Bee/artifacts/mvdfrm/Unity.TextMeshPro.ref.dll_84A4293DBDD182DB.mvfrm
[558/845    0s] Csc Library/Bee/artifacts/1900b0aE.dag/Unity.CollabProxy.Editor.dll (+2 others)
[           0s] Csc Library/Bee/artifacts/1900b0aE.dag/Unity.CollabProxy.Editor.dll (+2 others) [CacheWrite 00000000000000000000000000000005]
[559/845    0s] MovedFromExtractor-Combine Library/Bee/artifacts/1900b0aE.dag/UnityEditor.UI.Analytics.dll.mvfrm
[560/845    0s] Csc Library/Bee/artifacts/1900b0aE.dag/Unity.PerformanceTesting.Editor.dll (+2 others)
[561/845    1s] Csc Library/Bee/artifacts/1900b0aE.dag/Unity.Timeline.Editor.dll (+2 others)
[562/845    3s] Csc Library/Bee/artifacts/1900b0aE.dag/Unity.Mathematics.dll (+2 others)
[563/845    0s] Csc Library/Bee/artifacts/1900b0aE.dag/Unity.AI.Navigation.Updater.dll (+2 others)
[           0s] Csc Library/Bee/artifacts/1900b0aE.dag/Unity.PerformanceTesting.Editor.dll (+2 others) [CacheWrite 00000000000000000000000000000005]
[           0s] Csc Library/Bee/artifacts/1900b0aE.dag/Unity.Timeline.Editor.dll (+2 others) [CacheWrite 00000000000000000000000000000005]
[           0s] Csc Library/Bee/artifacts/1900b0aE.dag/Unity.Mathematics.dll (+2 others) [CacheWrite 00000000000000000000000000000005]
[           0s] Csc Library/Bee/artifacts/1900b0aE.dag/Unity.AI.Navigation.Updater.dll (+2 others) [CacheWrite 00000000000000000000000000000005]
[564/845    0s] Csc Library/Bee/artifacts/1900b0aE.dag/UnityEditor.UI.Analytics.dll (+2 others)
[           0s] Csc Library/Bee/artifacts/1900b0aE.dag/UnityEditor.UI.Analytics.dll (+2 others) [CacheWrite 00000000000000000000000000000005]
[565/845    0s] MovedFromExtractor Library/Bee/artifacts/mvdfrm/Unity.Timeline.Editor.ref.dll_0D3D3C0B73557612.mvfrm
[566/845    0s] MovedFromExtractor Library/Bee/artifacts/mvdfrm/Unity.Mathematics.ref.dll_E8EFDB1B8D5C174E.mvfrm
[567/845    0s] MovedFromExtractor Library/Bee/artifacts/mvdfrm/Unity.AI.Navigation.Updater.ref.dll_34B8D5B7DED6E76D.mvfrm
[568/845    0s] MovedFromExtractor-Combine Library/Bee/artifacts/1900b0aE.dag/Unity.Collections.dll.mvfrm
[569/845    0s] MovedFromExtractor-Combine Library/Bee/artifacts/1900b0aE.dag/Unity.Mathematics.Editor.dll.mvfrm
[570/845    0s] MovedFromExtractor Library/Bee/artifacts/mvdfrm/UnityEditor.UI.Analytics.ref.dll_3B64A5A3A726AD5D.mvfrm
[571/845    0s] Csc Library/Bee/artifacts/1900b0aE.dag/Unity.Mathematics.Editor.dll (+2 others)
[           0s] Csc Library/Bee/artifacts/1900b0aE.dag/Unity.Mathematics.Editor.dll (+2 others) [CacheWrite 00000000000000000000000000000005]
[572/845    0s] MovedFromExtractor Library/Bee/artifacts/mvdfrm/Unity.Mathematics.Editor.ref.dll_9A20CFD48BC11F43.mvfrm
[573/845    1s] Csc Library/Bee/artifacts/1900b0aE.dag/Unity.Collections.dll (+2 others)
[           0s] Csc Library/Bee/artifacts/1900b0aE.dag/Unity.Collections.dll (+2 others) [CacheWrite 00000000000000000000000000000005]
[574/845    0s] MovedFromExtractor Library/Bee/artifacts/mvdfrm/Unity.Collections.ref.dll_656D7410E7809ECD.mvfrm
[575/845    3s] Csc Library/Bee/artifacts/1900b0aE.dag/Unity.Burst.Editor.dll (+2 others)
[576/845    0s] MovedFromExtractor-Combine Library/Bee/artifacts/1900b0aE.dag/Unity.Collections.CodeGen.dll.mvfrm
[577/845    0s] MovedFromExtractor-Combine Library/Bee/artifacts/1900b0aE.dag/Unity.UnifiedRayTracing.Runtime.dll.mvfrm
[578/845    0s] MovedFromExtractor-Combine Library/Bee/artifacts/1900b0aE.dag/Unity.Collections.Editor.dll.mvfrm
[           0s] Csc Library/Bee/artifacts/1900b0aE.dag/Unity.Burst.Editor.dll (+2 others) [CacheWrite 00000000000000000000000000000005]
[579/845    0s] MovedFromExtractor Library/Bee/artifacts/mvdfrm/Unity.Burst.Editor.ref.dll_E2F92DAB6C167CC9.mvfrm
[580/845    0s] Csc Library/Bee/artifacts/1900b0aE.dag/Unity.Collections.Editor.dll (+2 others)
[581/845    0s] Csc Library/Bee/artifacts/1900b0aE.dag/Unity.Collections.CodeGen.dll (+2 others)
[           0s] Csc Library/Bee/artifacts/1900b0aE.dag/Unity.Collections.Editor.dll (+2 others) [CacheWrite 00000000000000000000000000000005]
[           0s] Csc Library/Bee/artifacts/1900b0aE.dag/Unity.Collections.CodeGen.dll (+2 others) [CacheWrite 00000000000000000000000000000005]
[582/845    0s] CopyFiles Library/ScriptAssemblies/Unity.Collections.CodeGen.dll
[583/845    0s] CopyFiles Library/ScriptAssemblies/Unity.Collections.CodeGen.pdb
[584/845    0s] Csc Library/Bee/artifacts/1900b0aE.dag/Unity.UnifiedRayTracing.Runtime.dll (+2 others)
[           0s] Csc Library/Bee/artifacts/1900b0aE.dag/Unity.UnifiedRayTracing.Runtime.dll (+2 others) [CacheWrite 00000000000000000000000000000005]
[585/845    0s] MovedFromExtractor Library/Bee/artifacts/mvdfrm/Unity.Collections.Editor.ref.dll_E4491E98C71DB4B4.mvfrm
[586/845    0s] MovedFromExtractor Library/Bee/artifacts/mvdfrm/Unity.UnifiedRayTracing.Runtime.ref.dll_1311DEF2651EFE0C.mvfrm
[587/845    0s] ILPP-Configuration Library/ilpp-configuration.nevergeneratedoutput
[588/845    1s] ILPostProcess Library/Bee/artifacts/1900b0aE.dag/post-processed/Unity.RenderPipelines.ShaderGraph.ShaderGraphLibrary.dll (+pdb)
Processing assembly Library/Bee/artifacts/1900b0aE.dag/Unity.RenderPipelines.ShaderGraph.ShaderGraphLibrary.dll, with 140 defines and 248 references

processors: Unity.Jobs.CodeGen.JobsILPostProcessor, zzzUnity.Burst.CodeGen.BurstILPostProcessor

running Unity.Jobs.CodeGen.JobsILPostProcessor

running zzzUnity.Burst.CodeGen.BurstILPostProcessor
[589/845    1s] ILPostProcess Library/Bee/artifacts/1900b0aE.dag/post-processed/Unity.AI.Navigation.dll (+pdb)
Processing assembly Library/Bee/artifacts/1900b0aE.dag/Unity.AI.Navigation.dll, with 141 defines and 248 references

processors: Unity.Jobs.CodeGen.JobsILPostProcessor, zzzUnity.Burst.CodeGen.BurstILPostProcessor

running Unity.Jobs.CodeGen.JobsILPostProcessor

running zzzUnity.Burst.CodeGen.BurstILPostProcessor
[590/845    1s] ILPostProcess Library/Bee/artifacts/1900b0aE.dag/post-processed/Palimpseste.Contracts.dll (+pdb)
Processing assembly Library/Bee/artifacts/1900b0aE.dag/Palimpseste.Contracts.dll, with 140 defines and 135 references

processors: Unity.Jobs.CodeGen.JobsILPostProcessor, zzzUnity.Burst.CodeGen.BurstILPostProcessor

running Unity.Jobs.CodeGen.JobsILPostProcessor

running zzzUnity.Burst.CodeGen.BurstILPostProcessor
[591/845    1s] ILPostProcess Library/Bee/artifacts/1900b0aE.dag/post-processed/Unity.InternalAPIEngineBridge.004.dll (+pdb)
Processing assembly Library/Bee/artifacts/1900b0aE.dag/Unity.InternalAPIEngineBridge.004.dll, with 140 defines and 248 references

processors: Unity.Jobs.CodeGen.JobsILPostProcessor, zzzUnity.Burst.CodeGen.BurstILPostProcessor

running Unity.Jobs.CodeGen.JobsILPostProcessor

running zzzUnity.Burst.CodeGen.BurstILPostProcessor
[592/845    1s] ILPostProcess Library/Bee/artifacts/1900b0aE.dag/post-processed/Unity.PerformanceTesting.dll (+pdb)
Processing assembly Library/Bee/artifacts/1900b0aE.dag/Unity.PerformanceTesting.dll, with 141 defines and 235 references

processors: Unity.Jobs.CodeGen.JobsILPostProcessor, zzzUnity.Burst.CodeGen.BurstILPostProcessor

running Unity.Jobs.CodeGen.JobsILPostProcessor

running zzzUnity.Burst.CodeGen.BurstILPostProcessor
[593/845    1s] ILPostProcess Library/Bee/artifacts/1900b0aE.dag/post-processed/Unity.TextMeshPro.dll (+pdb)
Processing assembly Library/Bee/artifacts/1900b0aE.dag/Unity.TextMeshPro.dll, with 141 defines and 249 references

processors: Unity.Jobs.CodeGen.JobsILPostProcessor, zzzUnity.Burst.CodeGen.BurstILPostProcessor

running Unity.Jobs.CodeGen.JobsILPostProcessor

running zzzUnity.Burst.CodeGen.BurstILPostProcessor
[594/845    1s] ILPostProcess Library/Bee/artifacts/1900b0aE.dag/post-processed/Unity.PerformanceTesting.Editor.dll (+pdb)
Processing assembly Library/Bee/artifacts/1900b0aE.dag/Unity.PerformanceTesting.Editor.dll, with 139 defines and 269 references

processors: Unity.Jobs.CodeGen.JobsILPostProcessor, zzzUnity.Burst.CodeGen.BurstILPostProcessor

running Unity.Jobs.CodeGen.JobsILPostProcessor

running zzzUnity.Burst.CodeGen.BurstILPostProcessor
[595/845    1s] ILPostProcess Library/Bee/artifacts/1900b0aE.dag/post-processed/Unity.Burst.Editor.dll (+pdb)
Processing assembly Library/Bee/artifacts/1900b0aE.dag/Unity.Burst.Editor.dll, with 138 defines and 282 references

processors: Unity.Jobs.CodeGen.JobsILPostProcessor, zzzUnity.Burst.CodeGen.BurstILPostProcessor

running Unity.Jobs.CodeGen.JobsILPostProcessor

running zzzUnity.Burst.CodeGen.BurstILPostProcessor
[596/845    1s] ILPostProcess Library/Bee/artifacts/1900b0aE.dag/post-processed/Unity.RenderPipelines.Universal.Shaders.dll (+pdb)
Processing assembly Library/Bee/artifacts/1900b0aE.dag/Unity.RenderPipelines.Universal.Shaders.dll, with 140 defines and 248 references

processors: Unity.Jobs.CodeGen.JobsILPostProcessor, zzzUnity.Burst.CodeGen.BurstILPostProcessor

running Unity.Jobs.CodeGen.JobsILPostProcessor

running zzzUnity.Burst.CodeGen.BurstILPostProcessor
[597/845    1s] ILPostProcess Library/Bee/artifacts/1900b0aE.dag/post-processed/Unity.RenderPipelines.Core.ShaderLibrary.dll (+pdb)
Processing assembly Library/Bee/artifacts/1900b0aE.dag/Unity.RenderPipelines.Core.ShaderLibrary.dll, with 140 defines and 248 references

processors: Unity.Jobs.CodeGen.JobsILPostProcessor, zzzUnity.Burst.CodeGen.BurstILPostProcessor

running Unity.Jobs.CodeGen.JobsILPostProcessor

running zzzUnity.Burst.CodeGen.BurstILPostProcessor
[598/845    1s] ILPostProcess Library/Bee/artifacts/1900b0aE.dag/post-processed/Unity.Mathematics.dll (+pdb)
Processing assembly Library/Bee/artifacts/1900b0aE.dag/Unity.Mathematics.dll, with 140 defines and 248 references

processors: Unity.Jobs.CodeGen.JobsILPostProcessor, zzzUnity.Burst.CodeGen.BurstILPostProcessor

running Unity.Jobs.CodeGen.JobsILPostProcessor

running zzzUnity.Burst.CodeGen.BurstILPostProcessor
[599/845    1s] ILPostProcess Library/Bee/artifacts/1900b0aE.dag/post-processed/UnityEngine.UI.dll (+pdb)
Processing assembly Library/Bee/artifacts/1900b0aE.dag/UnityEngine.UI.dll, with 144 defines and 246 references

processors: Unity.Jobs.CodeGen.JobsILPostProcessor, zzzUnity.Burst.CodeGen.BurstILPostProcessor

running Unity.Jobs.CodeGen.JobsILPostProcessor

running zzzUnity.Burst.CodeGen.BurstILPostProcessor
[600/845    1s] ILPostProcess Library/Bee/artifacts/1900b0aE.dag/post-processed/Unity.Timeline.dll (+pdb)
Processing assembly Library/Bee/artifacts/1900b0aE.dag/Unity.Timeline.dll, with 141 defines and 248 references

processors: Unity.Jobs.CodeGen.JobsILPostProcessor, zzzUnity.Burst.CodeGen.BurstILPostProcessor

running Unity.Jobs.CodeGen.JobsILPostProcessor

running zzzUnity.Burst.CodeGen.BurstILPostProcessor
[601/845    0s] ILPostProcess Library/Bee/artifacts/1900b0aE.dag/post-processed/Unity.PlasticSCM.Editor.dll (+pdb)
Processing assembly Library/Bee/artifacts/1900b0aE.dag/Unity.PlasticSCM.Editor.dll, with 138 defines and 270 references

processors: Unity.Jobs.CodeGen.JobsILPostProcessor, zzzUnity.Burst.CodeGen.BurstILPostProcessor

running Unity.Jobs.CodeGen.JobsILPostProcessor

running zzzUnity.Burst.CodeGen.BurstILPostProcessor
[602/845    0s] ILPostProcess Library/Bee/artifacts/1900b0aE.dag/post-processed/Unity.Searcher.Editor.dll (+pdb)
Processing assembly Library/Bee/artifacts/1900b0aE.dag/Unity.Searcher.Editor.dll, with 138 defines and 281 references

processors: Unity.Jobs.CodeGen.JobsILPostProcessor, zzzUnity.Burst.CodeGen.BurstILPostProcessor

running Unity.Jobs.CodeGen.JobsILPostProcessor

running zzzUnity.Burst.CodeGen.BurstILPostProcessor
[603/845    0s] ILPostProcess Library/Bee/artifacts/1900b0aE.dag/post-processed/Unity.CollabProxy.Editor.dll (+pdb)
Processing assembly Library/Bee/artifacts/1900b0aE.dag/Unity.CollabProxy.Editor.dll, with 138 defines and 282 references

processors: Unity.Jobs.CodeGen.JobsILPostProcessor, zzzUnity.Burst.CodeGen.BurstILPostProcessor

running Unity.Jobs.CodeGen.JobsILPostProcessor

running zzzUnity.Burst.CodeGen.BurstILPostProcessor
[604/845    0s] ILPostProcess Library/Bee/artifacts/1900b0aE.dag/post-processed/Unity.ShaderGraph.Utilities.dll (+pdb)
Processing assembly Library/Bee/artifacts/1900b0aE.dag/Unity.ShaderGraph.Utilities.dll, with 138 defines and 281 references

processors: Unity.Jobs.CodeGen.JobsILPostProcessor, zzzUnity.Burst.CodeGen.BurstILPostProcessor

running Unity.Jobs.CodeGen.JobsILPostProcessor

running zzzUnity.Burst.CodeGen.BurstILPostProcessor
[605/845    0s] ILPostProcess Library/Bee/artifacts/1900b0aE.dag/post-processed/Unity.AI.Navigation.Editor.dll (+pdb)
Processing assembly Library/Bee/artifacts/1900b0aE.dag/Unity.AI.Navigation.Editor.dll, with 138 defines and 283 references

processors: Unity.Jobs.CodeGen.JobsILPostProcessor, zzzUnity.Burst.CodeGen.BurstILPostProcessor

running Unity.Jobs.CodeGen.JobsILPostProcessor

running zzzUnity.Burst.CodeGen.BurstILPostProcessor
[606/845    0s] ILPostProcess Library/Bee/artifacts/1900b0aE.dag/post-processed/Unity.Timeline.Editor.dll (+pdb)
Processing assembly Library/Bee/artifacts/1900b0aE.dag/Unity.Timeline.Editor.dll, with 139 defines and 282 references

processors: Unity.Jobs.CodeGen.JobsILPostProcessor, zzzUnity.Burst.CodeGen.BurstILPostProcessor

running Unity.Jobs.CodeGen.JobsILPostProcessor

running zzzUnity.Burst.CodeGen.BurstILPostProcessor
[607/845    0s] CopyFiles Library/ScriptAssemblies/Palimpseste.Contracts.dll
[608/845    0s] CopyFiles Library/ScriptAssemblies/Unity.Timeline.dll
[609/845    0s] CopyFiles Library/ScriptAssemblies/Unity.RenderPipelines.ShaderGraph.ShaderGraphLibrary.dll
[610/845    0s] CopyFiles Library/ScriptAssemblies/UnityEngine.UI.dll
[611/845    0s] CopyFiles Library/ScriptAssemblies/Unity.PerformanceTesting.dll
[612/845    0s] CopyFiles Library/ScriptAssemblies/Unity.RenderPipelines.Universal.Shaders.dll
[613/845    0s] CopyFiles Library/ScriptAssemblies/Unity.AI.Navigation.dll
[614/845    0s] CopyFiles Library/ScriptAssemblies/Unity.RenderPipelines.Core.ShaderLibrary.dll
[615/845    0s] CopyFiles Library/ScriptAssemblies/Unity.TextMeshPro.dll
[616/845    0s] CopyFiles Library/ScriptAssemblies/Unity.InternalAPIEngineBridge.004.dll
[617/845    0s] CopyFiles Library/ScriptAssemblies/Unity.Mathematics.dll
[618/845    0s] CopyFiles Library/ScriptAssemblies/Unity.Searcher.Editor.pdb
[619/845    0s] CopyFiles Library/ScriptAssemblies/Unity.ShaderGraph.Utilities.pdb
[620/845    0s] CopyFiles Library/ScriptAssemblies/Unity.PlasticSCM.Editor.pdb
[621/845    0s] CopyFiles Library/ScriptAssemblies/Unity.ShaderGraph.Utilities.dll
[622/845    0s] CopyFiles Library/ScriptAssemblies/Unity.Timeline.pdb
[623/845    0s] CopyFiles Library/ScriptAssemblies/UnityEngine.UI.pdb
[624/845    0s] CopyFiles Library/ScriptAssemblies/Unity.AI.Navigation.Editor.pdb
[625/845    0s] ILPostProcess Library/Bee/artifacts/1900b0aE.dag/post-processed/Unity.AI.Navigation.Updater.dll (+pdb)
Processing assembly Library/Bee/artifacts/1900b0aE.dag/Unity.AI.Navigation.Updater.dll, with 138 defines and 284 references

processors: Unity.Jobs.CodeGen.JobsILPostProcessor, zzzUnity.Burst.CodeGen.BurstILPostProcessor

running Unity.Jobs.CodeGen.JobsILPostProcessor

running zzzUnity.Burst.CodeGen.BurstILPostProcessor
[626/845    0s] ILPostProcess Library/Bee/artifacts/1900b0aE.dag/post-processed/UnityEditor.UI.Analytics.dll (+pdb)
Processing assembly Library/Bee/artifacts/1900b0aE.dag/UnityEditor.UI.Analytics.dll, with 138 defines and 282 references

processors: Unity.Jobs.CodeGen.JobsILPostProcessor, zzzUnity.Burst.CodeGen.BurstILPostProcessor

running Unity.Jobs.CodeGen.JobsILPostProcessor

running zzzUnity.Burst.CodeGen.BurstILPostProcessor
[627/845    0s] CopyFiles Library/ScriptAssemblies/Unity.CollabProxy.Editor.pdb
[628/845    0s] CopyFiles Library/ScriptAssemblies/Unity.CollabProxy.Editor.dll
[629/845    0s] CopyFiles Library/ScriptAssemblies/Unity.Burst.Editor.pdb
[630/845    0s] CopyFiles Library/ScriptAssemblies/Unity.RenderPipelines.Core.ShaderLibrary.pdb
[631/845    0s] CopyFiles Library/ScriptAssemblies/Unity.Mathematics.pdb
[632/845    0s] CopyFiles Library/ScriptAssemblies/Unity.RenderPipelines.Universal.Shaders.pdb
[633/845    0s] CopyFiles Library/ScriptAssemblies/Unity.PerformanceTesting.Editor.dll
[634/845    0s] CopyFiles Library/ScriptAssemblies/Unity.PerformanceTesting.Editor.pdb
[635/845    0s] CopyFiles Library/ScriptAssemblies/Unity.Timeline.Editor.pdb
[636/845    0s] CopyFiles Library/ScriptAssemblies/Unity.TextMeshPro.pdb
[637/845    0s] CopyFiles Library/ScriptAssemblies/Unity.InternalAPIEngineBridge.004.pdb
[638/845    0s] CopyFiles Library/ScriptAssemblies/Unity.Searcher.Editor.dll
[639/845    0s] ILPostProcess Library/Bee/artifacts/1900b0aE.dag/post-processed/Unity.Rendering.LightTransport.Editor.dll (+pdb)
Processing assembly Library/Bee/artifacts/1900b0aE.dag/Unity.Rendering.LightTransport.Editor.dll, with 138 defines and 281 references

processors: Unity.Jobs.CodeGen.JobsILPostProcessor, zzzUnity.Burst.CodeGen.BurstILPostProcessor

running Unity.Jobs.CodeGen.JobsILPostProcessor

running zzzUnity.Burst.CodeGen.BurstILPostProcessor
[640/845    0s] CopyFiles Library/ScriptAssemblies/Unity.RenderPipelines.ShaderGraph.ShaderGraphLibrary.pdb
[641/845    0s] CopyFiles Library/ScriptAssemblies/Unity.PerformanceTesting.pdb
[642/845    0s] CopyFiles Library/ScriptAssemblies/Palimpseste.Contracts.pdb
[643/845    0s] CopyFiles Library/ScriptAssemblies/Unity.AI.Navigation.pdb
[644/845    0s] CopyFiles Library/ScriptAssemblies/Unity.AI.Navigation.Updater.dll
[645/845    0s] CopyFiles Library/ScriptAssemblies/Unity.AI.Navigation.Updater.pdb
[646/845    0s] CopyFiles Library/ScriptAssemblies/UnityEditor.UI.Analytics.pdb
[647/845    0s] CopyFiles Library/ScriptAssemblies/UnityEditor.UI.Analytics.dll
[648/845    0s] CopyFiles Library/ScriptAssemblies/Unity.AI.Navigation.Editor.dll
[649/845    0s] ILPostProcess Library/Bee/artifacts/1900b0aE.dag/post-processed/Unity.AI.Navigation.Editor.ConversionSystem.dll (+pdb)
Processing assembly Library/Bee/artifacts/1900b0aE.dag/Unity.AI.Navigation.Editor.ConversionSystem.dll, with 138 defines and 281 references

processors: Unity.Jobs.CodeGen.JobsILPostProcessor, zzzUnity.Burst.CodeGen.BurstILPostProcessor

running Unity.Jobs.CodeGen.JobsILPostProcessor

running zzzUnity.Burst.CodeGen.BurstILPostProcessor
[650/845    0s] CopyFiles Library/ScriptAssemblies/Unity.Burst.Editor.dll
[651/845    0s] CopyFiles Library/ScriptAssemblies/Unity.Rendering.LightTransport.Editor.dll
[652/845    0s] CopyFiles Library/ScriptAssemblies/Unity.Rendering.LightTransport.Editor.pdb
[653/845    0s] ILPostProcess Library/Bee/artifacts/1900b0aE.dag/post-processed/UnityEditor.UI.dll (+pdb)
Processing assembly Library/Bee/artifacts/1900b0aE.dag/UnityEditor.UI.dll, with 140 defines and 280 references

processors: Unity.Jobs.CodeGen.JobsILPostProcessor, zzzUnity.Burst.CodeGen.BurstILPostProcessor

running Unity.Jobs.CodeGen.JobsILPostProcessor

running zzzUnity.Burst.CodeGen.BurstILPostProcessor
[654/845    0s] CopyFiles Library/ScriptAssemblies/Unity.AI.Navigation.Editor.ConversionSystem.pdb
[655/845    0s] CopyFiles Library/ScriptAssemblies/Unity.AI.Navigation.Editor.ConversionSystem.dll
[656/845    0s] CopyFiles Library/ScriptAssemblies/UnityEditor.UI.pdb
[657/845    0s] ILPostProcess Library/Bee/artifacts/1900b0aE.dag/post-processed/Unity.Mathematics.Editor.dll (+pdb)
Processing assembly Library/Bee/artifacts/1900b0aE.dag/Unity.Mathematics.Editor.dll, with 138 defines and 282 references

processors: Unity.Jobs.CodeGen.JobsILPostProcessor, zzzUnity.Burst.CodeGen.BurstILPostProcessor

running Unity.Jobs.CodeGen.JobsILPostProcessor

running zzzUnity.Burst.CodeGen.BurstILPostProcessor
[658/845    0s] ILPostProcess Library/Bee/artifacts/1900b0aE.dag/post-processed/Unity.Collections.Editor.dll (+pdb)
Processing assembly Library/Bee/artifacts/1900b0aE.dag/Unity.Collections.Editor.dll, with 139 defines and 282 references

processors: Unity.Jobs.CodeGen.JobsILPostProcessor, zzzUnity.Burst.CodeGen.BurstILPostProcessor

running Unity.Jobs.CodeGen.JobsILPostProcessor

running zzzUnity.Burst.CodeGen.BurstILPostProcessor
[659/845    0s] CopyFiles Library/ScriptAssemblies/Unity.PlasticSCM.Editor.dll
[660/845    0s] CopyFiles Library/ScriptAssemblies/Unity.Mathematics.Editor.dll
[661/845    0s] CopyFiles Library/ScriptAssemblies/Unity.Mathematics.Editor.pdb
[662/845    0s] CopyFiles Library/ScriptAssemblies/Unity.Timeline.Editor.dll
[663/845    0s] CopyFiles Library/ScriptAssemblies/Unity.Collections.Editor.dll
[664/845    0s] CopyFiles Library/ScriptAssemblies/Unity.Collections.Editor.pdb
[665/845    0s] CopyFiles Library/ScriptAssemblies/UnityEditor.UI.dll
[666/845    1s] ILPostProcess Library/Bee/artifacts/1900b0aE.dag/post-processed/Unity.UnifiedRayTracing.Runtime.dll (+pdb)
Processing assembly Library/Bee/artifacts/1900b0aE.dag/Unity.UnifiedRayTracing.Runtime.dll, with 140 defines and 251 references

processors: Unity.Jobs.CodeGen.JobsILPostProcessor, zzzUnity.Burst.CodeGen.BurstILPostProcessor

running Unity.Jobs.CodeGen.JobsILPostProcessor

running zzzUnity.Burst.CodeGen.BurstILPostProcessor
[667/845    0s] CopyFiles Library/ScriptAssemblies/Unity.UnifiedRayTracing.Runtime.pdb
[668/845    1s] ILPostProcess Library/Bee/artifacts/1900b0aE.dag/post-processed/Unity.Burst.dll (+pdb)
Processing assembly Library/Bee/artifacts/1900b0aE.dag/Unity.Burst.dll, with 140 defines and 236 references

processors: Unity.Jobs.CodeGen.JobsILPostProcessor, zzzUnity.Burst.CodeGen.BurstILPostProcessor

running Unity.Jobs.CodeGen.JobsILPostProcessor

running zzzUnity.Burst.CodeGen.BurstILPostProcessor
[669/845    0s] CopyFiles Library/ScriptAssemblies/Unity.Burst.pdb
[670/845    0s] CopyFiles Library/ScriptAssemblies/Unity.UnifiedRayTracing.Runtime.dll
[671/845    0s] CopyFiles Library/ScriptAssemblies/Unity.Burst.dll
[672/845    1s] ILPostProcess Library/Bee/artifacts/1900b0aE.dag/post-processed/Unity.Collections.dll (+pdb)
Processing assembly Library/Bee/artifacts/1900b0aE.dag/Unity.Collections.dll, with 142 defines and 250 references

processors: Unity.Jobs.CodeGen.JobsILPostProcessor, zzzUnity.Burst.CodeGen.BurstILPostProcessor

running Unity.Jobs.CodeGen.JobsILPostProcessor

running zzzUnity.Burst.CodeGen.BurstILPostProcessor
[673/845    0s] CopyFiles Library/ScriptAssemblies/Unity.Collections.pdb
[674/845    0s] CopyFiles Library/ScriptAssemblies/Unity.Collections.dll
[675/845    0s] Csc Library/Bee/artifacts/1900b0aE.dag/Palimpseste.Game.dll (+2 others)
##### CommandLine
"C:\ProgramData\6000.3.24f1-x86_64\Editor\Data\NetCoreRuntime\dotnet.exe" exec "C:/ProgramData/6000.3.24f1-x86_64/Editor/Data/DotNetSdkRoslyn/csc.dll" /nostdlib /noconfig /shared "@Library/Bee/artifacts/1900b0aE.dag/Palimpseste.Game.rsp" "@Library/Bee/artifacts/1900b0aE.dag/Palimpseste.Game.rsp2"
##### Contents of Library\Bee\artifacts\1900b0aE.dag\Palimpseste.Game.rsp
-target:library
-out:"Library/Bee/artifacts/1900b0aE.dag/Palimpseste.Game.dll"
-refout:"Library/Bee/artifacts/1900b0aE.dag/Palimpseste.Game.ref.dll"
-define:UNITY_6000_3_24
-define:UNITY_6000_3
-define:UNITY_6000
-define:UNITY_5_3_OR_NEWER
-define:UNITY_5_4_OR_NEWER
-define:UNITY_5_5_OR_NEWER
-define:UNITY_5_6_OR_NEWER
-define:UNITY_2017_1_OR_NEWER
-define:UNITY_2017_2_OR_NEWER
-define:UNITY_2017_3_OR_NEWER
-define:UNITY_2017_4_OR_NEWER
-define:UNITY_2018_1_OR_NEWER
-define:UNITY_2018_2_OR_NEWER
-define:UNITY_2018_3_OR_NEWER
-define:UNITY_2018_4_OR_NEWER
-define:UNITY_2019_1_OR_NEWER
-define:UNITY_2019_2_OR_NEWER
-define:UNITY_2019_3_OR_NEWER
-define:UNITY_2019_4_OR_NEWER
-define:UNITY_2020_1_OR_NEWER
-define:UNITY_2020_2_OR_NEWER
-define:UNITY_2020_3_OR_NEWER
-define:UNITY_2021_1_OR_NEWER
-define:UNITY_2021_2_OR_NEWER
-define:UNITY_2021_3_OR_NEWER
-define:UNITY_2022_1_OR_NEWER
-define:UNITY_2022_2_OR_NEWER
-define:UNITY_2022_3_OR_NEWER
-define:UNITY_2023_1_OR_NEWER
-define:UNITY_2023_2_OR_NEWER
-define:UNITY_2023_3_OR_NEWER
-define:UNITY_6000_0_OR_NEWER
-define:UNITY_6000_1_OR_NEWER
-define:UNITY_6000_2_OR_NEWER
-define:UNITY_6000_3_OR_NEWER
-define:PLATFORM_ARCH_64
-define:UNITY_64
-define:UNITY_INCLUDE_TESTS
-define:ENABLE_AR
-define:ENABLE_AUDIO
-define:ENABLE_AUDIO_SCRIPTABLE_PIPELINE
-define:ENABLE_CACHING
-define:ENABLE_CLOTH
-define:ENABLE_EVENT_QUEUE
-define:ENABLE_MICROPHONE
-define:ENABLE_MULTIPLE_DISPLAYS
-define:ENABLE_PHYSICS
-define:ENABLE_TEXTURE_STREAMING
-define:ENABLE_VIRTUALTEXTURING
-define:ENABLE_LZMA
-define:ENABLE_UNITYEVENTS
-define:ENABLE_VR
-define:ENABLE_WEBCAM
-define:ENABLE_UNITYWEBREQUEST
-define:ENABLE_WWW
-define:ENABLE_CLOUD_SERVICES
-define:ENABLE_CLOUD_SERVICES_ADS
-define:ENABLE_CLOUD_SERVICES_USE_WEBREQUEST
-define:ENABLE_UNITY_CONSENT
-define:ENABLE_UNITY_CLOUD_IDENTIFIERS
-define:ENABLE_CLOUD_SERVICES_CRASH_REPORTING
-define:ENABLE_CLOUD_SERVICES_NATIVE_CRASH_REPORTING
-define:ENABLE_CLOUD_SERVICES_PURCHASING
-define:ENABLE_CLOUD_SERVICES_ANALYTICS
-define:ENABLE_CLOUD_SERVICES_BUILD
-define:ENABLE_EDITOR_GAME_SERVICES
-define:ENABLE_UNITY_GAME_SERVICES_ANALYTICS_SUPPORT
-define:ENABLE_CLOUD_LICENSE
-define:ENABLE_EDITOR_HUB_LICENSE
-define:ENABLE_WEBSOCKET_CLIENT
-define:ENABLE_GENERATE_NATIVE_PLUGINS_FOR_ASSEMBLIES_API
-define:ENABLE_DIRECTOR_AUDIO
-define:ENABLE_DIRECTOR_TEXTURE
-define:ENABLE_MANAGED_JOBS
-define:ENABLE_MANAGED_TRANSFORM_JOBS
-define:ENABLE_MANAGED_ANIMATION_JOBS
-define:ENABLE_MANAGED_AUDIO_JOBS
-define:ENABLE_MANAGED_UNITYTLS
-define:INCLUDE_DYNAMIC_GI
-define:ENABLE_SCRIPTING_GC_WBARRIERS
-define:PLATFORM_SUPPORTS_MONO
-define:RENDER_SOFTWARE_CURSOR
-define:ENABLE_MARSHALLING_TESTS
-define:ENABLE_VIDEO
-define:ENABLE_NAVIGATION_OFFMESHLINK_TO_NAVMESHLINK
-define:ENABLE_ACCELERATOR_CLIENT_DEBUGGING
-define:ENABLE_ACCESSIBILITY_SCREEN_READER
-define:TEXTCORE_1_0_OR_NEWER
-define:EDITOR_ONLY_NAVMESH_BUILDER_DEPRECATED
-define:PLATFORM_STANDALONE_WIN
-define:PLATFORM_STANDALONE
-define:UNITY_STANDALONE_WIN
-define:UNITY_STANDALONE
-define:ENABLE_RUNTIME_GI
-define:ENABLE_MOVIES
-define:ENABLE_NETWORK
-define:ENABLE_NVIDIA
-define:ENABLE_AMD
-define:ENABLE_CRUNCH_TEXTURE_COMPRESSION
-define:ENABLE_CLOUD_SERVICES_ENGINE_DIAGNOSTICS
-define:ENABLE_OUT_OF_PROCESS_CRASH_HANDLER
-define:ENABLE_CLUSTER_SYNC
-define:ENABLE_CLUSTERINPUT
-define:PLATFORM_UPDATES_TIME_OUTSIDE_OF_PLAYER_LOOP
-define:GFXDEVICE_WAITFOREVENT_MESSAGEPUMP
-define:PLATFORM_USES_EXPLICIT_MEMORY_MANAGER_INITIALIZER
-define:PLATFORM_SUPPORTS_WAIT_FOR_PRESENTATION
-define:PLATFORM_SUPPORTS_SPLIT_GRAPHICS_JOBS
-define:PLATFORM_USES_VULKAN_OLD_SWAPCHAIN
-define:ENABLE_MONO
-define:NET_STANDARD_2_0
-define:NET_STANDARD
-define:NET_STANDARD_2_1
-define:NETSTANDARD
-define:NETSTANDARD2_1
-define:ENABLE_PROFILER
-define:ENABLE_PROFILER_ASSISTANT_INTEGRATION
-define:DEBUG
-define:TRACE
-define:UNITY_ASSERTIONS
-define:UNITY_EDITOR
-define:UNITY_EDITOR_64
-define:UNITY_EDITOR_WIN
-define:ENABLE_UNITY_COLLECTIONS_CHECKS
-define:ENABLE_BURST_AOT
-define:UNITY_TEAM_LICENSE
-define:ENABLE_CUSTOM_RENDER_TEXTURE
-define:ENABLE_DIRECTOR
-define:ENABLE_LOCALIZATION
-define:ENABLE_SPRITES
-define:ENABLE_TERRAIN
-define:ENABLE_TILEMAP
-define:ENABLE_TIMELINE
-define:ENABLE_INPUT_SYSTEM
-define:ENABLE_LEGACY_INPUT_MANAGER
-define:TEXTCORE_FONT_ENGINE_1_5_OR_NEWER
-define:TEXTCORE_TEXT_ENGINE_1_5_OR_NEWER
-define:TEXTCORE_FONT_ENGINE_1_6_OR_NEWER
-define:CSHARP_7_OR_LATER
-define:CSHARP_7_3_OR_NEWER
-r:"C:/ProgramData/6000.3.24f1-x86_64/Editor/Data/Managed/UnityEditor.Graphs.dll"
-r:"C:/ProgramData/6000.3.24f1-x86_64/Editor/Data/Managed/UnityEngine/UnityEditor.AccessibilityModule.dll"
-r:"C:/ProgramData/6000.3.24f1-x86_64/Editor/Data/Managed/UnityEngine/UnityEditor.AdaptivePerformanceModule.dll"
-r:"C:/ProgramData/6000.3.24f1-x86_64/Editor/Data/Managed/UnityEngine/UnityEditor.AssetComplianceModule.dll"
-r:"C:/ProgramData/6000.3.24f1-x86_64/Editor/Data/Managed/UnityEngine/UnityEditor.BuildProfileModule.dll"
-r:"C:/ProgramData/6000.3.24f1-x86_64/Editor/Data/Managed/UnityEngine/UnityEditor.ClothModule.dll"
-r:"C:/ProgramData/6000.3.24f1-x86_64/Editor/Data/Managed/UnityEngine/UnityEditor.CoreBusinessMetricsModule.dll"
-r:"C:/ProgramData/6000.3.24f1-x86_64/Editor/Data/Managed/UnityEngine/UnityEditor.CoreModule.dll"
-r:"C:/ProgramData/6000.3.24f1-x86_64/Editor/Data/Managed/UnityEngine/UnityEditor.DeviceSimulatorModule.dll"
-r:"C:/ProgramData/6000.3.24f1-x86_64/Editor/Data/Managed/UnityEngine/UnityEditor.DiagnosticsModule.dll"
-r:"C:/ProgramData/6000.3.24f1-x86_64/Editor/Data/Managed/UnityEngine/UnityEditor.EditorToolbarModule.dll"
-r:"C:/ProgramData/6000.3.24f1-x86_64/Editor/Data/Managed/UnityEngine/UnityEditor.EmbreeModule.dll"
-r:"C:/ProgramData/6000.3.24f1-x86_64/Editor/Data/Managed/UnityEngine/UnityEditor.GIModule.dll"
-r:"C:/ProgramData/6000.3.24f1-x86_64/Editor/Data/Managed/UnityEngine/UnityEditor.GraphViewModule.dll"
-r:"C:/ProgramData/6000.3.24f1-x86_64/Editor/Data/Managed/UnityEngine/UnityEditor.GraphicsStateCollectionSerializerModule.dll"
-r:"C:/ProgramData/6000.3.24f1-x86_64/Editor/Data/Managed/UnityEngine/UnityEditor.GridAndSnapModule.dll"
-r:"C:/ProgramData/6000.3.24f1-x86_64/Editor/Data/Managed/UnityEngine/UnityEditor.GridModule.dll"
-r:"C:/ProgramData/6000.3.24f1-x86_64/Editor/Data/Managed/UnityEngine/UnityEditor.HierarchyModule.dll"
-r:"C:/ProgramData/6000.3.24f1-x86_64/Editor/Data/Managed/UnityEngine/UnityEditor.MediaModule.dll"
-r:"C:/ProgramData/6000.3.24f1-x86_64/Editor/Data/Managed/UnityEngine/UnityEditor.MultiplayerModule.dll"
-r:"C:/ProgramData/6000.3.24f1-x86_64/Editor/Data/Managed/UnityEngine/UnityEditor.Physics2DModule.dll"
-r:"C:/ProgramData/6000.3.24f1-x86_64/Editor/Data/Managed/UnityEngine/UnityEditor.PhysicsModule.dll"
-r:"C:/ProgramData/6000.3.24f1-x86_64/Editor/Data/Managed/UnityEngine/UnityEditor.PlayModeModule.dll"
-r:"C:/ProgramData/6000.3.24f1-x86_64/Editor/Data/Managed/UnityEngine/UnityEditor.PresetsUIModule.dll"
-r:"C:/ProgramData/6000.3.24f1-x86_64/Editor/Data/Managed/UnityEngine/UnityEditor.PropertiesModule.dll"
-r:"C:/ProgramData/6000.3.24f1-x86_64/Editor/Data/Managed/UnityEngine/UnityEditor.QuickInstallModule.dll"
-r:"C:/ProgramData/6000.3.24f1-x86_64/Editor/Data/Managed/UnityEngine/UnityEditor.QuickSearchModule.dll"
-r:"C:/ProgramData/6000.3.24f1-x86_64/Editor/Data/Managed/UnityEngine/UnityEditor.SafeModeModule.dll"
-r:"C:/ProgramData/6000.3.24f1-x86_64/Editor/Data/Managed/UnityEngine/UnityEditor.SceneTemplateModule.dll"
-r:"C:/ProgramData/6000.3.24f1-x86_64/Editor/Data/Managed/UnityEngine/UnityEditor.SceneViewModule.dll"
-r:"C:/ProgramData/6000.3.24f1-x86_64/Editor/Data/Managed/UnityEngine/UnityEditor.ShaderBuildSettingsModule.dll"
-r:"C:/ProgramData/6000.3.24f1-x86_64/Editor/Data/Managed/UnityEngine/UnityEditor.ShaderCompilationModule.dll"
-r:"C:/ProgramData/6000.3.24f1-x86_64/Editor/Data/Managed/UnityEngine/UnityEditor.ShaderFoundryModule.dll"
-r:"C:/ProgramData/6000.3.24f1-x86_64/Editor/Data/Managed/UnityEngine/UnityEditor.SketchUpModule.dll"
-r:"C:/ProgramData/6000.3.24f1-x86_64/Editor/Data/Managed/UnityEngine/UnityEditor.SpriteMaskModule.dll"
-r:"C:/ProgramData/6000.3.24f1-x86_64/Editor/Data/Managed/UnityEngine/UnityEditor.SpriteShapeModule.dll"
-r:"C:/ProgramData/6000.3.24f1-x86_64/Editor/Data/Managed/UnityEngine/UnityEditor.SubstanceModule.dll"
-r:"C:/ProgramData/6000.3.24f1-x86_64/Editor/Data/Managed/UnityEngine/UnityEditor.TerrainModule.dll"
-r:"C:/ProgramData/6000.3.24f1-x86_64/Editor/Data/Managed/UnityEngine/UnityEditor.TextCoreFontEngineModule.dll"
-r:"C:/ProgramData/6000.3.24f1-x86_64/Editor/Data/Managed/UnityEngine/UnityEditor.TextCoreTextEngineModule.dll"
-r:"C:/ProgramData/6000.3.24f1-x86_64/Editor/Data/Managed/UnityEngine/UnityEditor.TextRenderingModule.dll"
-r:"C:/ProgramData/6000.3.24f1-x86_64/Editor/Data/Managed/UnityEngine/UnityEditor.TilemapModule.dll"
-r:"C:/ProgramData/6000.3.24f1-x86_64/Editor/Data/Managed/UnityEngine/UnityEditor.TreeModule.dll"
-r:"C:/ProgramData/6000.3.24f1-x86_64/Editor/Data/Managed/UnityEngine/UnityEditor.UIAutomationModule.dll"
-r:"C:/ProgramData/6000.3.24f1-x86_64/Editor/Data/Managed/UnityEngine/UnityEditor.UIBuilderModule.dll"
-r:"C:/ProgramData/6000.3.24f1-x86_64/Editor/Data/Managed/UnityEngine/UnityEditor.UIElementsModule.dll"
-r:"C:/ProgramData/6000.3.24f1-x86_64/Editor/Data/Managed/UnityEngine/UnityEditor.UIElementsSamplesModule.dll"
-r:"C:/ProgramData/6000.3.24f1-x86_64/Editor/Data/Managed/UnityEngine/UnityEditor.UIToolkitAuthoringModule.dll"
-r:"C:/ProgramData/6000.3.24f1-x86_64/Editor/Data/Managed/UnityEngine/UnityEditor.UmbraModule.dll"
-r:"C:/ProgramData/6000.3.24f1-x86_64/Editor/Data/Managed/UnityEngine/UnityEditor.UnityConnectModule.dll"
-r:"C:/ProgramData/6000.3.24f1-x86_64/Editor/Data/Managed/UnityEngine/UnityEditor.VFXModule.dll"
-r:"C:/ProgramData/6000.3.24f1-x86_64/Editor/Data/Managed/UnityEngine/UnityEditor.VectorGraphicsModule.dll"
-r:"C:/ProgramData/6000.3.24f1-x86_64/Editor/Data/Managed/UnityEngine/UnityEditor.VideoModule.dll"
-r:"C:/ProgramData/6000.3.24f1-x86_64/Editor/Data/Managed/UnityEngine/UnityEditor.XRModule.dll"
-r:"C:/ProgramData/6000.3.24f1-x86_64/Editor/Data/Managed/UnityEngine/UnityEditor.dll"
-r:"C:/ProgramData/6000.3.24f1-x86_64/Editor/Data/Managed/UnityEngine/UnityEngine.AIModule.dll"
-r:"C:/ProgramData/6000.3.24f1-x86_64/Editor/Data/Managed/UnityEngine/UnityEngine.ARModule.dll"
-r:"C:/ProgramData/6000.3.24f1-x86_64/Editor/Data/Managed/UnityEngine/UnityEngine.AnimationModule.dll"
-r:"C:/ProgramData/6000.3.24f1-x86_64/Editor/Data/Managed/UnityEngine/UnityEngine.AudioModule.dll"
-r:"C:/ProgramData/6000.3.24f1-x86_64/Editor/Data/Managed/UnityEngine/UnityEngine.ClusterInputModule.dll"
-r:"C:/ProgramData/6000.3.24f1-x86_64/Editor/Data/Managed/UnityEngine/UnityEngine.ClusterRendererModule.dll"
-r:"C:/ProgramData/6000.3.24f1-x86_64/Editor/Data/Managed/UnityEngine/UnityEngine.ContentLoadModule.dll"
-r:"C:/ProgramData/6000.3.24f1-x86_64/Editor/Data/Managed/UnityEngine/UnityEngine.CoreModule.dll"
-r:"C:/ProgramData/6000.3.24f1-x86_64/Editor/Data/Managed/UnityEngine/UnityEngine.CrashReportingModule.dll"
-r:"C:/ProgramData/6000.3.24f1-x86_64/Editor/Data/Managed/UnityEngine/UnityEngine.DSPGraphModule.dll"
-r:"C:/ProgramData/6000.3.24f1-x86_64/Editor/Data/Managed/UnityEngine/UnityEngine.DirectorModule.dll"
-r:"C:/ProgramData/6000.3.24f1-x86_64/Editor/Data/Managed/UnityEngine/UnityEngine.GIModule.dll"
-r:"C:/ProgramData/6000.3.24f1-x86_64/Editor/Data/Managed/UnityEngine/UnityEngine.GameCenterModule.dll"
-r:"C:/ProgramData/6000.3.24f1-x86_64/Editor/Data/Managed/UnityEngine/UnityEngine.GraphicsStateCollectionSerializerModule.dll"
-r:"C:/ProgramData/6000.3.24f1-x86_64/Editor/Data/Managed/UnityEngine/UnityEngine.GridModule.dll"
-r:"C:/ProgramData/6000.3.24f1-x86_64/Editor/Data/Managed/UnityEngine/UnityEngine.HierarchyCoreModule.dll"
-r:"C:/ProgramData/6000.3.24f1-x86_64/Editor/Data/Managed/UnityEngine/UnityEngine.HotReloadModule.dll"
-r:"C:/ProgramData/6000.3.24f1-x86_64/Editor/Data/Managed/UnityEngine/UnityEngine.IMGUIModule.dll"
-r:"C:/ProgramData/6000.3.24f1-x86_64/Editor/Data/Managed/UnityEngine/UnityEngine.IdentifiersModule.dll"
-r:"C:/ProgramData/6000.3.24f1-x86_64/Editor/Data/Managed/UnityEngine/UnityEngine.InputForUIModule.dll"
-r:"C:/ProgramData/6000.3.24f1-x86_64/Editor/Data/Managed/UnityEngine/UnityEngine.InputLegacyModule.dll"
-r:"C:/ProgramData/6000.3.24f1-x86_64/Editor/Data/Managed/UnityEngine/UnityEngine.InputModule.dll"
-r:"C:/ProgramData/6000.3.24f1-x86_64/Editor/Data/Managed/UnityEngine/UnityEngine.InsightsModule.dll"
-r:"C:/ProgramData/6000.3.24f1-x86_64/Editor/Data/Managed/UnityEngine/UnityEngine.JSONSerializeModule.dll"
-r:"C:/ProgramData/6000.3.24f1-x86_64/Editor/Data/Managed/UnityEngine/UnityEngine.LocalizationModule.dll"
-r:"C:/ProgramData/6000.3.24f1-x86_64/Editor/Data/Managed/UnityEngine/UnityEngine.MarshallingModule.dll"
-r:"C:/ProgramData/6000.3.24f1-x86_64/Editor/Data/Managed/UnityEngine/UnityEngine.MultiplayerModule.dll"
-r:"C:/ProgramData/6000.3.24f1-x86_64/Editor/Data/Managed/UnityEngine/UnityEngine.ParticleSystemModule.dll"
-r:"C:/ProgramData/6000.3.24f1-x86_64/Editor/Data/Managed/UnityEngine/UnityEngine.PerformanceReportingModule.dll"
-r:"C:/ProgramData/6000.3.24f1-x86_64/Editor/Data/Managed/UnityEngine/UnityEngine.PhysicsBackendPhysXModule.dll"
-r:"C:/ProgramData/6000.3.24f1-x86_64/Editor/Data/Managed/UnityEngine/UnityEngine.PhysicsModule.dll"
-r:"C:/ProgramData/6000.3.24f1-x86_64/Editor/Data/Managed/UnityEngine/UnityEngine.PropertiesModule.dll"
-r:"C:/ProgramData/6000.3.24f1-x86_64/Editor/Data/Managed/UnityEngine/UnityEngine.RenderAs2DModule.dll"
-r:"C:/ProgramData/6000.3.24f1-x86_64/Editor/Data/Managed/UnityEngine/UnityEngine.RuntimeInitializeOnLoadManagerInitializerModule.dll"
-r:"C:/ProgramData/6000.3.24f1-x86_64/Editor/Data/Managed/UnityEngine/UnityEngine.ShaderRuntimeModule.dll"
-r:"C:/ProgramData/6000.3.24f1-x86_64/Editor/Data/Managed/UnityEngine/UnityEngine.ShaderVariantAnalyticsModule.dll"
-r:"C:/ProgramData/6000.3.24f1-x86_64/Editor/Data/Managed/UnityEngine/UnityEngine.SharedInternalsModule.dll"
-r:"C:/ProgramData/6000.3.24f1-x86_64/Editor/Data/Managed/UnityEngine/UnityEngine.SpriteMaskModule.dll"
-r:"C:/ProgramData/6000.3.24f1-x86_64/Editor/Data/Managed/UnityEngine/UnityEngine.SpriteShapeModule.dll"
-r:"C:/ProgramData/6000.3.24f1-x86_64/Editor/Data/Managed/UnityEngine/UnityEngine.StreamingModule.dll"
-r:"C:/ProgramData/6000.3.24f1-x86_64/Editor/Data/Managed/UnityEngine/UnityEngine.SubstanceModule.dll"
-r:"C:/ProgramData/6000.3.24f1-x86_64/Editor/Data/Managed/UnityEngine/UnityEngine.TLSModule.dll"
-r:"C:/ProgramData/6000.3.24f1-x86_64/Editor/Data/Managed/UnityEngine/UnityEngine.TerrainModule.dll"
-r:"C:/ProgramData/6000.3.24f1-x86_64/Editor/Data/Managed/UnityEngine/UnityEngine.TextCoreFontEngineModule.dll"
-r:"C:/ProgramData/6000.3.24f1-x86_64/Editor/Data/Managed/UnityEngine/UnityEngine.TextCoreTextEngineModule.dll"
-r:"C:/ProgramData/6000.3.24f1-x86_64/Editor/Data/Managed/UnityEngine/UnityEngine.TextRenderingModule.dll"
-r:"C:/ProgramData/6000.3.24f1-x86_64/Editor/Data/Managed/UnityEngine/UnityEngine.UIElementsModule.dll"
-r:"C:/ProgramData/6000.3.24f1-x86_64/Editor/Data/Managed/UnityEngine/UnityEngine.UIModule.dll"
-r:"C:/ProgramData/6000.3.24f1-x86_64/Editor/Data/Managed/UnityEngine/UnityEngine.UnityAnalyticsCommonModule.dll"
-r:"C:/ProgramData/6000.3.24f1-x86_64/Editor/Data/Managed/UnityEngine/UnityEngine.UnityConnectModule.dll"
-r:"C:/ProgramData/6000.3.24f1-x86_64/Editor/Data/Managed/UnityEngine/UnityEngine.UnityConsentModule.dll"
-r:"C:/ProgramData/6000.3.24f1-x86_64/Editor/Data/Managed/UnityEngine/UnityEngine.UnityCurlModule.dll"
-r:"C:/ProgramData/6000.3.24f1-x86_64/Editor/Data/Managed/UnityEngine/UnityEngine.VFXModule.dll"
-r:"C:/ProgramData/6000.3.24f1-x86_64/Editor/Data/Managed/UnityEngine/UnityEngine.VirtualTexturingModule.dll"
-r:"C:/ProgramData/6000.3.24f1-x86_64/Editor/Data/Managed/UnityEngine/UnityEngine.dll"
-r:"C:/ProgramData/6000.3.24f1-x86_64/Editor/Data/NetStandard/Extensions/2.0.0/System.Runtime.InteropServices.WindowsRuntime.dll"
-r:"C:/ProgramData/6000.3.24f1-x86_64/Editor/Data/NetStandard/compat/2.1.0/shims/netfx/System.ComponentModel.Composition.dll"
-r:"C:/ProgramData/6000.3.24f1-x86_64/Editor/Data/NetStandard/compat/2.1.0/shims/netfx/System.Core.dll"
-r:"C:/ProgramData/6000.3.24f1-x86_64/Editor/Data/NetStandard/compat/2.1.0/shims/netfx/System.Data.dll"
-r:"C:/ProgramData/6000.3.24f1-x86_64/Editor/Data/NetStandard/compat/2.1.0/shims/netfx/System.Drawing.dll"
-r:"C:/ProgramData/6000.3.24f1-x86_64/Editor/Data/NetStandard/compat/2.1.0/shims/netfx/System.IO.Compression.FileSystem.dll"
-r:"C:/ProgramData/6000.3.24f1-x86_64/Editor/Data/NetStandard/compat/2.1.0/shims/netfx/System.Net.dll"
-r:"C:/ProgramData/6000.3.24f1-x86_64/Editor/Data/NetStandard/compat/2.1.0/shims/netfx/System.Numerics.dll"
-r:"C:/ProgramData/6000.3.24f1-x86_64/Editor/Data/NetStandard/compat/2.1.0/shims/netfx/System.Runtime.Serialization.dll"
-r:"C:/ProgramData/6000.3.24f1-x86_64/Editor/Data/NetStandard/compat/2.1.0/shims/netfx/System.ServiceModel.Web.dll"
-r:"C:/ProgramData/6000.3.24f1-x86_64/Editor/Data/NetStandard/compat/2.1.0/shims/netfx/System.Transactions.dll"
-r:"C:/ProgramData/6000.3.24f1-x86_64/Editor/Data/NetStandard/compat/2.1.0/shims/netfx/System.Web.dll"
-r:"C:/ProgramData/6000.3.24f1-x86_64/Editor/Data/NetStandard/compat/2.1.0/shims/netfx/System.Windows.dll"
-r:"C:/ProgramData/6000.3.24f1-x86_64/Editor/Data/NetStandard/compat/2.1.0/shims/netfx/System.Xml.Linq.dll"
-r:"C:/ProgramData/6000.3.24f1-x86_64/Editor/Data/NetStandard/compat/2.1.0/shims/netfx/System.Xml.Serialization.dll"
-r:"C:/ProgramData/6000.3.24f1-x86_64/Editor/Data/NetStandard/compat/2.1.0/shims/netfx/System.Xml.dll"
-r:"C:/ProgramData/6000.3.24f1-x86_64/Editor/Data/NetStandard/compat/2.1.0/shims/netfx/System.dll"
-r:"C:/ProgramData/6000.3.24f1-x86_64/Editor/Data/NetStandard/compat/2.1.0/shims/netfx/mscorlib.dll"
-r:"C:/ProgramData/6000.3.24f1-x86_64/Editor/Data/NetStandard/compat/2.1.0/shims/netstandard/Microsoft.Win32.Primitives.dll"
-r:"C:/ProgramData/6000.3.24f1-x86_64/Editor/Data/NetStandard/compat/2.1.0/shims/netstandard/System.AppContext.dll"
-r:"C:/ProgramData/6000.3.24f1-x86_64/Editor/Data/NetStandard/compat/2.1.0/shims/netstandard/System.Buffers.dll"
-r:"C:/ProgramData/6000.3.24f1-x86_64/Editor/Data/NetStandard/compat/2.1.0/shims/netstandard/System.Collections.Concurrent.dll"
-r:"C:/ProgramData/6000.3.24f1-x86_64/Editor/Data/NetStandard/compat/2.1.0/shims/netstandard/System.Collections.NonGeneric.dll"
-r:"C:/ProgramData/6000.3.24f1-x86_64/Editor/Data/NetStandard/compat/2.1.0/shims/netstandard/System.Collections.Specialized.dll"
-r:"C:/ProgramData/6000.3.24f1-x86_64/Editor/Data/NetStandard/compat/2.1.0/shims/netstandard/System.Collections.dll"
-r:"C:/ProgramData/6000.3.24f1-x86_64/Editor/Data/NetStandard/compat/2.1.0/shims/netstandard/System.ComponentModel.EventBasedAsync.dll"
-r:"C:/ProgramData/6000.3.24f1-x86_64/Editor/Data/NetStandard/compat/2.1.0/shims/netstandard/System.ComponentModel.Primitives.dll"
-r:"C:/ProgramData/6000.3.24f1-x86_64/Editor/Data/NetStandard/compat/2.1.0/shims/netstandard/System.ComponentModel.TypeConverter.dll"
-r:"C:/ProgramData/6000.3.24f1-x86_64/Editor/Data/NetStandard/compat/2.1.0/shims/netstandard/System.ComponentModel.dll"
-r:"C:/ProgramData/6000.3.24f1-x86_64/Editor/Data/NetStandard/compat/2.1.0/shims/netstandard/System.Console.dll"
-r:"C:/ProgramData/6000.3.24f1-x86_64/Editor/Data/NetStandard/compat/2.1.0/shims/netstandard/System.Data.Common.dll"
-r:"C:/ProgramData/6000.3.24f1-x86_64/Editor/Data/NetStandard/compat/2.1.0/shims/netstandard/System.Diagnostics.Contracts.dll"
-r:"C:/ProgramData/6000.3.24f1-x86_64/Editor/Data/NetStandard/compat/2.1.0/shims/netstandard/System.Diagnostics.Debug.dll"
-r:"C:/ProgramData/6000.3.24f1-x86_64/Editor/Data/NetStandard/compat/2.1.0/shims/netstandard/System.Diagnostics.FileVersionInfo.dll"
-r:"C:/ProgramData/6000.3.24f1-x86_64/Editor/Data/NetStandard/compat/2.1.0/shims/netstandard/System.Diagnostics.Process.dll"
-r:"C:/ProgramData/6000.3.24f1-x86_64/Editor/Data/NetStandard/compat/2.1.0/shims/netstandard/System.Diagnostics.StackTrace.dll"
-r:"C:/ProgramData/6000.3.24f1-x86_64/Editor/Data/NetStandard/compat/2.1.0/shims/netstandard/System.Diagnostics.TextWriterTraceListener.dll"
-r:"C:/ProgramData/6000.3.24f1-x86_64/Editor/Data/NetStandard/compat/2.1.0/shims/netstandard/System.Diagnostics.Tools.dll"
-r:"C:/ProgramData/6000.3.24f1-x86_64/Editor/Data/NetStandard/compat/2.1.0/shims/netstandard/System.Diagnostics.TraceSource.dll"
-r:"C:/ProgramData/6000.3.24f1-x86_64/Editor/Data/NetStandard/compat/2.1.0/shims/netstandard/System.Diagnostics.Tracing.dll"
-r:"C:/ProgramData/6000.3.24f1-x86_64/Editor/Data/NetStandard/compat/2.1.0/shims/netstandard/System.Drawing.Primitives.dll"
-r:"C:/ProgramData/6000.3.24f1-x86_64/Editor/Data/NetStandard/compat/2.1.0/shims/netstandard/System.Dynamic.Runtime.dll"
-r:"C:/ProgramData/6000.3.24f1-x86_64/Editor/Data/NetStandard/compat/2.1.0/shims/netstandard/System.Globalization.Calendars.dll"
-r:"C:/ProgramData/6000.3.24f1-x86_64/Editor/Data/NetStandard/compat/2.1.0/shims/netstandard/System.Globalization.Extensions.dll"
-r:"C:/ProgramData/6000.3.24f1-x86_64/Editor/Data/NetStandard/compat/2.1.0/shims/netstandard/System.Globalization.dll"
-r:"C:/ProgramData/6000.3.24f1-x86_64/Editor/Data/NetStandard/compat/2.1.0/shims/netstandard/System.IO.Compression.ZipFile.dll"
-r:"C:/ProgramData/6000.3.24f1-x86_64/Editor/Data/NetStandard/compat/2.1.0/shims/netstandard/System.IO.Compression.dll"
-r:"C:/ProgramData/6000.3.24f1-x86_64/Editor/Data/NetStandard/compat/2.1.0/shims/netstandard/System.IO.FileSystem.DriveInfo.dll"
-r:"C:/ProgramData/6000.3.24f1-x86_64/Editor/Data/NetStandard/compat/2.1.0/shims/netstandard/System.IO.FileSystem.Primitives.dll"
-r:"C:/ProgramData/6000.3.24f1-x86_64/Editor/Data/NetStandard/compat/2.1.0/shims/netstandard/System.IO.FileSystem.Watcher.dll"
-r:"C:/ProgramData/6000.3.24f1-x86_64/Editor/Data/NetStandard/compat/2.1.0/shims/netstandard/System.IO.FileSystem.dll"
-r:"C:/ProgramData/6000.3.24f1-x86_64/Editor/Data/NetStandard/compat/2.1.0/shims/netstandard/System.IO.IsolatedStorage.dll"
-r:"C:/ProgramData/6000.3.24f1-x86_64/Editor/Data/NetStandard/compat/2.1.0/shims/netstandard/System.IO.MemoryMappedFiles.dll"
-r:"C:/ProgramData/6000.3.24f1-x86_64/Editor/Data/NetStandard/compat/2.1.0/shims/netstandard/System.IO.Pipes.dll"
-r:"C:/ProgramData/6000.3.24f1-x86_64/Editor/Data/NetStandard/compat/2.1.0/shims/netstandard/System.IO.UnmanagedMemoryStream.dll"
-r:"C:/ProgramData/6000.3.24f1-x86_64/Editor/Data/NetStandard/compat/2.1.0/shims/netstandard/System.IO.dll"
-r:"C:/ProgramData/6000.3.24f1-x86_64/Editor/Data/NetStandard/compat/2.1.0/shims/netstandard/System.Linq.Expressions.dll"
-r:"C:/ProgramData/6000.3.24f1-x86_64/Editor/Data/NetStandard/compat/2.1.0/shims/netstandard/System.Linq.Parallel.dll"
-r:"C:/ProgramData/6000.3.24f1-x86_64/Editor/Data/NetStandard/compat/2.1.0/shims/netstandard/System.Linq.Queryable.dll"
-r:"C:/ProgramData/6000.3.24f1-x86_64/Editor/Data/NetStandard/compat/2.1.0/shims/netstandard/System.Linq.dll"
-r:"C:/ProgramData/6000.3.24f1-x86_64/Editor/Data/NetStandard/compat/2.1.0/shims/netstandard/System.Memory.dll"
-r:"C:/ProgramData/6000.3.24f1-x86_64/Editor/Data/NetStandard/compat/2.1.0/shims/netstandard/System.Net.Http.dll"
-r:"C:/ProgramData/6000.3.24f1-x86_64/Editor/Data/NetStandard/compat/2.1.0/shims/netstandard/System.Net.NameResolution.dll"
-r:"C:/ProgramData/6000.3.24f1-x86_64/Editor/Data/NetStandard/compat/2.1.0/shims/netstandard/System.Net.NetworkInformation.dll"
-r:"C:/ProgramData/6000.3.24f1-x86_64/Editor/Data/NetStandard/compat/2.1.0/shims/netstandard/System.Net.Ping.dll"
-r:"C:/ProgramData/6000.3.24f1-x86_64/Editor/Data/NetStandard/compat/2.1.0/shims/netstandard/System.Net.Primitives.dll"
-r:"C:/ProgramData/6000.3.24f1-x86_64/Editor/Data/NetStandard/compat/2.1.0/shims/netstandard/System.Net.Requests.dll"
-r:"C:/ProgramData/6000.3.24f1-x86_64/Editor/Data/NetStandard/compat/2.1.0/shims/netstandard/System.Net.Security.dll"
-r:"C:/ProgramData/6000.3.24f1-x86_64/Editor/Data/NetStandard/compat/2.1.0/shims/netstandard/System.Net.Sockets.dll"
-r:"C:/ProgramData/6000.3.24f1-x86_64/Editor/Data/NetStandard/compat/2.1.0/shims/netstandard/System.Net.WebHeaderCollection.dll"
-r:"C:/ProgramData/6000.3.24f1-x86_64/Editor/Data/NetStandard/compat/2.1.0/shims/netstandard/System.Net.WebSockets.Client.dll"
-r:"C:/ProgramData/6000.3.24f1-x86_64/Editor/Data/NetStandard/compat/2.1.0/shims/netstandard/System.Net.WebSockets.dll"
-r:"C:/ProgramData/6000.3.24f1-x86_64/Editor/Data/NetStandard/compat/2.1.0/shims/netstandard/System.Numerics.Vectors.dll"
-r:"C:/ProgramData/6000.3.24f1-x86_64/Editor/Data/NetStandard/compat/2.1.0/shims/netstandard/System.ObjectModel.dll"
-r:"C:/ProgramData/6000.3.24f1-x86_64/Editor/Data/NetStandard/compat/2.1.0/shims/netstandard/System.Reflection.DispatchProxy.dll"
-r:"C:/ProgramData/6000.3.24f1-x86_64/Editor/Data/NetStandard/compat/2.1.0/shims/netstandard/System.Reflection.Emit.ILGeneration.dll"
-r:"C:/ProgramData/6000.3.24f1-x86_64/Editor/Data/NetStandard/compat/2.1.0/shims/netstandard/System.Reflection.Emit.Lightweight.dll"
-r:"C:/ProgramData/6000.3.24f1-x86_64/Editor/Data/NetStandard/compat/2.1.0/shims/netstandard/System.Reflection.Emit.dll"
-r:"C:/ProgramData/6000.3.24f1-x86_64/Editor/Data/NetStandard/compat/2.1.0/shims/netstandard/System.Reflection.Extensions.dll"
-r:"C:/ProgramData/6000.3.24f1-x86_64/Editor/Data/NetStandard/compat/2.1.0/shims/netstandard/System.Reflection.Primitives.dll"
-r:"C:/ProgramData/6000.3.24f1-x86_64/Editor/Data/NetStandard/compat/2.1.0/shims/netstandard/System.Reflection.dll"
-r:"C:/ProgramData/6000.3.24f1-x86_64/Editor/Data/NetStandard/compat/2.1.0/shims/netstandard/System.Resources.Reader.dll"
-r:"C:/ProgramData/6000.3.24f1-x86_64/Editor/Data/NetStandard/compat/2.1.0/shims/netstandard/System.Resources.ResourceManager.dll"
-r:"C:/ProgramData/6000.3.24f1-x86_64/Editor/Data/NetStandard/compat/2.1.0/shims/netstandard/System.Resources.Writer.dll"
-r:"C:/ProgramData/6000.3.24f1-x86_64/Editor/Data/NetStandard/compat/2.1.0/shims/netstandard/System.Runtime.CompilerServices.VisualC.dll"
-r:"C:/ProgramData/6000.3.24f1-x86_64/Editor/Data/NetStandard/compat/2.1.0/shims/netstandard/System.Runtime.Extensions.dll"
-r:"C:/ProgramData/6000.3.24f1-x86_64/Editor/Data/NetStandard/compat/2.1.0/shims/netstandard/System.Runtime.Handles.dll"
-r:"C:/ProgramData/6000.3.24f1-x86_64/Editor/Data/NetStandard/compat/2.1.0/shims/netstandard/System.Runtime.InteropServices.RuntimeInformation.dll"
-r:"C:/ProgramData/6000.3.24f1-x86_64/Editor/Data/NetStandard/compat/2.1.0/shims/netstandard/System.Runtime.InteropServices.dll"
-r:"C:/ProgramData/6000.3.24f1-x86_64/Editor/Data/NetStandard/compat/2.1.0/shims/netstandard/System.Runtime.Numerics.dll"
-r:"C:/ProgramData/6000.3.24f1-x86_64/Editor/Data/NetStandard/compat/2.1.0/shims/netstandard/System.Runtime.Serialization.Formatters.dll"
-r:"C:/ProgramData/6000.3.24f1-x86_64/Editor/Data/NetStandard/compat/2.1.0/shims/netstandard/System.Runtime.Serialization.Json.dll"
-r:"C:/ProgramData/6000.3.24f1-x86_64/Editor/Data/NetStandard/compat/2.1.0/shims/netstandard/System.Runtime.Serialization.Primitives.dll"
-r:"C:/ProgramData/6000.3.24f1-x86_64/Editor/Data/NetStandard/compat/2.1.0/shims/netstandard/System.Runtime.Serialization.Xml.dll"
-r:"C:/ProgramData/6000.3.24f1-x86_64/Editor/Data/NetStandard/compat/2.1.0/shims/netstandard/System.Runtime.dll"
-r:"C:/ProgramData/6000.3.24f1-x86_64/Editor/Data/NetStandard/compat/2.1.0/shims/netstandard/System.Security.Claims.dll"
-r:"C:/ProgramData/6000.3.24f1-x86_64/Editor/Data/NetStandard/compat/2.1.0/shims/netstandard/System.Security.Cryptography.Algorithms.dll"
-r:"C:/ProgramData/6000.3.24f1-x86_64/Editor/Data/NetStandard/compat/2.1.0/shims/netstandard/System.Security.Cryptography.Csp.dll"
-r:"C:/ProgramData/6000.3.24f1-x86_64/Editor/Data/NetStandard/compat/2.1.0/shims/netstandard/System.Security.Cryptography.Encoding.dll"
-r:"C:/ProgramData/6000.3.24f1-x86_64/Editor/Data/NetStandard/compat/2.1.0/shims/netstandard/System.Security.Cryptography.Primitives.dll"
-r:"C:/ProgramData/6000.3.24f1-x86_64/Editor/Data/NetStandard/compat/2.1.0/shims/netstandard/System.Security.Cryptography.X509Certificates.dll"
-r:"C:/ProgramData/6000.3.24f1-x86_64/Editor/Data/NetStandard/compat/2.1.0/shims/netstandard/System.Security.Principal.dll"
-r:"C:/ProgramData/6000.3.24f1-x86_64/Editor/Data/NetStandard/compat/2.1.0/shims/netstandard/System.Security.SecureString.dll"
-r:"C:/ProgramData/6000.3.24f1-x86_64/Editor/Data/NetStandard/compat/2.1.0/shims/netstandard/System.Text.Encoding.Extensions.dll"
-r:"C:/ProgramData/6000.3.24f1-x86_64/Editor/Data/NetStandard/compat/2.1.0/shims/netstandard/System.Text.Encoding.dll"
-r:"C:/ProgramData/6000.3.24f1-x86_64/Editor/Data/NetStandard/compat/2.1.0/shims/netstandard/System.Text.RegularExpressions.dll"
-r:"C:/ProgramData/6000.3.24f1-x86_64/Editor/Data/NetStandard/compat/2.1.0/shims/netstandard/System.Threading.Overlapped.dll"
-r:"C:/ProgramData/6000.3.24f1-x86_64/Editor/Data/NetStandard/compat/2.1.0/shims/netstandard/System.Threading.Tasks.Extensions.dll"
-r:"C:/ProgramData/6000.3.24f1-x86_64/Editor/Data/NetStandard/compat/2.1.0/shims/netstandard/System.Threading.Tasks.Parallel.dll"
-r:"C:/ProgramData/6000.3.24f1-x86_64/Editor/Data/NetStandard/compat/2.1.0/shims/netstandard/System.Threading.Tasks.dll"
-r:"C:/ProgramData/6000.3.24f1-x86_64/Editor/Data/NetStandard/compat/2.1.0/shims/netstandard/System.Threading.Thread.dll"
-r:"C:/ProgramData/6000.3.24f1-x86_64/Editor/Data/NetStandard/compat/2.1.0/shims/netstandard/System.Threading.ThreadPool.dll"
-r:"C:/ProgramData/6000.3.24f1-x86_64/Editor/Data/NetStandard/compat/2.1.0/shims/netstandard/System.Threading.Timer.dll"
-r:"C:/ProgramData/6000.3.24f1-x86_64/Editor/Data/NetStandard/compat/2.1.0/shims/netstandard/System.Threading.dll"
-r:"C:/ProgramData/6000.3.24f1-x86_64/Editor/Data/NetStandard/compat/2.1.0/shims/netstandard/System.ValueTuple.dll"
-r:"C:/ProgramData/6000.3.24f1-x86_64/Editor/Data/NetStandard/compat/2.1.0/shims/netstandard/System.Xml.ReaderWriter.dll"
-r:"C:/ProgramData/6000.3.24f1-x86_64/Editor/Data/NetStandard/compat/2.1.0/shims/netstandard/System.Xml.XDocument.dll"
-r:"C:/ProgramData/6000.3.24f1-x86_64/Editor/Data/NetStandard/compat/2.1.0/shims/netstandard/System.Xml.XPath.XDocument.dll"
-r:"C:/ProgramData/6000.3.24f1-x86_64/Editor/Data/NetStandard/compat/2.1.0/shims/netstandard/System.Xml.XPath.dll"
-r:"C:/ProgramData/6000.3.24f1-x86_64/Editor/Data/NetStandard/compat/2.1.0/shims/netstandard/System.Xml.XmlDocument.dll"
-r:"C:/ProgramData/6000.3.24f1-x86_64/Editor/Data/NetStandard/compat/2.1.0/shims/netstandard/System.Xml.XmlSerializer.dll"
-r:"C:/ProgramData/6000.3.24f1-x86_64/Editor/Data/NetStandard/ref/2.1.0/netstandard.dll"
-r:"C:/ProgramData/6000.3.24f1-x86_64/Editor/Data/PlaybackEngines/WindowsStandaloneSupport/UnityEditor.WindowsStandalone.Extensions.dll"
-r:"E:/Palimpseste/Palimpseste_Unity_Dossier_Luna_Codex/Palimpseste_Unity_Dossier/shared/Palimpseste.Contracts/obj/Debug/netstandard2.1/Palimpseste.Contracts.dll"
-r:"Library/PackageCache/com.unity.collab-proxy@b26119cdd155/Lib/Editor/PlasticSCM/Unity.Plastic.Antlr3.Runtime.dll"
-r:"Library/PackageCache/com.unity.collab-proxy@b26119cdd155/Lib/Editor/PlasticSCM/Unity.Plastic.Newtonsoft.Json.dll"
-r:"Library/PackageCache/com.unity.collab-proxy@b26119cdd155/Lib/Editor/PlasticSCM/log4netPlastic.dll"
-r:"Library/PackageCache/com.unity.collab-proxy@b26119cdd155/Lib/Editor/PlasticSCM/unityplastic.dll"
-r:"Library/PackageCache/com.unity.collections@84e8eb3fc12e/Unity.Collections.LowLevel.ILSupport/Unity.Collections.LowLevel.ILSupport.dll"
-r:"Library/PackageCache/com.unity.ext.nunit@d8c07649098d/net40/unity-custom/nunit.framework.dll"
-r:"Library/PackageCache/com.unity.nuget.mono-cecil@ecb9724e46ff/Mono.Cecil.dll"
-r:"Library/PackageCache/com.unity.nuget.newtonsoft-json@74deb55db2a0/Runtime/Newtonsoft.Json.dll"
-r:"Library/PackageCache/com.unity.visualscripting@80ee0eef820c/Editor/VisualScripting.Core/Dependencies/DotNetZip/Unity.VisualScripting.IonicZip.dll"
-r:"Library/PackageCache/com.unity.visualscripting@80ee0eef820c/Editor/VisualScripting.Core/Dependencies/YamlDotNet/Unity.VisualScripting.YamlDotNet.dll"
-r:"Library/PackageCache/com.unity.visualscripting@80ee0eef820c/Editor/VisualScripting.Core/EditorAssetResources/Unity.VisualScripting.TextureAssets.dll"
-r:"Library/PackageCache/com.unity.visualscripting@80ee0eef820c/Runtime/VisualScripting.Flow/Dependencies/NCalc/Unity.VisualScripting.Antlr3.Runtime.dll"
-r:"Library/Bee/artifacts/1900b0aE.dag/Palimpseste.Contracts.ref.dll"
-r:"Library/Bee/artifacts/1900b0aE.dag/UnityEditor.UI.ref.dll"
-r:"Library/Bee/artifacts/1900b0aE.dag/UnityEngine.UI.ref.dll"
-analyzer:"C:/ProgramData/6000.3.24f1-x86_64/Editor/Data/Tools/BuildPipeline/Unity.SourceGenerators/Unity.Properties.SourceGenerator.dll"
-analyzer:"C:/ProgramData/6000.3.24f1-x86_64/Editor/Data/Tools/BuildPipeline/Unity.SourceGenerators/Unity.SourceGenerators.dll"
-analyzer:"C:/ProgramData/6000.3.24f1-x86_64/Editor/Data/Tools/BuildPipeline/Unity.SourceGenerators/Unity.UIToolkit.SourceGenerator.dll"
"Assets/Palimpseste/Bootstrap/PalimpsesteApp.cs"
"Assets/Palimpseste/Drawing/DrawingCanvas.cs"
"Assets/Palimpseste/Library/ParchmentStore.cs"
"Assets/Palimpseste/Presentation/CarrierVisual.cs"
"Assets/Palimpseste/Service/LabApi.cs"
"Assets/Palimpseste/SpellRuntime/GeometryRuntime.cs"
"Assets/Palimpseste/SpellRuntime/RuntimeEngine.cs"
"Assets/Palimpseste/SpellRuntime/SpellLab.cs"
-langversion:9.0
/deterministic
/optimize+
/debug:portable
/nologo
/RuntimeMetadataVersion:v4.0.30319
/nowarn:0169
/nowarn:0649
/nowarn:0282
/nowarn:1701
/nowarn:1702
/utf8output
/preferreduilang:en-US
/additionalfile:"Library/Bee/artifacts/1900b0aE.dag/Palimpseste.Game.UnityAdditionalFile.txt"
##### Custom Environment Variables
DOTNET_MULTILEVEL_LOOKUP=0
##### ExitCode
1
##### Output
Assets\Palimpseste\Service\LabApi.cs(54,17): error CS1069: The type name 'UnityWebRequest' could not be found in the namespace 'UnityEngine.Networking'. This type has been forwarded to assembly 'UnityEngine.UnityWebRequestModule, Version=0.0.0.0, Culture=neutral, PublicKeyToken=null' Consider adding a reference to that assembly.

Assets\Palimpseste\Service\LabApi.cs(162,37): error CS1069: The type name 'UnityWebRequest' could not be found in the namespace 'UnityEngine.Networking'. This type has been forwarded to assembly 'UnityEngine.UnityWebRequestModule, Version=0.0.0.0, Culture=neutral, PublicKeyToken=null' Consider adding a reference to that assembly.
[676/845    2s] Csc Library/Bee/artifacts/1900b0aE.dag/Unity.InputSystem.dll (+2 others)
##### CommandLine
"C:\ProgramData\6000.3.24f1-x86_64\Editor\Data\NetCoreRuntime\dotnet.exe" exec "C:/ProgramData/6000.3.24f1-x86_64/Editor/Data/DotNetSdkRoslyn/csc.dll" /nostdlib /noconfig /shared "@Library/Bee/artifacts/1900b0aE.dag/Unity.InputSystem.rsp" "@Library/Bee/artifacts/1900b0aE.dag/Unity.InputSystem.rsp2"
##### Contents of Library\Bee\artifacts\1900b0aE.dag\Unity.InputSystem.rsp
-target:library
-out:"Library/Bee/artifacts/1900b0aE.dag/Unity.InputSystem.dll"
-refout:"Library/Bee/artifacts/1900b0aE.dag/Unity.InputSystem.ref.dll"
-define:UNITY_6000_3_24
-define:UNITY_6000_3
-define:UNITY_6000
-define:UNITY_5_3_OR_NEWER
-define:UNITY_5_4_OR_NEWER
-define:UNITY_5_5_OR_NEWER
-define:UNITY_5_6_OR_NEWER
-define:UNITY_2017_1_OR_NEWER
-define:UNITY_2017_2_OR_NEWER
-define:UNITY_2017_3_OR_NEWER
-define:UNITY_2017_4_OR_NEWER
-define:UNITY_2018_1_OR_NEWER
-define:UNITY_2018_2_OR_NEWER
-define:UNITY_2018_3_OR_NEWER
-define:UNITY_2018_4_OR_NEWER
-define:UNITY_2019_1_OR_NEWER
-define:UNITY_2019_2_OR_NEWER
-define:UNITY_2019_3_OR_NEWER
-define:UNITY_2019_4_OR_NEWER
-define:UNITY_2020_1_OR_NEWER
-define:UNITY_2020_2_OR_NEWER
-define:UNITY_2020_3_OR_NEWER
-define:UNITY_2021_1_OR_NEWER
-define:UNITY_2021_2_OR_NEWER
-define:UNITY_2021_3_OR_NEWER
-define:UNITY_2022_1_OR_NEWER
-define:UNITY_2022_2_OR_NEWER
-define:UNITY_2022_3_OR_NEWER
-define:UNITY_2023_1_OR_NEWER
-define:UNITY_2023_2_OR_NEWER
-define:UNITY_2023_3_OR_NEWER
-define:UNITY_6000_0_OR_NEWER
-define:UNITY_6000_1_OR_NEWER
-define:UNITY_6000_2_OR_NEWER
-define:UNITY_6000_3_OR_NEWER
-define:PLATFORM_ARCH_64
-define:UNITY_64
-define:UNITY_INCLUDE_TESTS
-define:ENABLE_AR
-define:ENABLE_AUDIO
-define:ENABLE_AUDIO_SCRIPTABLE_PIPELINE
-define:ENABLE_CACHING
-define:ENABLE_CLOTH
-define:ENABLE_EVENT_QUEUE
-define:ENABLE_MICROPHONE
-define:ENABLE_MULTIPLE_DISPLAYS
-define:ENABLE_PHYSICS
-define:ENABLE_TEXTURE_STREAMING
-define:ENABLE_VIRTUALTEXTURING
-define:ENABLE_LZMA
-define:ENABLE_UNITYEVENTS
-define:ENABLE_VR
-define:ENABLE_WEBCAM
-define:ENABLE_UNITYWEBREQUEST
-define:ENABLE_WWW
-define:ENABLE_CLOUD_SERVICES
-define:ENABLE_CLOUD_SERVICES_ADS
-define:ENABLE_CLOUD_SERVICES_USE_WEBREQUEST
-define:ENABLE_UNITY_CONSENT
-define:ENABLE_UNITY_CLOUD_IDENTIFIERS
-define:ENABLE_CLOUD_SERVICES_CRASH_REPORTING
-define:ENABLE_CLOUD_SERVICES_NATIVE_CRASH_REPORTING
-define:ENABLE_CLOUD_SERVICES_PURCHASING
-define:ENABLE_CLOUD_SERVICES_ANALYTICS
-define:ENABLE_CLOUD_SERVICES_BUILD
-define:ENABLE_EDITOR_GAME_SERVICES
-define:ENABLE_UNITY_GAME_SERVICES_ANALYTICS_SUPPORT
-define:ENABLE_CLOUD_LICENSE
-define:ENABLE_EDITOR_HUB_LICENSE
-define:ENABLE_WEBSOCKET_CLIENT
-define:ENABLE_GENERATE_NATIVE_PLUGINS_FOR_ASSEMBLIES_API
-define:ENABLE_DIRECTOR_AUDIO
-define:ENABLE_DIRECTOR_TEXTURE
-define:ENABLE_MANAGED_JOBS
-define:ENABLE_MANAGED_TRANSFORM_JOBS
-define:ENABLE_MANAGED_ANIMATION_JOBS
-define:ENABLE_MANAGED_AUDIO_JOBS
-define:ENABLE_MANAGED_UNITYTLS
-define:INCLUDE_DYNAMIC_GI
-define:ENABLE_SCRIPTING_GC_WBARRIERS
-define:PLATFORM_SUPPORTS_MONO
-define:RENDER_SOFTWARE_CURSOR
-define:ENABLE_MARSHALLING_TESTS
-define:ENABLE_VIDEO
-define:ENABLE_NAVIGATION_OFFMESHLINK_TO_NAVMESHLINK
-define:ENABLE_ACCELERATOR_CLIENT_DEBUGGING
-define:ENABLE_ACCESSIBILITY_SCREEN_READER
-define:TEXTCORE_1_0_OR_NEWER
-define:EDITOR_ONLY_NAVMESH_BUILDER_DEPRECATED
-define:PLATFORM_STANDALONE_WIN
-define:PLATFORM_STANDALONE
-define:UNITY_STANDALONE_WIN
-define:UNITY_STANDALONE
-define:ENABLE_RUNTIME_GI
-define:ENABLE_MOVIES
-define:ENABLE_NETWORK
-define:ENABLE_NVIDIA
-define:ENABLE_AMD
-define:ENABLE_CRUNCH_TEXTURE_COMPRESSION
-define:ENABLE_CLOUD_SERVICES_ENGINE_DIAGNOSTICS
-define:ENABLE_OUT_OF_PROCESS_CRASH_HANDLER
-define:ENABLE_CLUSTER_SYNC
-define:ENABLE_CLUSTERINPUT
-define:PLATFORM_UPDATES_TIME_OUTSIDE_OF_PLAYER_LOOP
-define:GFXDEVICE_WAITFOREVENT_MESSAGEPUMP
-define:PLATFORM_USES_EXPLICIT_MEMORY_MANAGER_INITIALIZER
-define:PLATFORM_SUPPORTS_WAIT_FOR_PRESENTATION
-define:PLATFORM_SUPPORTS_SPLIT_GRAPHICS_JOBS
-define:PLATFORM_USES_VULKAN_OLD_SWAPCHAIN
-define:ENABLE_MONO
-define:NET_STANDARD_2_0
-define:NET_STANDARD
-define:NET_STANDARD_2_1
-define:NETSTANDARD
-define:NETSTANDARD2_1
-define:ENABLE_PROFILER
-define:ENABLE_PROFILER_ASSISTANT_INTEGRATION
-define:DEBUG
-define:TRACE
-define:UNITY_ASSERTIONS
-define:UNITY_EDITOR
-define:UNITY_EDITOR_64
-define:UNITY_EDITOR_WIN
-define:ENABLE_UNITY_COLLECTIONS_CHECKS
-define:ENABLE_BURST_AOT
-define:UNITY_TEAM_LICENSE
-define:ENABLE_CUSTOM_RENDER_TEXTURE
-define:ENABLE_DIRECTOR
-define:ENABLE_LOCALIZATION
-define:ENABLE_SPRITES
-define:ENABLE_TERRAIN
-define:ENABLE_TILEMAP
-define:ENABLE_TIMELINE
-define:ENABLE_INPUT_SYSTEM
-define:ENABLE_LEGACY_INPUT_MANAGER
-define:TEXTCORE_FONT_ENGINE_1_5_OR_NEWER
-define:TEXTCORE_TEXT_ENGINE_1_5_OR_NEWER
-define:TEXTCORE_FONT_ENGINE_1_6_OR_NEWER
-define:UNITY_INPUT_SYSTEM_ENABLE_PHYSICS
-define:UNITY_INPUT_SYSTEM_ENABLE_UI
-define:HAS_SET_LOCAL_POSITION_AND_ROTATION
-define:UNITY_INPUT_SYSTEM_PROJECT_WIDE_ACTIONS
-define:UNITY_INPUT_SYSTEM_INPUT_ACTIONS_EDITOR_AUTO_SAVE_ON_FOCUS_LOST
-define:UNITY_INPUT_SYSTEM_PLATFORM_SCROLL_DELTA
-define:UNITY_INPUT_SYSTEM_INPUT_MODULE_SCROLL_DELTA
-define:UNITY_INPUT_SYSTEM_SENDPOINTERHOVERTOPARENT
-define:CSHARP_7_OR_LATER
-define:CSHARP_7_3_OR_NEWER
-r:"C:/ProgramData/6000.3.24f1-x86_64/Editor/Data/Managed/UnityEditor.Graphs.dll"
-r:"C:/ProgramData/6000.3.24f1-x86_64/Editor/Data/Managed/UnityEngine/UnityEditor.AccessibilityModule.dll"
-r:"C:/ProgramData/6000.3.24f1-x86_64/Editor/Data/Managed/UnityEngine/UnityEditor.AdaptivePerformanceModule.dll"
-r:"C:/ProgramData/6000.3.24f1-x86_64/Editor/Data/Managed/UnityEngine/UnityEditor.AssetComplianceModule.dll"
-r:"C:/ProgramData/6000.3.24f1-x86_64/Editor/Data/Managed/UnityEngine/UnityEditor.BuildProfileModule.dll"
-r:"C:/ProgramData/6000.3.24f1-x86_64/Editor/Data/Managed/UnityEngine/UnityEditor.ClothModule.dll"
-r:"C:/ProgramData/6000.3.24f1-x86_64/Editor/Data/Managed/UnityEngine/UnityEditor.CoreBusinessMetricsModule.dll"
-r:"C:/ProgramData/6000.3.24f1-x86_64/Editor/Data/Managed/UnityEngine/UnityEditor.CoreModule.dll"
-r:"C:/ProgramData/6000.3.24f1-x86_64/Editor/Data/Managed/UnityEngine/UnityEditor.DeviceSimulatorModule.dll"
-r:"C:/ProgramData/6000.3.24f1-x86_64/Editor/Data/Managed/UnityEngine/UnityEditor.DiagnosticsModule.dll"
-r:"C:/ProgramData/6000.3.24f1-x86_64/Editor/Data/Managed/UnityEngine/UnityEditor.EditorToolbarModule.dll"
-r:"C:/ProgramData/6000.3.24f1-x86_64/Editor/Data/Managed/UnityEngine/UnityEditor.EmbreeModule.dll"
-r:"C:/ProgramData/6000.3.24f1-x86_64/Editor/Data/Managed/UnityEngine/UnityEditor.GIModule.dll"
-r:"C:/ProgramData/6000.3.24f1-x86_64/Editor/Data/Managed/UnityEngine/UnityEditor.GraphViewModule.dll"
-r:"C:/ProgramData/6000.3.24f1-x86_64/Editor/Data/Managed/UnityEngine/UnityEditor.GraphicsStateCollectionSerializerModule.dll"
-r:"C:/ProgramData/6000.3.24f1-x86_64/Editor/Data/Managed/UnityEngine/UnityEditor.GridAndSnapModule.dll"
-r:"C:/ProgramData/6000.3.24f1-x86_64/Editor/Data/Managed/UnityEngine/UnityEditor.GridModule.dll"
-r:"C:/ProgramData/6000.3.24f1-x86_64/Editor/Data/Managed/UnityEngine/UnityEditor.HierarchyModule.dll"
-r:"C:/ProgramData/6000.3.24f1-x86_64/Editor/Data/Managed/UnityEngine/UnityEditor.MediaModule.dll"
-r:"C:/ProgramData/6000.3.24f1-x86_64/Editor/Data/Managed/UnityEngine/UnityEditor.MultiplayerModule.dll"
-r:"C:/ProgramData/6000.3.24f1-x86_64/Editor/Data/Managed/UnityEngine/UnityEditor.Physics2DModule.dll"
-r:"C:/ProgramData/6000.3.24f1-x86_64/Editor/Data/Managed/UnityEngine/UnityEditor.PhysicsModule.dll"
-r:"C:/ProgramData/6000.3.24f1-x86_64/Editor/Data/Managed/UnityEngine/UnityEditor.PlayModeModule.dll"
-r:"C:/ProgramData/6000.3.24f1-x86_64/Editor/Data/Managed/UnityEngine/UnityEditor.PresetsUIModule.dll"
-r:"C:/ProgramData/6000.3.24f1-x86_64/Editor/Data/Managed/UnityEngine/UnityEditor.PropertiesModule.dll"
-r:"C:/ProgramData/6000.3.24f1-x86_64/Editor/Data/Managed/UnityEngine/UnityEditor.QuickInstallModule.dll"
-r:"C:/ProgramData/6000.3.24f1-x86_64/Editor/Data/Managed/UnityEngine/UnityEditor.QuickSearchModule.dll"
-r:"C:/ProgramData/6000.3.24f1-x86_64/Editor/Data/Managed/UnityEngine/UnityEditor.SafeModeModule.dll"
-r:"C:/ProgramData/6000.3.24f1-x86_64/Editor/Data/Managed/UnityEngine/UnityEditor.SceneTemplateModule.dll"
-r:"C:/ProgramData/6000.3.24f1-x86_64/Editor/Data/Managed/UnityEngine/UnityEditor.SceneViewModule.dll"
-r:"C:/ProgramData/6000.3.24f1-x86_64/Editor/Data/Managed/UnityEngine/UnityEditor.ShaderBuildSettingsModule.dll"
-r:"C:/ProgramData/6000.3.24f1-x86_64/Editor/Data/Managed/UnityEngine/UnityEditor.ShaderCompilationModule.dll"
-r:"C:/ProgramData/6000.3.24f1-x86_64/Editor/Data/Managed/UnityEngine/UnityEditor.ShaderFoundryModule.dll"
-r:"C:/ProgramData/6000.3.24f1-x86_64/Editor/Data/Managed/UnityEngine/UnityEditor.SketchUpModule.dll"
-r:"C:/ProgramData/6000.3.24f1-x86_64/Editor/Data/Managed/UnityEngine/UnityEditor.SpriteMaskModule.dll"
-r:"C:/ProgramData/6000.3.24f1-x86_64/Editor/Data/Managed/UnityEngine/UnityEditor.SpriteShapeModule.dll"
-r:"C:/ProgramData/6000.3.24f1-x86_64/Editor/Data/Managed/UnityEngine/UnityEditor.SubstanceModule.dll"
-r:"C:/ProgramData/6000.3.24f1-x86_64/Editor/Data/Managed/UnityEngine/UnityEditor.TerrainModule.dll"
-r:"C:/ProgramData/6000.3.24f1-x86_64/Editor/Data/Managed/UnityEngine/UnityEditor.TextCoreFontEngineModule.dll"
-r:"C:/ProgramData/6000.3.24f1-x86_64/Editor/Data/Managed/UnityEngine/UnityEditor.TextCoreTextEngineModule.dll"
-r:"C:/ProgramData/6000.3.24f1-x86_64/Editor/Data/Managed/UnityEngine/UnityEditor.TextRenderingModule.dll"
-r:"C:/ProgramData/6000.3.24f1-x86_64/Editor/Data/Managed/UnityEngine/UnityEditor.TilemapModule.dll"
-r:"C:/ProgramData/6000.3.24f1-x86_64/Editor/Data/Managed/UnityEngine/UnityEditor.TreeModule.dll"
-r:"C:/ProgramData/6000.3.24f1-x86_64/Editor/Data/Managed/UnityEngine/UnityEditor.UIAutomationModule.dll"
-r:"C:/ProgramData/6000.3.24f1-x86_64/Editor/Data/Managed/UnityEngine/UnityEditor.UIBuilderModule.dll"
-r:"C:/ProgramData/6000.3.24f1-x86_64/Editor/Data/Managed/UnityEngine/UnityEditor.UIElementsModule.dll"
-r:"C:/ProgramData/6000.3.24f1-x86_64/Editor/Data/Managed/UnityEngine/UnityEditor.UIElementsSamplesModule.dll"
-r:"C:/ProgramData/6000.3.24f1-x86_64/Editor/Data/Managed/UnityEngine/UnityEditor.UIToolkitAuthoringModule.dll"
-r:"C:/ProgramData/6000.3.24f1-x86_64/Editor/Data/Managed/UnityEngine/UnityEditor.UmbraModule.dll"
-r:"C:/ProgramData/6000.3.24f1-x86_64/Editor/Data/Managed/UnityEngine/UnityEditor.UnityConnectModule.dll"
-r:"C:/ProgramData/6000.3.24f1-x86_64/Editor/Data/Managed/UnityEngine/UnityEditor.VFXModule.dll"
-r:"C:/ProgramData/6000.3.24f1-x86_64/Editor/Data/Managed/UnityEngine/UnityEditor.VectorGraphicsModule.dll"
-r:"C:/ProgramData/6000.3.24f1-x86_64/Editor/Data/Managed/UnityEngine/UnityEditor.VideoModule.dll"
-r:"C:/ProgramData/6000.3.24f1-x86_64/Editor/Data/Managed/UnityEngine/UnityEditor.XRModule.dll"
-r:"C:/ProgramData/6000.3.24f1-x86_64/Editor/Data/Managed/UnityEngine/UnityEditor.dll"
-r:"C:/ProgramData/6000.3.24f1-x86_64/Editor/Data/Managed/UnityEngine/UnityEngine.AIModule.dll"
-r:"C:/ProgramData/6000.3.24f1-x86_64/Editor/Data/Managed/UnityEngine/UnityEngine.ARModule.dll"
-r:"C:/ProgramData/6000.3.24f1-x86_64/Editor/Data/Managed/UnityEngine/UnityEngine.AnimationModule.dll"
-r:"C:/ProgramData/6000.3.24f1-x86_64/Editor/Data/Managed/UnityEngine/UnityEngine.AudioModule.dll"
-r:"C:/ProgramData/6000.3.24f1-x86_64/Editor/Data/Managed/UnityEngine/UnityEngine.ClusterInputModule.dll"
-r:"C:/ProgramData/6000.3.24f1-x86_64/Editor/Data/Managed/UnityEngine/UnityEngine.ClusterRendererModule.dll"
-r:"C:/ProgramData/6000.3.24f1-x86_64/Editor/Data/Managed/UnityEngine/UnityEngine.ContentLoadModule.dll"
-r:"C:/ProgramData/6000.3.24f1-x86_64/Editor/Data/Managed/UnityEngine/UnityEngine.CoreModule.dll"
-r:"C:/ProgramData/6000.3.24f1-x86_64/Editor/Data/Managed/UnityEngine/UnityEngine.CrashReportingModule.dll"
-r:"C:/ProgramData/6000.3.24f1-x86_64/Editor/Data/Managed/UnityEngine/UnityEngine.DSPGraphModule.dll"
-r:"C:/ProgramData/6000.3.24f1-x86_64/Editor/Data/Managed/UnityEngine/UnityEngine.DirectorModule.dll"
-r:"C:/ProgramData/6000.3.24f1-x86_64/Editor/Data/Managed/UnityEngine/UnityEngine.GIModule.dll"
-r:"C:/ProgramData/6000.3.24f1-x86_64/Editor/Data/Managed/UnityEngine/UnityEngine.GameCenterModule.dll"
-r:"C:/ProgramData/6000.3.24f1-x86_64/Editor/Data/Managed/UnityEngine/UnityEngine.GraphicsStateCollectionSerializerModule.dll"
-r:"C:/ProgramData/6000.3.24f1-x86_64/Editor/Data/Managed/UnityEngine/UnityEngine.GridModule.dll"
-r:"C:/ProgramData/6000.3.24f1-x86_64/Editor/Data/Managed/UnityEngine/UnityEngine.HierarchyCoreModule.dll"
-r:"C:/ProgramData/6000.3.24f1-x86_64/Editor/Data/Managed/UnityEngine/UnityEngine.HotReloadModule.dll"
-r:"C:/ProgramData/6000.3.24f1-x86_64/Editor/Data/Managed/UnityEngine/UnityEngine.IMGUIModule.dll"
-r:"C:/ProgramData/6000.3.24f1-x86_64/Editor/Data/Managed/UnityEngine/UnityEngine.IdentifiersModule.dll"
-r:"C:/ProgramData/6000.3.24f1-x86_64/Editor/Data/Managed/UnityEngine/UnityEngine.InputForUIModule.dll"
-r:"C:/ProgramData/6000.3.24f1-x86_64/Editor/Data/Managed/UnityEngine/UnityEngine.InputLegacyModule.dll"
-r:"C:/ProgramData/6000.3.24f1-x86_64/Editor/Data/Managed/UnityEngine/UnityEngine.InputModule.dll"
-r:"C:/ProgramData/6000.3.24f1-x86_64/Editor/Data/Managed/UnityEngine/UnityEngine.InsightsModule.dll"
-r:"C:/ProgramData/6000.3.24f1-x86_64/Editor/Data/Managed/UnityEngine/UnityEngine.JSONSerializeModule.dll"
-r:"C:/ProgramData/6000.3.24f1-x86_64/Editor/Data/Managed/UnityEngine/UnityEngine.LocalizationModule.dll"
-r:"C:/ProgramData/6000.3.24f1-x86_64/Editor/Data/Managed/UnityEngine/UnityEngine.MarshallingModule.dll"
-r:"C:/ProgramData/6000.3.24f1-x86_64/Editor/Data/Managed/UnityEngine/UnityEngine.MultiplayerModule.dll"
-r:"C:/ProgramData/6000.3.24f1-x86_64/Editor/Data/Managed/UnityEngine/UnityEngine.ParticleSystemModule.dll"
-r:"C:/ProgramData/6000.3.24f1-x86_64/Editor/Data/Managed/UnityEngine/UnityEngine.PerformanceReportingModule.dll"
-r:"C:/ProgramData/6000.3.24f1-x86_64/Editor/Data/Managed/UnityEngine/UnityEngine.PhysicsBackendPhysXModule.dll"
-r:"C:/ProgramData/6000.3.24f1-x86_64/Editor/Data/Managed/UnityEngine/UnityEngine.PhysicsModule.dll"
-r:"C:/ProgramData/6000.3.24f1-x86_64/Editor/Data/Managed/UnityEngine/UnityEngine.PropertiesModule.dll"
-r:"C:/ProgramData/6000.3.24f1-x86_64/Editor/Data/Managed/UnityEngine/UnityEngine.RenderAs2DModule.dll"
-r:"C:/ProgramData/6000.3.24f1-x86_64/Editor/Data/Managed/UnityEngine/UnityEngine.RuntimeInitializeOnLoadManagerInitializerModule.dll"
-r:"C:/ProgramData/6000.3.24f1-x86_64/Editor/Data/Managed/UnityEngine/UnityEngine.ShaderRuntimeModule.dll"
-r:"C:/ProgramData/6000.3.24f1-x86_64/Editor/Data/Managed/UnityEngine/UnityEngine.ShaderVariantAnalyticsModule.dll"
-r:"C:/ProgramData/6000.3.24f1-x86_64/Editor/Data/Managed/UnityEngine/UnityEngine.SharedInternalsModule.dll"
-r:"C:/ProgramData/6000.3.24f1-x86_64/Editor/Data/Managed/UnityEngine/UnityEngine.SpriteMaskModule.dll"
-r:"C:/ProgramData/6000.3.24f1-x86_64/Editor/Data/Managed/UnityEngine/UnityEngine.SpriteShapeModule.dll"
-r:"C:/ProgramData/6000.3.24f1-x86_64/Editor/Data/Managed/UnityEngine/UnityEngine.StreamingModule.dll"
-r:"C:/ProgramData/6000.3.24f1-x86_64/Editor/Data/Managed/UnityEngine/UnityEngine.SubstanceModule.dll"
-r:"C:/ProgramData/6000.3.24f1-x86_64/Editor/Data/Managed/UnityEngine/UnityEngine.TLSModule.dll"
-r:"C:/ProgramData/6000.3.24f1-x86_64/Editor/Data/Managed/UnityEngine/UnityEngine.TerrainModule.dll"
-r:"C:/ProgramData/6000.3.24f1-x86_64/Editor/Data/Managed/UnityEngine/UnityEngine.TextCoreFontEngineModule.dll"
-r:"C:/ProgramData/6000.3.24f1-x86_64/Editor/Data/Managed/UnityEngine/UnityEngine.TextCoreTextEngineModule.dll"
-r:"C:/ProgramData/6000.3.24f1-x86_64/Editor/Data/Managed/UnityEngine/UnityEngine.TextRenderingModule.dll"
-r:"C:/ProgramData/6000.3.24f1-x86_64/Editor/Data/Managed/UnityEngine/UnityEngine.UIElementsModule.dll"
-r:"C:/ProgramData/6000.3.24f1-x86_64/Editor/Data/Managed/UnityEngine/UnityEngine.UIModule.dll"
-r:"C:/ProgramData/6000.3.24f1-x86_64/Editor/Data/Managed/UnityEngine/UnityEngine.UnityAnalyticsCommonModule.dll"
-r:"C:/ProgramData/6000.3.24f1-x86_64/Editor/Data/Managed/UnityEngine/UnityEngine.UnityConnectModule.dll"
-r:"C:/ProgramData/6000.3.24f1-x86_64/Editor/Data/Managed/UnityEngine/UnityEngine.UnityConsentModule.dll"
-r:"C:/ProgramData/6000.3.24f1-x86_64/Editor/Data/Managed/UnityEngine/UnityEngine.UnityCurlModule.dll"
-r:"C:/ProgramData/6000.3.24f1-x86_64/Editor/Data/Managed/UnityEngine/UnityEngine.VFXModule.dll"
-r:"C:/ProgramData/6000.3.24f1-x86_64/Editor/Data/Managed/UnityEngine/UnityEngine.VirtualTexturingModule.dll"
-r:"C:/ProgramData/6000.3.24f1-x86_64/Editor/Data/Managed/UnityEngine/UnityEngine.dll"
-r:"C:/ProgramData/6000.3.24f1-x86_64/Editor/Data/NetStandard/Extensions/2.0.0/System.Runtime.InteropServices.WindowsRuntime.dll"
-r:"C:/ProgramData/6000.3.24f1-x86_64/Editor/Data/NetStandard/compat/2.1.0/shims/netfx/System.ComponentModel.Composition.dll"
-r:"C:/ProgramData/6000.3.24f1-x86_64/Editor/Data/NetStandard/compat/2.1.0/shims/netfx/System.Core.dll"
-r:"C:/ProgramData/6000.3.24f1-x86_64/Editor/Data/NetStandard/compat/2.1.0/shims/netfx/System.Data.dll"
-r:"C:/ProgramData/6000.3.24f1-x86_64/Editor/Data/NetStandard/compat/2.1.0/shims/netfx/System.Drawing.dll"
-r:"C:/ProgramData/6000.3.24f1-x86_64/Editor/Data/NetStandard/compat/2.1.0/shims/netfx/System.IO.Compression.FileSystem.dll"
-r:"C:/ProgramData/6000.3.24f1-x86_64/Editor/Data/NetStandard/compat/2.1.0/shims/netfx/System.Net.dll"
-r:"C:/ProgramData/6000.3.24f1-x86_64/Editor/Data/NetStandard/compat/2.1.0/shims/netfx/System.Numerics.dll"
-r:"C:/ProgramData/6000.3.24f1-x86_64/Editor/Data/NetStandard/compat/2.1.0/shims/netfx/System.Runtime.Serialization.dll"
-r:"C:/ProgramData/6000.3.24f1-x86_64/Editor/Data/NetStandard/compat/2.1.0/shims/netfx/System.ServiceModel.Web.dll"
-r:"C:/ProgramData/6000.3.24f1-x86_64/Editor/Data/NetStandard/compat/2.1.0/shims/netfx/System.Transactions.dll"
-r:"C:/ProgramData/6000.3.24f1-x86_64/Editor/Data/NetStandard/compat/2.1.0/shims/netfx/System.Web.dll"
-r:"C:/ProgramData/6000.3.24f1-x86_64/Editor/Data/NetStandard/compat/2.1.0/shims/netfx/System.Windows.dll"
-r:"C:/ProgramData/6000.3.24f1-x86_64/Editor/Data/NetStandard/compat/2.1.0/shims/netfx/System.Xml.Linq.dll"
-r:"C:/ProgramData/6000.3.24f1-x86_64/Editor/Data/NetStandard/compat/2.1.0/shims/netfx/System.Xml.Serialization.dll"
-r:"C:/ProgramData/6000.3.24f1-x86_64/Editor/Data/NetStandard/compat/2.1.0/shims/netfx/System.Xml.dll"
-r:"C:/ProgramData/6000.3.24f1-x86_64/Editor/Data/NetStandard/compat/2.1.0/shims/netfx/System.dll"
-r:"C:/ProgramData/6000.3.24f1-x86_64/Editor/Data/NetStandard/compat/2.1.0/shims/netfx/mscorlib.dll"
-r:"C:/ProgramData/6000.3.24f1-x86_64/Editor/Data/NetStandard/compat/2.1.0/shims/netstandard/Microsoft.Win32.Primitives.dll"
-r:"C:/ProgramData/6000.3.24f1-x86_64/Editor/Data/NetStandard/compat/2.1.0/shims/netstandard/System.AppContext.dll"
-r:"C:/ProgramData/6000.3.24f1-x86_64/Editor/Data/NetStandard/compat/2.1.0/shims/netstandard/System.Buffers.dll"
-r:"C:/ProgramData/6000.3.24f1-x86_64/Editor/Data/NetStandard/compat/2.1.0/shims/netstandard/System.Collections.Concurrent.dll"
-r:"C:/ProgramData/6000.3.24f1-x86_64/Editor/Data/NetStandard/compat/2.1.0/shims/netstandard/System.Collections.NonGeneric.dll"
-r:"C:/ProgramData/6000.3.24f1-x86_64/Editor/Data/NetStandard/compat/2.1.0/shims/netstandard/System.Collections.Specialized.dll"
-r:"C:/ProgramData/6000.3.24f1-x86_64/Editor/Data/NetStandard/compat/2.1.0/shims/netstandard/System.Collections.dll"
-r:"C:/ProgramData/6000.3.24f1-x86_64/Editor/Data/NetStandard/compat/2.1.0/shims/netstandard/System.ComponentModel.EventBasedAsync.dll"
-r:"C:/ProgramData/6000.3.24f1-x86_64/Editor/Data/NetStandard/compat/2.1.0/shims/netstandard/System.ComponentModel.Primitives.dll"
-r:"C:/ProgramData/6000.3.24f1-x86_64/Editor/Data/NetStandard/compat/2.1.0/shims/netstandard/System.ComponentModel.TypeConverter.dll"
-r:"C:/ProgramData/6000.3.24f1-x86_64/Editor/Data/NetStandard/compat/2.1.0/shims/netstandard/System.ComponentModel.dll"
-r:"C:/ProgramData/6000.3.24f1-x86_64/Editor/Data/NetStandard/compat/2.1.0/shims/netstandard/System.Console.dll"
-r:"C:/ProgramData/6000.3.24f1-x86_64/Editor/Data/NetStandard/compat/2.1.0/shims/netstandard/System.Data.Common.dll"
-r:"C:/ProgramData/6000.3.24f1-x86_64/Editor/Data/NetStandard/compat/2.1.0/shims/netstandard/System.Diagnostics.Contracts.dll"
-r:"C:/ProgramData/6000.3.24f1-x86_64/Editor/Data/NetStandard/compat/2.1.0/shims/netstandard/System.Diagnostics.Debug.dll"
-r:"C:/ProgramData/6000.3.24f1-x86_64/Editor/Data/NetStandard/compat/2.1.0/shims/netstandard/System.Diagnostics.FileVersionInfo.dll"
-r:"C:/ProgramData/6000.3.24f1-x86_64/Editor/Data/NetStandard/compat/2.1.0/shims/netstandard/System.Diagnostics.Process.dll"
-r:"C:/ProgramData/6000.3.24f1-x86_64/Editor/Data/NetStandard/compat/2.1.0/shims/netstandard/System.Diagnostics.StackTrace.dll"
-r:"C:/ProgramData/6000.3.24f1-x86_64/Editor/Data/NetStandard/compat/2.1.0/shims/netstandard/System.Diagnostics.TextWriterTraceListener.dll"
-r:"C:/ProgramData/6000.3.24f1-x86_64/Editor/Data/NetStandard/compat/2.1.0/shims/netstandard/System.Diagnostics.Tools.dll"
-r:"C:/ProgramData/6000.3.24f1-x86_64/Editor/Data/NetStandard/compat/2.1.0/shims/netstandard/System.Diagnostics.TraceSource.dll"
-r:"C:/ProgramData/6000.3.24f1-x86_64/Editor/Data/NetStandard/compat/2.1.0/shims/netstandard/System.Diagnostics.Tracing.dll"
-r:"C:/ProgramData/6000.3.24f1-x86_64/Editor/Data/NetStandard/compat/2.1.0/shims/netstandard/System.Drawing.Primitives.dll"
-r:"C:/ProgramData/6000.3.24f1-x86_64/Editor/Data/NetStandard/compat/2.1.0/shims/netstandard/System.Dynamic.Runtime.dll"
-r:"C:/ProgramData/6000.3.24f1-x86_64/Editor/Data/NetStandard/compat/2.1.0/shims/netstandard/System.Globalization.Calendars.dll"
-r:"C:/ProgramData/6000.3.24f1-x86_64/Editor/Data/NetStandard/compat/2.1.0/shims/netstandard/System.Globalization.Extensions.dll"
-r:"C:/ProgramData/6000.3.24f1-x86_64/Editor/Data/NetStandard/compat/2.1.0/shims/netstandard/System.Globalization.dll"
-r:"C:/ProgramData/6000.3.24f1-x86_64/Editor/Data/NetStandard/compat/2.1.0/shims/netstandard/System.IO.Compression.ZipFile.dll"
-r:"C:/ProgramData/6000.3.24f1-x86_64/Editor/Data/NetStandard/compat/2.1.0/shims/netstandard/System.IO.Compression.dll"
-r:"C:/ProgramData/6000.3.24f1-x86_64/Editor/Data/NetStandard/compat/2.1.0/shims/netstandard/System.IO.FileSystem.DriveInfo.dll"
-r:"C:/ProgramData/6000.3.24f1-x86_64/Editor/Data/NetStandard/compat/2.1.0/shims/netstandard/System.IO.FileSystem.Primitives.dll"
-r:"C:/ProgramData/6000.3.24f1-x86_64/Editor/Data/NetStandard/compat/2.1.0/shims/netstandard/System.IO.FileSystem.Watcher.dll"
-r:"C:/ProgramData/6000.3.24f1-x86_64/Editor/Data/NetStandard/compat/2.1.0/shims/netstandard/System.IO.FileSystem.dll"
-r:"C:/ProgramData/6000.3.24f1-x86_64/Editor/Data/NetStandard/compat/2.1.0/shims/netstandard/System.IO.IsolatedStorage.dll"
-r:"C:/ProgramData/6000.3.24f1-x86_64/Editor/Data/NetStandard/compat/2.1.0/shims/netstandard/System.IO.MemoryMappedFiles.dll"
-r:"C:/ProgramData/6000.3.24f1-x86_64/Editor/Data/NetStandard/compat/2.1.0/shims/netstandard/System.IO.Pipes.dll"
-r:"C:/ProgramData/6000.3.24f1-x86_64/Editor/Data/NetStandard/compat/2.1.0/shims/netstandard/System.IO.UnmanagedMemoryStream.dll"
-r:"C:/ProgramData/6000.3.24f1-x86_64/Editor/Data/NetStandard/compat/2.1.0/shims/netstandard/System.IO.dll"
-r:"C:/ProgramData/6000.3.24f1-x86_64/Editor/Data/NetStandard/compat/2.1.0/shims/netstandard/System.Linq.Expressions.dll"
-r:"C:/ProgramData/6000.3.24f1-x86_64/Editor/Data/NetStandard/compat/2.1.0/shims/netstandard/System.Linq.Parallel.dll"
-r:"C:/ProgramData/6000.3.24f1-x86_64/Editor/Data/NetStandard/compat/2.1.0/shims/netstandard/System.Linq.Queryable.dll"
-r:"C:/ProgramData/6000.3.24f1-x86_64/Editor/Data/NetStandard/compat/2.1.0/shims/netstandard/System.Linq.dll"
-r:"C:/ProgramData/6000.3.24f1-x86_64/Editor/Data/NetStandard/compat/2.1.0/shims/netstandard/System.Memory.dll"
-r:"C:/ProgramData/6000.3.24f1-x86_64/Editor/Data/NetStandard/compat/2.1.0/shims/netstandard/System.Net.Http.dll"
-r:"C:/ProgramData/6000.3.24f1-x86_64/Editor/Data/NetStandard/compat/2.1.0/shims/netstandard/System.Net.NameResolution.dll"
-r:"C:/ProgramData/6000.3.24f1-x86_64/Editor/Data/NetStandard/compat/2.1.0/shims/netstandard/System.Net.NetworkInformation.dll"
-r:"C:/ProgramData/6000.3.24f1-x86_64/Editor/Data/NetStandard/compat/2.1.0/shims/netstandard/System.Net.Ping.dll"
-r:"C:/ProgramData/6000.3.24f1-x86_64/Editor/Data/NetStandard/compat/2.1.0/shims/netstandard/System.Net.Primitives.dll"
-r:"C:/ProgramData/6000.3.24f1-x86_64/Editor/Data/NetStandard/compat/2.1.0/shims/netstandard/System.Net.Requests.dll"
-r:"C:/ProgramData/6000.3.24f1-x86_64/Editor/Data/NetStandard/compat/2.1.0/shims/netstandard/System.Net.Security.dll"
-r:"C:/ProgramData/6000.3.24f1-x86_64/Editor/Data/NetStandard/compat/2.1.0/shims/netstandard/System.Net.Sockets.dll"
-r:"C:/ProgramData/6000.3.24f1-x86_64/Editor/Data/NetStandard/compat/2.1.0/shims/netstandard/System.Net.WebHeaderCollection.dll"
-r:"C:/ProgramData/6000.3.24f1-x86_64/Editor/Data/NetStandard/compat/2.1.0/shims/netstandard/System.Net.WebSockets.Client.dll"
-r:"C:/ProgramData/6000.3.24f1-x86_64/Editor/Data/NetStandard/compat/2.1.0/shims/netstandard/System.Net.WebSockets.dll"
-r:"C:/ProgramData/6000.3.24f1-x86_64/Editor/Data/NetStandard/compat/2.1.0/shims/netstandard/System.Numerics.Vectors.dll"
-r:"C:/ProgramData/6000.3.24f1-x86_64/Editor/Data/NetStandard/compat/2.1.0/shims/netstandard/System.ObjectModel.dll"
-r:"C:/ProgramData/6000.3.24f1-x86_64/Editor/Data/NetStandard/compat/2.1.0/shims/netstandard/System.Reflection.DispatchProxy.dll"
-r:"C:/ProgramData/6000.3.24f1-x86_64/Editor/Data/NetStandard/compat/2.1.0/shims/netstandard/System.Reflection.Emit.ILGeneration.dll"
-r:"C:/ProgramData/6000.3.24f1-x86_64/Editor/Data/NetStandard/compat/2.1.0/shims/netstandard/System.Reflection.Emit.Lightweight.dll"
-r:"C:/ProgramData/6000.3.24f1-x86_64/Editor/Data/NetStandard/compat/2.1.0/shims/netstandard/System.Reflection.Emit.dll"
-r:"C:/ProgramData/6000.3.24f1-x86_64/Editor/Data/NetStandard/compat/2.1.0/shims/netstandard/System.Reflection.Extensions.dll"
-r:"C:/ProgramData/6000.3.24f1-x86_64/Editor/Data/NetStandard/compat/2.1.0/shims/netstandard/System.Reflection.Primitives.dll"
-r:"C:/ProgramData/6000.3.24f1-x86_64/Editor/Data/NetStandard/compat/2.1.0/shims/netstandard/System.Reflection.dll"
-r:"C:/ProgramData/6000.3.24f1-x86_64/Editor/Data/NetStandard/compat/2.1.0/shims/netstandard/System.Resources.Reader.dll"
-r:"C:/ProgramData/6000.3.24f1-x86_64/Editor/Data/NetStandard/compat/2.1.0/shims/netstandard/System.Resources.ResourceManager.dll"
-r:"C:/ProgramData/6000.3.24f1-x86_64/Editor/Data/NetStandard/compat/2.1.0/shims/netstandard/System.Resources.Writer.dll"
-r:"C:/ProgramData/6000.3.24f1-x86_64/Editor/Data/NetStandard/compat/2.1.0/shims/netstandard/System.Runtime.CompilerServices.VisualC.dll"
-r:"C:/ProgramData/6000.3.24f1-x86_64/Editor/Data/NetStandard/compat/2.1.0/shims/netstandard/System.Runtime.Extensions.dll"
-r:"C:/ProgramData/6000.3.24f1-x86_64/Editor/Data/NetStandard/compat/2.1.0/shims/netstandard/System.Runtime.Handles.dll"
-r:"C:/ProgramData/6000.3.24f1-x86_64/Editor/Data/NetStandard/compat/2.1.0/shims/netstandard/System.Runtime.InteropServices.RuntimeInformation.dll"
-r:"C:/ProgramData/6000.3.24f1-x86_64/Editor/Data/NetStandard/compat/2.1.0/shims/netstandard/System.Runtime.InteropServices.dll"
-r:"C:/ProgramData/6000.3.24f1-x86_64/Editor/Data/NetStandard/compat/2.1.0/shims/netstandard/System.Runtime.Numerics.dll"
-r:"C:/ProgramData/6000.3.24f1-x86_64/Editor/Data/NetStandard/compat/2.1.0/shims/netstandard/System.Runtime.Serialization.Formatters.dll"
-r:"C:/ProgramData/6000.3.24f1-x86_64/Editor/Data/NetStandard/compat/2.1.0/shims/netstandard/System.Runtime.Serialization.Json.dll"
-r:"C:/ProgramData/6000.3.24f1-x86_64/Editor/Data/NetStandard/compat/2.1.0/shims/netstandard/System.Runtime.Serialization.Primitives.dll"
-r:"C:/ProgramData/6000.3.24f1-x86_64/Editor/Data/NetStandard/compat/2.1.0/shims/netstandard/System.Runtime.Serialization.Xml.dll"
-r:"C:/ProgramData/6000.3.24f1-x86_64/Editor/Data/NetStandard/compat/2.1.0/shims/netstandard/System.Runtime.dll"
-r:"C:/ProgramData/6000.3.24f1-x86_64/Editor/Data/NetStandard/compat/2.1.0/shims/netstandard/System.Security.Claims.dll"
-r:"C:/ProgramData/6000.3.24f1-x86_64/Editor/Data/NetStandard/compat/2.1.0/shims/netstandard/System.Security.Cryptography.Algorithms.dll"
-r:"C:/ProgramData/6000.3.24f1-x86_64/Editor/Data/NetStandard/compat/2.1.0/shims/netstandard/System.Security.Cryptography.Csp.dll"
-r:"C:/ProgramData/6000.3.24f1-x86_64/Editor/Data/NetStandard/compat/2.1.0/shims/netstandard/System.Security.Cryptography.Encoding.dll"
-r:"C:/ProgramData/6000.3.24f1-x86_64/Editor/Data/NetStandard/compat/2.1.0/shims/netstandard/System.Security.Cryptography.Primitives.dll"
-r:"C:/ProgramData/6000.3.24f1-x86_64/Editor/Data/NetStandard/compat/2.1.0/shims/netstandard/System.Security.Cryptography.X509Certificates.dll"
-r:"C:/ProgramData/6000.3.24f1-x86_64/Editor/Data/NetStandard/compat/2.1.0/shims/netstandard/System.Security.Principal.dll"
-r:"C:/ProgramData/6000.3.24f1-x86_64/Editor/Data/NetStandard/compat/2.1.0/shims/netstandard/System.Security.SecureString.dll"
-r:"C:/ProgramData/6000.3.24f1-x86_64/Editor/Data/NetStandard/compat/2.1.0/shims/netstandard/System.Text.Encoding.Extensions.dll"
-r:"C:/ProgramData/6000.3.24f1-x86_64/Editor/Data/NetStandard/compat/2.1.0/shims/netstandard/System.Text.Encoding.dll"
-r:"C:/ProgramData/6000.3.24f1-x86_64/Editor/Data/NetStandard/compat/2.1.0/shims/netstandard/System.Text.RegularExpressions.dll"
-r:"C:/ProgramData/6000.3.24f1-x86_64/Editor/Data/NetStandard/compat/2.1.0/shims/netstandard/System.Threading.Overlapped.dll"
-r:"C:/ProgramData/6000.3.24f1-x86_64/Editor/Data/NetStandard/compat/2.1.0/shims/netstandard/System.Threading.Tasks.Extensions.dll"
-r:"C:/ProgramData/6000.3.24f1-x86_64/Editor/Data/NetStandard/compat/2.1.0/shims/netstandard/System.Threading.Tasks.Parallel.dll"
-r:"C:/ProgramData/6000.3.24f1-x86_64/Editor/Data/NetStandard/compat/2.1.0/shims/netstandard/System.Threading.Tasks.dll"
-r:"C:/ProgramData/6000.3.24f1-x86_64/Editor/Data/NetStandard/compat/2.1.0/shims/netstandard/System.Threading.Thread.dll"
-r:"C:/ProgramData/6000.3.24f1-x86_64/Editor/Data/NetStandard/compat/2.1.0/shims/netstandard/System.Threading.ThreadPool.dll"
-r:"C:/ProgramData/6000.3.24f1-x86_64/Editor/Data/NetStandard/compat/2.1.0/shims/netstandard/System.Threading.Timer.dll"
-r:"C:/ProgramData/6000.3.24f1-x86_64/Editor/Data/NetStandard/compat/2.1.0/shims/netstandard/System.Threading.dll"
-r:"C:/ProgramData/6000.3.24f1-x86_64/Editor/Data/NetStandard/compat/2.1.0/shims/netstandard/System.ValueTuple.dll"
-r:"C:/ProgramData/6000.3.24f1-x86_64/Editor/Data/NetStandard/compat/2.1.0/shims/netstandard/System.Xml.ReaderWriter.dll"
-r:"C:/ProgramData/6000.3.24f1-x86_64/Editor/Data/NetStandard/compat/2.1.0/shims/netstandard/System.Xml.XDocument.dll"
-r:"C:/ProgramData/6000.3.24f1-x86_64/Editor/Data/NetStandard/compat/2.1.0/shims/netstandard/System.Xml.XPath.XDocument.dll"
-r:"C:/ProgramData/6000.3.24f1-x86_64/Editor/Data/NetStandard/compat/2.1.0/shims/netstandard/System.Xml.XPath.dll"
-r:"C:/ProgramData/6000.3.24f1-x86_64/Editor/Data/NetStandard/compat/2.1.0/shims/netstandard/System.Xml.XmlDocument.dll"
-r:"C:/ProgramData/6000.3.24f1-x86_64/Editor/Data/NetStandard/compat/2.1.0/shims/netstandard/System.Xml.XmlSerializer.dll"
-r:"C:/ProgramData/6000.3.24f1-x86_64/Editor/Data/NetStandard/ref/2.1.0/netstandard.dll"
-r:"C:/ProgramData/6000.3.24f1-x86_64/Editor/Data/PlaybackEngines/WindowsStandaloneSupport/UnityEditor.WindowsStandalone.Extensions.dll"
-r:"E:/Palimpseste/Palimpseste_Unity_Dossier_Luna_Codex/Palimpseste_Unity_Dossier/shared/Palimpseste.Contracts/obj/Debug/netstandard2.1/Palimpseste.Contracts.dll"
-r:"Library/PackageCache/com.unity.collab-proxy@b26119cdd155/Lib/Editor/PlasticSCM/Unity.Plastic.Antlr3.Runtime.dll"
-r:"Library/PackageCache/com.unity.collab-proxy@b26119cdd155/Lib/Editor/PlasticSCM/Unity.Plastic.Newtonsoft.Json.dll"
-r:"Library/PackageCache/com.unity.collab-proxy@b26119cdd155/Lib/Editor/PlasticSCM/log4netPlastic.dll"
-r:"Library/PackageCache/com.unity.collab-proxy@b26119cdd155/Lib/Editor/PlasticSCM/unityplastic.dll"
-r:"Library/PackageCache/com.unity.collections@84e8eb3fc12e/Unity.Collections.LowLevel.ILSupport/Unity.Collections.LowLevel.ILSupport.dll"
-r:"Library/PackageCache/com.unity.ext.nunit@d8c07649098d/net40/unity-custom/nunit.framework.dll"
-r:"Library/PackageCache/com.unity.nuget.mono-cecil@ecb9724e46ff/Mono.Cecil.dll"
-r:"Library/PackageCache/com.unity.nuget.newtonsoft-json@74deb55db2a0/Runtime/Newtonsoft.Json.dll"
-r:"Library/PackageCache/com.unity.visualscripting@80ee0eef820c/Editor/VisualScripting.Core/Dependencies/DotNetZip/Unity.VisualScripting.IonicZip.dll"
-r:"Library/PackageCache/com.unity.visualscripting@80ee0eef820c/Editor/VisualScripting.Core/Dependencies/YamlDotNet/Unity.VisualScripting.YamlDotNet.dll"
-r:"Library/PackageCache/com.unity.visualscripting@80ee0eef820c/Editor/VisualScripting.Core/EditorAssetResources/Unity.VisualScripting.TextureAssets.dll"
-r:"Library/PackageCache/com.unity.visualscripting@80ee0eef820c/Runtime/VisualScripting.Flow/Dependencies/NCalc/Unity.VisualScripting.Antlr3.Runtime.dll"
-r:"Library/Bee/artifacts/1900b0aE.dag/UnityEditor.UI.ref.dll"
-r:"Library/Bee/artifacts/1900b0aE.dag/UnityEngine.UI.ref.dll"
-analyzer:"C:/ProgramData/6000.3.24f1-x86_64/Editor/Data/Tools/BuildPipeline/Unity.SourceGenerators/Unity.Properties.SourceGenerator.dll"
-analyzer:"C:/ProgramData/6000.3.24f1-x86_64/Editor/Data/Tools/BuildPipeline/Unity.SourceGenerators/Unity.SourceGenerators.dll"
-analyzer:"C:/ProgramData/6000.3.24f1-x86_64/Editor/Data/Tools/BuildPipeline/Unity.SourceGenerators/Unity.UIToolkit.SourceGenerator.dll"
"Library/PackageCache/com.unity.inputsystem@920b46832575/InputSystem/Actions/Composites/AxisComposite.cs"
"Library/PackageCache/com.unity.inputsystem@920b46832575/InputSystem/Actions/Composites/ButtonWithOneModifier.cs"
"Library/PackageCache/com.unity.inputsystem@920b46832575/InputSystem/Actions/Composites/ButtonWithTwoModifiers.cs"
"Library/PackageCache/com.unity.inputsystem@920b46832575/InputSystem/Actions/Composites/OneModifierComposite.cs"
"Library/PackageCache/com.unity.inputsystem@920b46832575/InputSystem/Actions/Composites/TwoModifiersComposite.cs"
"Library/PackageCache/com.unity.inputsystem@920b46832575/InputSystem/Actions/Composites/Vector2Composite.cs"
"Library/PackageCache/com.unity.inputsystem@920b46832575/InputSystem/Actions/Composites/Vector3Composite.cs"
"Library/PackageCache/com.unity.inputsystem@920b46832575/InputSystem/Actions/IInputActionCollection.cs"
"Library/PackageCache/com.unity.inputsystem@920b46832575/InputSystem/Actions/IInputInteraction.cs"
"Library/PackageCache/com.unity.inputsystem@920b46832575/InputSystem/Actions/InputAction.cs"
"Library/PackageCache/com.unity.inputsystem@920b46832575/InputSystem/Actions/InputActionAsset.cs"
"Library/PackageCache/com.unity.inputsystem@920b46832575/InputSystem/Actions/InputActionChange.cs"
"Library/PackageCache/com.unity.inputsystem@920b46832575/InputSystem/Actions/InputActionMap.cs"
"Library/PackageCache/com.unity.inputsystem@920b46832575/InputSystem/Actions/InputActionParameters.cs"
"Library/PackageCache/com.unity.inputsystem@920b46832575/InputSystem/Actions/InputActionPhase.cs"
"Library/PackageCache/com.unity.inputsystem@920b46832575/InputSystem/Actions/InputActionProperty.cs"
"Library/PackageCache/com.unity.inputsystem@920b46832575/InputSystem/Actions/InputActionRebindingExtensions.cs"
"Library/PackageCache/com.unity.inputsystem@920b46832575/InputSystem/Actions/InputActionReference.cs"
"Library/PackageCache/com.unity.inputsystem@920b46832575/InputSystem/Actions/InputActionSetupExtensions.cs"
"Library/PackageCache/com.unity.inputsystem@920b46832575/InputSystem/Actions/InputActionState.cs"
"Library/PackageCache/com.unity.inputsystem@920b46832575/InputSystem/Actions/InputActionTrace.cs"
"Library/PackageCache/com.unity.inputsystem@920b46832575/InputSystem/Actions/InputActionType.cs"
"Library/PackageCache/com.unity.inputsystem@920b46832575/InputSystem/Actions/InputBinding.cs"
"Library/PackageCache/com.unity.inputsystem@920b46832575/InputSystem/Actions/InputBindingComposite.cs"
"Library/PackageCache/com.unity.inputsystem@920b46832575/InputSystem/Actions/InputBindingCompositeContext.cs"
"Library/PackageCache/com.unity.inputsystem@920b46832575/InputSystem/Actions/InputBindingResolver.cs"
"Library/PackageCache/com.unity.inputsystem@920b46832575/InputSystem/Actions/InputControlScheme.cs"
"Library/PackageCache/com.unity.inputsystem@920b46832575/InputSystem/Actions/InputInteractionContext.cs"
"Library/PackageCache/com.unity.inputsystem@920b46832575/InputSystem/Actions/Interactions/HoldInteraction.cs"
"Library/PackageCache/com.unity.inputsystem@920b46832575/InputSystem/Actions/Interactions/MultiTapInteraction.cs"
"Library/PackageCache/com.unity.inputsystem@920b46832575/InputSystem/Actions/Interactions/PressInteraction.cs"
"Library/PackageCache/com.unity.inputsystem@920b46832575/InputSystem/Actions/Interactions/SlowTapInteraction.cs"
"Library/PackageCache/com.unity.inputsystem@920b46832575/InputSystem/Actions/Interactions/TapInteraction.cs"
"Library/PackageCache/com.unity.inputsystem@920b46832575/InputSystem/AssemblyInfo.cs"
"Library/PackageCache/com.unity.inputsystem@920b46832575/InputSystem/Controls/AnyKeyControl.cs"
"Library/PackageCache/com.unity.inputsystem@920b46832575/InputSystem/Controls/AxisControl.cs"
"Library/PackageCache/com.unity.inputsystem@920b46832575/InputSystem/Controls/ButtonControl.cs"
"Library/PackageCache/com.unity.inputsystem@920b46832575/InputSystem/Controls/CommonUsages.cs"
"Library/PackageCache/com.unity.inputsystem@920b46832575/InputSystem/Controls/DeltaControl.cs"
"Library/PackageCache/com.unity.inputsystem@920b46832575/InputSystem/Controls/DiscreteButtonControl.cs"
"Library/PackageCache/com.unity.inputsystem@920b46832575/InputSystem/Controls/DoubleControl.cs"
"Library/PackageCache/com.unity.inputsystem@920b46832575/InputSystem/Controls/DpadControl.cs"
"Library/PackageCache/com.unity.inputsystem@920b46832575/InputSystem/Controls/InputControl.cs"
"Library/PackageCache/com.unity.inputsystem@920b46832575/InputSystem/Controls/InputControlAttribute.cs"
"Library/PackageCache/com.unity.inputsystem@920b46832575/InputSystem/Controls/InputControlExtensions.cs"
"Library/PackageCache/com.unity.inputsystem@920b46832575/InputSystem/Controls/InputControlLayout.cs"
"Library/PackageCache/com.unity.inputsystem@920b46832575/InputSystem/Controls/InputControlLayoutAttribute.cs"
"Library/PackageCache/com.unity.inputsystem@920b46832575/InputSystem/Controls/InputControlLayoutChange.cs"
"Library/PackageCache/com.unity.inputsystem@920b46832575/InputSystem/Controls/InputControlList.cs"
"Library/PackageCache/com.unity.inputsystem@920b46832575/InputSystem/Controls/InputControlPath.cs"
"Library/PackageCache/com.unity.inputsystem@920b46832575/InputSystem/Controls/InputProcessor.cs"
"Library/PackageCache/com.unity.inputsystem@920b46832575/InputSystem/Controls/IntegerControl.cs"
"Library/PackageCache/com.unity.inputsystem@920b46832575/InputSystem/Controls/KeyControl.cs"
"Library/PackageCache/com.unity.inputsystem@920b46832575/InputSystem/Controls/Processors/AxisDeadzoneProcessor.cs"
"Library/PackageCache/com.unity.inputsystem@920b46832575/InputSystem/Controls/Processors/ClampProcessor.cs"
"Library/PackageCache/com.unity.inputsystem@920b46832575/InputSystem/Controls/Processors/CompensateDirectionProcessor.cs"
"Library/PackageCache/com.unity.inputsystem@920b46832575/InputSystem/Controls/Processors/CompensateRotationProcessor.cs"
"Library/PackageCache/com.unity.inputsystem@920b46832575/InputSystem/Controls/Processors/EditorWindowSpaceProcessor.cs"
"Library/PackageCache/com.unity.inputsystem@920b46832575/InputSystem/Controls/Processors/InvertProcessor.cs"
"Library/PackageCache/com.unity.inputsystem@920b46832575/InputSystem/Controls/Processors/InvertVector2Processor.cs"
"Library/PackageCache/com.unity.inputsystem@920b46832575/InputSystem/Controls/Processors/InvertVector3Processor.cs"
"Library/PackageCache/com.unity.inputsystem@920b46832575/InputSystem/Controls/Processors/NormalizeProcessor.cs"
"Library/PackageCache/com.unity.inputsystem@920b46832575/InputSystem/Controls/Processors/NormalizeVector2Processor.cs"
"Library/PackageCache/com.unity.inputsystem@920b46832575/InputSystem/Controls/Processors/NormalizeVector3Processor.cs"
"Library/PackageCache/com.unity.inputsystem@920b46832575/InputSystem/Controls/Processors/ScaleProcessor.cs"
"Library/PackageCache/com.unity.inputsystem@920b46832575/InputSystem/Controls/Processors/ScaleVector2Processor.cs"
"Library/PackageCache/com.unity.inputsystem@920b46832575/InputSystem/Controls/Processors/ScaleVector3Processor.cs"
"Library/PackageCache/com.unity.inputsystem@920b46832575/InputSystem/Controls/Processors/StickDeadzoneProcessor.cs"
"Library/PackageCache/com.unity.inputsystem@920b46832575/InputSystem/Controls/QuaternionControl.cs"
"Library/PackageCache/com.unity.inputsystem@920b46832575/InputSystem/Controls/StickControl.cs"
"Library/PackageCache/com.unity.inputsystem@920b46832575/InputSystem/Controls/TouchControl.cs"
"Library/PackageCache/com.unity.inputsystem@920b46832575/InputSystem/Controls/TouchPhaseControl.cs"
"Library/PackageCache/com.unity.inputsystem@920b46832575/InputSystem/Controls/TouchPressControl.cs"
"Library/PackageCache/com.unity.inputsystem@920b46832575/InputSystem/Controls/Vector2Control.cs"
"Library/PackageCache/com.unity.inputsystem@920b46832575/InputSystem/Controls/Vector3Control.cs"
"Library/PackageCache/com.unity.inputsystem@920b46832575/InputSystem/Devices/Commands/DisableDeviceCommand.cs"
"Library/PackageCache/com.unity.inputsystem@920b46832575/InputSystem/Devices/Commands/EnableDeviceCommand.cs"
"Library/PackageCache/com.unity.inputsystem@920b46832575/InputSystem/Devices/Commands/EnableIMECompositionCommand.cs"
"Library/PackageCache/com.unity.inputsystem@920b46832575/InputSystem/Devices/Commands/IInputDeviceCommandInfo.cs"
"Library/PackageCache/com.unity.inputsystem@920b46832575/InputSystem/Devices/Commands/InitiateUserAccountPairingCommand.cs"
"Library/PackageCache/com.unity.inputsystem@920b46832575/InputSystem/Devices/Commands/InputDeviceCommand.cs"
"Library/PackageCache/com.unity.inputsystem@920b46832575/InputSystem/Devices/Commands/QueryCanRunInBackground.cs"
"Library/PackageCache/com.unity.inputsystem@920b46832575/InputSystem/Devices/Commands/QueryDimensionsCommand.cs"
"Library/PackageCache/com.unity.inputsystem@920b46832575/InputSystem/Devices/Commands/QueryEditorWindowCoordinatesCommand.cs"
"Library/PackageCache/com.unity.inputsystem@920b46832575/InputSystem/Devices/Commands/QueryEnabledStateCommand.cs"
"Library/PackageCache/com.unity.inputsystem@920b46832575/InputSystem/Devices/Commands/QueryKeyNameCommand.cs"
"Library/PackageCache/com.unity.inputsystem@920b46832575/InputSystem/Devices/Commands/QueryKeyboardLayoutCommand.cs"
"Library/PackageCache/com.unity.inputsystem@920b46832575/InputSystem/Devices/Commands/QueryPairedUserAccountCommand.cs"
"Library/PackageCache/com.unity.inputsystem@920b46832575/InputSystem/Devices/Commands/QuerySamplingFrequencyCommand.cs"
"Library/PackageCache/com.unity.inputsystem@920b46832575/InputSystem/Devices/Commands/QueryUserIdCommand.cs"
"Library/PackageCache/com.unity.inputsystem@920b46832575/InputSystem/Devices/Commands/RequestResetCommand.cs"
"Library/PackageCache/com.unity.inputsystem@920b46832575/InputSystem/Devices/Commands/RequestSyncCommand.cs"
"Library/PackageCache/com.unity.inputsystem@920b46832575/InputSystem/Devices/Commands/SetIMECursorPositionCommand.cs"
"Library/PackageCache/com.unity.inputsystem@920b46832575/InputSystem/Devices/Commands/SetSamplingFrequencyCommand.cs"
"Library/PackageCache/com.unity.inputsystem@920b46832575/InputSystem/Devices/Commands/WarpMousePositionCommand.cs"
"Library/PackageCache/com.unity.inputsystem@920b46832575/InputSystem/Devices/Gamepad.cs"
"Library/PackageCache/com.unity.inputsystem@920b46832575/InputSystem/Devices/Haptics/DualMotorRumble.cs"
"Library/PackageCache/com.unity.inputsystem@920b46832575/InputSystem/Devices/Haptics/DualMotorRumbleCommand.cs"
"Library/PackageCache/com.unity.inputsystem@920b46832575/InputSystem/Devices/Haptics/IDualMotorRumble.cs"
"Library/PackageCache/com.unity.inputsystem@920b46832575/InputSystem/Devices/Haptics/IHaptics.cs"
"Library/PackageCache/com.unity.inputsystem@920b46832575/InputSystem/Devices/ICustomDeviceReset.cs"
"Library/PackageCache/com.unity.inputsystem@920b46832575/InputSystem/Devices/IEventMerger.cs"
"Library/PackageCache/com.unity.inputsystem@920b46832575/InputSystem/Devices/IEventPreProcessor.cs"
"Library/PackageCache/com.unity.inputsystem@920b46832575/InputSystem/Devices/IInputUpdateCallbackReceiver.cs"
"Library/PackageCache/com.unity.inputsystem@920b46832575/InputSystem/Devices/ITextInputReceiver.cs"
"Library/PackageCache/com.unity.inputsystem@920b46832575/InputSystem/Devices/InputDevice.cs"
"Library/PackageCache/com.unity.inputsystem@920b46832575/InputSystem/Devices/InputDeviceBuilder.cs"
"Library/PackageCache/com.unity.inputsystem@920b46832575/InputSystem/Devices/InputDeviceChange.cs"
"Library/PackageCache/com.unity.inputsystem@920b46832575/InputSystem/Devices/InputDeviceDescription.cs"
"Library/PackageCache/com.unity.inputsystem@920b46832575/InputSystem/Devices/InputDeviceMatcher.cs"
"Library/PackageCache/com.unity.inputsystem@920b46832575/InputSystem/Devices/Joystick.cs"
"Library/PackageCache/com.unity.inputsystem@920b46832575/InputSystem/Devices/Keyboard.cs"
"Library/PackageCache/com.unity.inputsystem@920b46832575/InputSystem/Devices/Mouse.cs"
"Library/PackageCache/com.unity.inputsystem@920b46832575/InputSystem/Devices/Pen.cs"
"Library/PackageCache/com.unity.inputsystem@920b46832575/InputSystem/Devices/Pointer.cs"
"Library/PackageCache/com.unity.inputsystem@920b46832575/InputSystem/Devices/Precompiled/FastKeyboard.cs"
"Library/PackageCache/com.unity.inputsystem@920b46832575/InputSystem/Devices/Precompiled/FastMouse.cs"
"Library/PackageCache/com.unity.inputsystem@920b46832575/InputSystem/Devices/Precompiled/FastMouse.partial.cs"
"Library/PackageCache/com.unity.inputsystem@920b46832575/InputSystem/Devices/Precompiled/FastTouchscreen.cs"
"Library/PackageCache/com.unity.inputsystem@920b46832575/InputSystem/Devices/Remote/InputRemoting.cs"
"Library/PackageCache/com.unity.inputsystem@920b46832575/InputSystem/Devices/Remote/RemoteInputPlayerConnection.cs"
"Library/PackageCache/com.unity.inputsystem@920b46832575/InputSystem/Devices/Sensor.cs"
"Library/PackageCache/com.unity.inputsystem@920b46832575/InputSystem/Devices/Touchscreen.cs"
"Library/PackageCache/com.unity.inputsystem@920b46832575/InputSystem/Devices/TrackedDevice.cs"
"Library/PackageCache/com.unity.inputsystem@920b46832575/InputSystem/Editor/Analytics/InputActionsEditorSessionAnalytic.cs"
"Library/PackageCache/com.unity.inputsystem@920b46832575/InputSystem/Editor/Analytics/InputBuildAnalytic.cs"
"Library/PackageCache/com.unity.inputsystem@920b46832575/InputSystem/Editor/Analytics/InputComponentEditorAnalytic.cs"
"Library/PackageCache/com.unity.inputsystem@920b46832575/InputSystem/Editor/Analytics/InputEditorAnalytics.cs"
"Library/PackageCache/com.unity.inputsystem@920b46832575/InputSystem/Editor/Analytics/InputExitPlayModeAnalytic.cs"
"Library/PackageCache/com.unity.inputsystem@920b46832575/InputSystem/Editor/Analytics/OnScreenStickEditorAnalytic.cs"
"Library/PackageCache/com.unity.inputsystem@920b46832575/InputSystem/Editor/Analytics/PlayerInputEditorAnalytic.cs"
"Library/PackageCache/com.unity.inputsystem@920b46832575/InputSystem/Editor/Analytics/PlayerInputManagerEditorAnalytic.cs"
"Library/PackageCache/com.unity.inputsystem@920b46832575/InputSystem/Editor/Analytics/VirtualMouseInputEditorAnalytic.cs"
"Library/PackageCache/com.unity.inputsystem@920b46832575/InputSystem/Editor/AssetEditor/InputActionAssetManager.cs"
"Library/PackageCache/com.unity.inputsystem@920b46832575/InputSystem/Editor/AssetEditor/InputActionEditorToolbar.cs"
"Library/PackageCache/com.unity.inputsystem@920b46832575/InputSystem/Editor/AssetEditor/InputActionEditorWindow.cs"
"Library/PackageCache/com.unity.inputsystem@920b46832575/InputSystem/Editor/AssetEditor/InputActionPropertiesView.cs"
"Library/PackageCache/com.unity.inputsystem@920b46832575/InputSystem/Editor/AssetEditor/InputActionTreeView.cs"
"Library/PackageCache/com.unity.inputsystem@920b46832575/InputSystem/Editor/AssetEditor/InputActionTreeViewItems.cs"
"Library/PackageCache/com.unity.inputsystem@920b46832575/InputSystem/Editor/AssetEditor/InputBindingPropertiesView.cs"
"Library/PackageCache/com.unity.inputsystem@920b46832575/InputSystem/Editor/AssetEditor/NameAndParameterListView.cs"
"Library/PackageCache/com.unity.inputsystem@920b46832575/InputSystem/Editor/AssetEditor/ParameterListView.cs"
"Library/PackageCache/com.unity.inputsystem@920b46832575/InputSystem/Editor/AssetEditor/PropertiesViewBase.cs"
"Library/PackageCache/com.unity.inputsystem@920b46832575/InputSystem/Editor/AssetImporter/IInputActionAssetEditor.cs"
"Library/PackageCache/com.unity.inputsystem@920b46832575/InputSystem/Editor/AssetImporter/InputActionAssetEditor.cs"
"Library/PackageCache/com.unity.inputsystem@920b46832575/InputSystem/Editor/AssetImporter/InputActionAssetIconLoader.cs"
"Library/PackageCache/com.unity.inputsystem@920b46832575/InputSystem/Editor/AssetImporter/InputActionCodeGenerator.cs"
"Library/PackageCache/com.unity.inputsystem@920b46832575/InputSystem/Editor/AssetImporter/InputActionImporter.cs"
"Library/PackageCache/com.unity.inputsystem@920b46832575/InputSystem/Editor/AssetImporter/InputActionImporterEditor.cs"
"Library/PackageCache/com.unity.inputsystem@920b46832575/InputSystem/Editor/BuildPipeline/LinkFileGenerator.cs"
"Library/PackageCache/com.unity.inputsystem@920b46832575/InputSystem/Editor/ControlPicker/IInputControlPickerLayout.cs"
"Library/PackageCache/com.unity.inputsystem@920b46832575/InputSystem/Editor/ControlPicker/InputControlDropdownItem.cs"
"Library/PackageCache/com.unity.inputsystem@920b46832575/InputSystem/Editor/ControlPicker/InputControlPathEditor.cs"
"Library/PackageCache/com.unity.inputsystem@920b46832575/InputSystem/Editor/ControlPicker/InputControlPicker.cs"
"Library/PackageCache/com.unity.inputsystem@920b46832575/InputSystem/Editor/ControlPicker/InputControlPickerDropdown.cs"
"Library/PackageCache/com.unity.inputsystem@920b46832575/InputSystem/Editor/ControlPicker/InputControlPickerState.cs"
"Library/PackageCache/com.unity.inputsystem@920b46832575/InputSystem/Editor/ControlPicker/Layouts/DefaultInputControlPickerLayout.cs"
"Library/PackageCache/com.unity.inputsystem@920b46832575/InputSystem/Editor/ControlPicker/Layouts/TouchscreenControlPickerLayout.cs"
"Library/PackageCache/com.unity.inputsystem@920b46832575/InputSystem/Editor/Debugger/InputActionDebuggerWindow.cs"
"Library/PackageCache/com.unity.inputsystem@920b46832575/InputSystem/Editor/Debugger/InputDebuggerWindow.cs"
"Library/PackageCache/com.unity.inputsystem@920b46832575/InputSystem/Editor/Debugger/InputDeviceDebuggerWindow.cs"
"Library/PackageCache/com.unity.inputsystem@920b46832575/InputSystem/Editor/DeviceSimulator/InputSystemPlugin.cs"
"Library/PackageCache/com.unity.inputsystem@920b46832575/InputSystem/Editor/Dialog.cs"
"Library/PackageCache/com.unity.inputsystem@920b46832575/InputSystem/Editor/DownloadableSample.cs"
"Library/PackageCache/com.unity.inputsystem@920b46832575/InputSystem/Editor/EditorInputControlLayoutCache.cs"
"Library/PackageCache/com.unity.inputsystem@920b46832575/InputSystem/Editor/InputAssetEditorUtils.cs"
"Library/PackageCache/com.unity.inputsystem@920b46832575/InputSystem/Editor/InputDiagnostics.cs"
"Library/PackageCache/com.unity.inputsystem@920b46832575/InputSystem/Editor/InputLayoutCodeGenerator.cs"
"Library/PackageCache/com.unity.inputsystem@920b46832575/InputSystem/Editor/InputParameterEditor.cs"
"Library/PackageCache/com.unity.inputsystem@920b46832575/InputSystem/Editor/InputSystemPackageControl.cs"
"Library/PackageCache/com.unity.inputsystem@920b46832575/InputSystem/Editor/InputSystemPluginControl.cs"
"Library/PackageCache/com.unity.inputsystem@920b46832575/InputSystem/Editor/Internal/AdvancedDropdown/AdvancedDropdown.cs"
"Library/PackageCache/com.unity.inputsystem@920b46832575/InputSystem/Editor/Internal/AdvancedDropdown/AdvancedDropdownDataSource.cs"
"Library/PackageCache/com.unity.inputsystem@920b46832575/InputSystem/Editor/Internal/AdvancedDropdown/AdvancedDropdownGUI.cs"
"Library/PackageCache/com.unity.inputsystem@920b46832575/InputSystem/Editor/Internal/AdvancedDropdown/AdvancedDropdownItem.cs"
"Library/PackageCache/com.unity.inputsystem@920b46832575/InputSystem/Editor/Internal/AdvancedDropdown/AdvancedDropdownState.cs"
"Library/PackageCache/com.unity.inputsystem@920b46832575/InputSystem/Editor/Internal/AdvancedDropdown/AdvancedDropdownWindow.cs"
"Library/PackageCache/com.unity.inputsystem@920b46832575/InputSystem/Editor/Internal/AdvancedDropdown/CallbackDataSource.cs"
"Library/PackageCache/com.unity.inputsystem@920b46832575/InputSystem/Editor/Internal/AdvancedDropdown/MultiLevelDataSource.cs"
"Library/PackageCache/com.unity.inputsystem@920b46832575/InputSystem/Editor/Internal/BuildProviderHelpers.cs"
"Library/PackageCache/com.unity.inputsystem@920b46832575/InputSystem/Editor/Internal/EditorHelpers.cs"
"Library/PackageCache/com.unity.inputsystem@920b46832575/InputSystem/Editor/Internal/GUIHelpers.cs"
"Library/PackageCache/com.unity.inputsystem@920b46832575/InputSystem/Editor/Internal/InputActionSerializationHelpers.cs"
"Library/PackageCache/com.unity.inputsystem@920b46832575/InputSystem/Editor/Internal/InputControlTreeView.cs"
"Library/PackageCache/com.unity.inputsystem@920b46832575/InputSystem/Editor/Internal/InputEventTreeView.cs"
"Library/PackageCache/com.unity.inputsystem@920b46832575/InputSystem/Editor/Internal/InputStateWindow.cs"
"Library/PackageCache/com.unity.inputsystem@920b46832575/InputSystem/Editor/Internal/SerializedPropertyHelpers.cs"
"Library/PackageCache/com.unity.inputsystem@920b46832575/InputSystem/Editor/Internal/SerializedPropertyLinqExtensions.cs"
"Library/PackageCache/com.unity.inputsystem@920b46832575/InputSystem/Editor/Internal/TreeViewHelpers.cs"
"Library/PackageCache/com.unity.inputsystem@920b46832575/InputSystem/Editor/ProjectWideActions/ProjectWideActionsAsset.cs"
"Library/PackageCache/com.unity.inputsystem@920b46832575/InputSystem/Editor/ProjectWideActions/ProjectWideActionsBuildProvider.cs"
"Library/PackageCache/com.unity.inputsystem@920b46832575/InputSystem/Editor/PropertyDrawers/GamepadButtonPropertyDrawer.cs"
"Library/PackageCache/com.unity.inputsystem@920b46832575/InputSystem/Editor/PropertyDrawers/InputActionAssetDrawer.cs"
"Library/PackageCache/com.unity.inputsystem@920b46832575/InputSystem/Editor/PropertyDrawers/InputActionAssetSearchProvider.cs"
"Library/PackageCache/com.unity.inputsystem@920b46832575/InputSystem/Editor/PropertyDrawers/InputActionDrawer.cs"
"Library/PackageCache/com.unity.inputsystem@920b46832575/InputSystem/Editor/PropertyDrawers/InputActionDrawerBase.cs"
"Library/PackageCache/com.unity.inputsystem@920b46832575/InputSystem/Editor/PropertyDrawers/InputActionMapDrawer.cs"
"Library/PackageCache/com.unity.inputsystem@920b46832575/InputSystem/Editor/PropertyDrawers/InputActionPropertyDrawer.cs"
"Library/PackageCache/com.unity.inputsystem@920b46832575/InputSystem/Editor/PropertyDrawers/InputActionReferencePropertyDrawer.cs"
"Library/PackageCache/com.unity.inputsystem@920b46832575/InputSystem/Editor/PropertyDrawers/InputActionReferenceSearchProviders.cs"
"Library/PackageCache/com.unity.inputsystem@920b46832575/InputSystem/Editor/PropertyDrawers/InputControlPathDrawer.cs"
"Library/PackageCache/com.unity.inputsystem@920b46832575/InputSystem/Editor/Settings/EditorPlayerSettingHelpers.cs"
"Library/PackageCache/com.unity.inputsystem@920b46832575/InputSystem/Editor/Settings/InputEditorUserSettings.cs"
"Library/PackageCache/com.unity.inputsystem@920b46832575/InputSystem/Editor/Settings/InputSettingsBuildProvider.cs"
"Library/PackageCache/com.unity.inputsystem@920b46832575/InputSystem/Editor/Settings/InputSettingsProvider.cs"
"Library/PackageCache/com.unity.inputsystem@920b46832575/InputSystem/Editor/UITKAssetEditor/Commands/Commands.cs"
"Library/PackageCache/com.unity.inputsystem@920b46832575/InputSystem/Editor/UITKAssetEditor/Commands/ControlSchemeCommands.cs"
"Library/PackageCache/com.unity.inputsystem@920b46832575/InputSystem/Editor/UITKAssetEditor/EnumerableExtensions.cs"
"Library/PackageCache/com.unity.inputsystem@920b46832575/InputSystem/Editor/UITKAssetEditor/ExpressionUtils.cs"
"Library/PackageCache/com.unity.inputsystem@920b46832575/InputSystem/Editor/UITKAssetEditor/InputActionsEditorConstants.cs"
"Library/PackageCache/com.unity.inputsystem@920b46832575/InputSystem/Editor/UITKAssetEditor/InputActionsEditorSettingsProvider.cs"
"Library/PackageCache/com.unity.inputsystem@920b46832575/InputSystem/Editor/UITKAssetEditor/InputActionsEditorState.cs"
"Library/PackageCache/com.unity.inputsystem@920b46832575/InputSystem/Editor/UITKAssetEditor/InputActionsEditorWindow.cs"
"Library/PackageCache/com.unity.inputsystem@920b46832575/InputSystem/Editor/UITKAssetEditor/InputActionsEditorWindowUtils.cs"
"Library/PackageCache/com.unity.inputsystem@920b46832575/InputSystem/Editor/UITKAssetEditor/ReactiveProperty.cs"
"Library/PackageCache/com.unity.inputsystem@920b46832575/InputSystem/Editor/UITKAssetEditor/SerializedInputAction.cs"
"Library/PackageCache/com.unity.inputsystem@920b46832575/InputSystem/Editor/UITKAssetEditor/SerializedInputActionMap.cs"
"Library/PackageCache/com.unity.inputsystem@920b46832575/InputSystem/Editor/UITKAssetEditor/SerializedInputBinding.cs"
"Library/PackageCache/com.unity.inputsystem@920b46832575/InputSystem/Editor/UITKAssetEditor/StateContainer.cs"
"Library/PackageCache/com.unity.inputsystem@920b46832575/InputSystem/Editor/UITKAssetEditor/Views/ActionMapsView.cs"
"Library/PackageCache/com.unity.inputsystem@920b46832575/InputSystem/Editor/UITKAssetEditor/Views/ActionPropertiesView.cs"
"Library/PackageCache/com.unity.inputsystem@920b46832575/InputSystem/Editor/UITKAssetEditor/Views/ActionsTreeView.cs"
"Library/PackageCache/com.unity.inputsystem@920b46832575/InputSystem/Editor/UITKAssetEditor/Views/BindingPropertiesView.cs"
"Library/PackageCache/com.unity.inputsystem@920b46832575/InputSystem/Editor/UITKAssetEditor/Views/CollectionViewSelectionChangeFilter.cs"
"Library/PackageCache/com.unity.inputsystem@920b46832575/InputSystem/Editor/UITKAssetEditor/Views/CompositeBindingPropertiesView.cs"
"Library/PackageCache/com.unity.inputsystem@920b46832575/InputSystem/Editor/UITKAssetEditor/Views/CompositePartBindingPropertiesView.cs"
"Library/PackageCache/com.unity.inputsystem@920b46832575/InputSystem/Editor/UITKAssetEditor/Views/ContextMenu.cs"
"Library/PackageCache/com.unity.inputsystem@920b46832575/InputSystem/Editor/UITKAssetEditor/Views/ControlSchemesView.cs"
"Library/PackageCache/com.unity.inputsystem@920b46832575/InputSystem/Editor/UITKAssetEditor/Views/CopyPasteHelper.cs"
"Library/PackageCache/com.unity.inputsystem@920b46832575/InputSystem/Editor/UITKAssetEditor/Views/DropManipulator.cs"
"Library/PackageCache/com.unity.inputsystem@920b46832575/InputSystem/Editor/UITKAssetEditor/Views/IViewStateCollection.cs"
"Library/PackageCache/com.unity.inputsystem@920b46832575/InputSystem/Editor/UITKAssetEditor/Views/InputActionMapsTreeViewItem.cs"
"Library/PackageCache/com.unity.inputsystem@920b46832575/InputSystem/Editor/UITKAssetEditor/Views/InputActionsEditorView.cs"
"Library/PackageCache/com.unity.inputsystem@920b46832575/InputSystem/Editor/UITKAssetEditor/Views/InputActionsTreeViewItem.cs"
"Library/PackageCache/com.unity.inputsystem@920b46832575/InputSystem/Editor/UITKAssetEditor/Views/MatchingControlPaths.cs"
"Library/PackageCache/com.unity.inputsystem@920b46832575/InputSystem/Editor/UITKAssetEditor/Views/NameAndParametersListView.cs"
"Library/PackageCache/com.unity.inputsystem@920b46832575/InputSystem/Editor/UITKAssetEditor/Views/PropertiesView.cs"
"Library/PackageCache/com.unity.inputsystem@920b46832575/InputSystem/Editor/UITKAssetEditor/Views/Selectors.cs"
"Library/PackageCache/com.unity.inputsystem@920b46832575/InputSystem/Editor/UITKAssetEditor/Views/ViewBase.cs"
"Library/PackageCache/com.unity.inputsystem@920b46832575/InputSystem/Editor/UITKAssetEditor/Views/ViewStateCollection.cs"
"Library/PackageCache/com.unity.inputsystem@920b46832575/InputSystem/Editor/UITKAssetEditor/Views/VisualElementExtensions.cs"
"Library/PackageCache/com.unity.inputsystem@920b46832575/InputSystem/Events/ActionEvent.cs"
"Library/PackageCache/com.unity.inputsystem@920b46832575/InputSystem/Events/DeltaStateEvent.cs"
"Library/PackageCache/com.unity.inputsystem@920b46832575/InputSystem/Events/DeviceConfigurationEvent.cs"
"Library/PackageCache/com.unity.inputsystem@920b46832575/InputSystem/Events/DeviceRemoveEvent.cs"
"Library/PackageCache/com.unity.inputsystem@920b46832575/InputSystem/Events/DeviceResetEvent.cs"
"Library/PackageCache/com.unity.inputsystem@920b46832575/InputSystem/Events/IInputEventTypeInfo.cs"
"Library/PackageCache/com.unity.inputsystem@920b46832575/InputSystem/Events/IMECompositionEvent.cs"
"Library/PackageCache/com.unity.inputsystem@920b46832575/InputSystem/Events/InputEvent.cs"
"Library/PackageCache/com.unity.inputsystem@920b46832575/InputSystem/Events/InputEventBuffer.cs"
"Library/PackageCache/com.unity.inputsystem@920b46832575/InputSystem/Events/InputEventListener.cs"
"Library/PackageCache/com.unity.inputsystem@920b46832575/InputSystem/Events/InputEventPtr.cs"
"Library/PackageCache/com.unity.inputsystem@920b46832575/InputSystem/Events/InputEventStream.cs"
"Library/PackageCache/com.unity.inputsystem@920b46832575/InputSystem/Events/InputEventTrace.cs"
"Library/PackageCache/com.unity.inputsystem@920b46832575/InputSystem/Events/StateEvent.cs"
"Library/PackageCache/com.unity.inputsystem@920b46832575/InputSystem/Events/TextEvent.cs"
"Library/PackageCache/com.unity.inputsystem@920b46832575/InputSystem/IInputDiagnostics.cs"
"Library/PackageCache/com.unity.inputsystem@920b46832575/InputSystem/IInputRuntime.cs"
"Library/PackageCache/com.unity.inputsystem@920b46832575/InputSystem/InputAnalytics.cs"
"Library/PackageCache/com.unity.inputsystem@920b46832575/InputSystem/InputExtensions.cs"
"Library/PackageCache/com.unity.inputsystem@920b46832575/InputSystem/InputFeatureNames.cs"
"Library/PackageCache/com.unity.inputsystem@920b46832575/InputSystem/InputManager.cs"
"Library/PackageCache/com.unity.inputsystem@920b46832575/InputSystem/InputManagerStateMonitors.cs"
"Library/PackageCache/com.unity.inputsystem@920b46832575/InputSystem/InputMetrics.cs"
"Library/PackageCache/com.unity.inputsystem@920b46832575/InputSystem/InputSettings.cs"
"Library/PackageCache/com.unity.inputsystem@920b46832575/InputSystem/InputSystem.cs"
"Library/PackageCache/com.unity.inputsystem@920b46832575/InputSystem/InputSystemObject.cs"
"Library/PackageCache/com.unity.inputsystem@920b46832575/InputSystem/InputUpdateType.cs"
"Library/PackageCache/com.unity.inputsystem@920b46832575/InputSystem/NativeInputRuntime.cs"
"Library/PackageCache/com.unity.inputsystem@920b46832575/InputSystem/Plugins/Android/AndroidAxis.cs"
"Library/PackageCache/com.unity.inputsystem@920b46832575/InputSystem/Plugins/Android/AndroidGameController.cs"
"Library/PackageCache/com.unity.inputsystem@920b46832575/InputSystem/Plugins/Android/AndroidKeyCode.cs"
"Library/PackageCache/com.unity.inputsystem@920b46832575/InputSystem/Plugins/Android/AndroidSensors.cs"
"Library/PackageCache/com.unity.inputsystem@920b46832575/InputSystem/Plugins/Android/AndroidSupport.cs"
"Library/PackageCache/com.unity.inputsystem@920b46832575/InputSystem/Plugins/DualShock/DualShockGamepad.cs"
"Library/PackageCache/com.unity.inputsystem@920b46832575/InputSystem/Plugins/DualShock/DualShockGamepadHID.cs"
"Library/PackageCache/com.unity.inputsystem@920b46832575/InputSystem/Plugins/DualShock/DualShockSupport.cs"
"Library/PackageCache/com.unity.inputsystem@920b46832575/InputSystem/Plugins/DualShock/IDualShockHaptics.cs"
"Library/PackageCache/com.unity.inputsystem@920b46832575/InputSystem/Plugins/EnhancedTouch/EnhancedTouchSupport.cs"
"Library/PackageCache/com.unity.inputsystem@920b46832575/InputSystem/Plugins/EnhancedTouch/Finger.cs"
"Library/PackageCache/com.unity.inputsystem@920b46832575/InputSystem/Plugins/EnhancedTouch/Touch.cs"
"Library/PackageCache/com.unity.inputsystem@920b46832575/InputSystem/Plugins/EnhancedTouch/TouchHistory.cs"
"Library/PackageCache/com.unity.inputsystem@920b46832575/InputSystem/Plugins/EnhancedTouch/TouchSimulation.cs"
"Library/PackageCache/com.unity.inputsystem@920b46832575/InputSystem/Plugins/HID/HID.cs"
"Library/PackageCache/com.unity.inputsystem@920b46832575/InputSystem/Plugins/HID/HIDDescriptorWindow.cs"
"Library/PackageCache/com.unity.inputsystem@920b46832575/InputSystem/Plugins/HID/HIDParser.cs"
"Library/PackageCache/com.unity.inputsystem@920b46832575/InputSystem/Plugins/HID/HIDSupport.cs"
"Library/PackageCache/com.unity.inputsystem@920b46832575/InputSystem/Plugins/Linux/LinuxSupport.cs"
"Library/PackageCache/com.unity.inputsystem@920b46832575/InputSystem/Plugins/Linux/SDLDeviceBuilder.cs"
"Library/PackageCache/com.unity.inputsystem@920b46832575/InputSystem/Plugins/OSX/OSXGameController.cs"
"Library/PackageCache/com.unity.inputsystem@920b46832575/InputSystem/Plugins/OSX/OSXSupport.cs"
"Library/PackageCache/com.unity.inputsystem@920b46832575/InputSystem/Plugins/OnScreen/OnScreenButton.cs"
"Library/PackageCache/com.unity.inputsystem@920b46832575/InputSystem/Plugins/OnScreen/OnScreenControl.cs"
"Library/PackageCache/com.unity.inputsystem@920b46832575/InputSystem/Plugins/OnScreen/OnScreenStick.cs"
"Library/PackageCache/com.unity.inputsystem@920b46832575/InputSystem/Plugins/OnScreen/OnScreenSupport.cs"
"Library/PackageCache/com.unity.inputsystem@920b46832575/InputSystem/Plugins/PlayerInput/DefaultInputActions.cs"
"Library/PackageCache/com.unity.inputsystem@920b46832575/InputSystem/Plugins/PlayerInput/InputValue.cs"
"Library/PackageCache/com.unity.inputsystem@920b46832575/InputSystem/Plugins/PlayerInput/PlayerInput.cs"
"Library/PackageCache/com.unity.inputsystem@920b46832575/InputSystem/Plugins/PlayerInput/PlayerInputEditor.cs"
"Library/PackageCache/com.unity.inputsystem@920b46832575/InputSystem/Plugins/PlayerInput/PlayerInputManager.cs"
"Library/PackageCache/com.unity.inputsystem@920b46832575/InputSystem/Plugins/PlayerInput/PlayerInputManagerEditor.cs"
"Library/PackageCache/com.unity.inputsystem@920b46832575/InputSystem/Plugins/PlayerInput/PlayerJoinBehavior.cs"
"Library/PackageCache/com.unity.inputsystem@920b46832575/InputSystem/Plugins/PlayerInput/PlayerNotifications.cs"
"Library/PackageCache/com.unity.inputsystem@920b46832575/InputSystem/Plugins/Steam/IStreamControllerAPI.cs"
"Library/PackageCache/com.unity.inputsystem@920b46832575/InputSystem/Plugins/Steam/SteamController.cs"
"Library/PackageCache/com.unity.inputsystem@920b46832575/InputSystem/Plugins/Steam/SteamControllerType.cs"
"Library/PackageCache/com.unity.inputsystem@920b46832575/InputSystem/Plugins/Steam/SteamHandle.cs"
"Library/PackageCache/com.unity.inputsystem@920b46832575/InputSystem/Plugins/Steam/SteamIGAConverter.cs"
"Library/PackageCache/com.unity.inputsystem@920b46832575/InputSystem/Plugins/Steam/SteamSupport.cs"
"Library/PackageCache/com.unity.inputsystem@920b46832575/InputSystem/Plugins/Switch/SwitchProControllerHID.cs"
"Library/PackageCache/com.unity.inputsystem@920b46832575/InputSystem/Plugins/Switch/SwitchSupportHID.cs"
"Library/PackageCache/com.unity.inputsystem@920b46832575/InputSystem/Plugins/UI/BaseInputOverride.cs"
"Library/PackageCache/com.unity.inputsystem@920b46832575/InputSystem/Plugins/UI/ExtendedAxisEventData.cs"
"Library/PackageCache/com.unity.inputsystem@920b46832575/InputSystem/Plugins/UI/ExtendedPointerEventData.cs"
"Library/PackageCache/com.unity.inputsystem@920b46832575/InputSystem/Plugins/UI/InputSystemUIInputModule.cs"
"Library/PackageCache/com.unity.inputsystem@920b46832575/InputSystem/Plugins/UI/InputSystemUIInputModuleEditor.cs"
"Library/PackageCache/com.unity.inputsystem@920b46832575/InputSystem/Plugins/UI/MultiplayerEventSystem.cs"
"Library/PackageCache/com.unity.inputsystem@920b46832575/InputSystem/Plugins/UI/NavigationModel.cs"
"Library/PackageCache/com.unity.inputsystem@920b46832575/InputSystem/Plugins/UI/PointerModel.cs"
"Library/PackageCache/com.unity.inputsystem@920b46832575/InputSystem/Plugins/UI/StandaloneInputModuleEditor.cs"
"Library/PackageCache/com.unity.inputsystem@920b46832575/InputSystem/Plugins/UI/TrackedDeviceRaycaster.cs"
"Library/PackageCache/com.unity.inputsystem@920b46832575/InputSystem/Plugins/UI/UISupport.cs"
"Library/PackageCache/com.unity.inputsystem@920b46832575/InputSystem/Plugins/UI/VirtualMouseInput.cs"
"Library/PackageCache/com.unity.inputsystem@920b46832575/InputSystem/Plugins/UnityRemote/UnityRemoteSupport.cs"
"Library/PackageCache/com.unity.inputsystem@920b46832575/InputSystem/Plugins/Users/InputUser.cs"
"Library/PackageCache/com.unity.inputsystem@920b46832575/InputSystem/Plugins/Users/InputUserAccountHandle.cs"
"Library/PackageCache/com.unity.inputsystem@920b46832575/InputSystem/Plugins/Users/InputUserChange.cs"
"Library/PackageCache/com.unity.inputsystem@920b46832575/InputSystem/Plugins/Users/InputUserPairingOptions.cs"
"Library/PackageCache/com.unity.inputsystem@920b46832575/InputSystem/Plugins/Users/InputUserSettings.cs"
"Library/PackageCache/com.unity.inputsystem@920b46832575/InputSystem/Plugins/WebGL/WebGLGamepad.cs"
"Library/PackageCache/com.unity.inputsystem@920b46832575/InputSystem/Plugins/WebGL/WebGLJoystick.cs"
"Library/PackageCache/com.unity.inputsystem@920b46832575/InputSystem/Plugins/WebGL/WebGLSupport.cs"
"Library/PackageCache/com.unity.inputsystem@920b46832575/InputSystem/Plugins/XInput/IXboxOneRumble.cs"
"Library/PackageCache/com.unity.inputsystem@920b46832575/InputSystem/Plugins/XInput/XInputController.cs"
"Library/PackageCache/com.unity.inputsystem@920b46832575/InputSystem/Plugins/XInput/XInputControllerWindows.cs"
"Library/PackageCache/com.unity.inputsystem@920b46832575/InputSystem/Plugins/XInput/XInputSupport.cs"
"Library/PackageCache/com.unity.inputsystem@920b46832575/InputSystem/Plugins/XInput/XboxGamepadMacOS.cs"
"Library/PackageCache/com.unity.inputsystem@920b46832575/InputSystem/Plugins/XR/Controls/PoseControl.cs"
"Library/PackageCache/com.unity.inputsystem@920b46832575/InputSystem/Plugins/XR/Devices/GoogleVR.cs"
"Library/PackageCache/com.unity.inputsystem@920b46832575/InputSystem/Plugins/XR/Devices/Oculus.cs"
"Library/PackageCache/com.unity.inputsystem@920b46832575/InputSystem/Plugins/XR/Devices/OpenVR.cs"
"Library/PackageCache/com.unity.inputsystem@920b46832575/InputSystem/Plugins/XR/Devices/WindowsMR.cs"
"Library/PackageCache/com.unity.inputsystem@920b46832575/InputSystem/Plugins/XR/GenericXRDevice.cs"
"Library/PackageCache/com.unity.inputsystem@920b46832575/InputSystem/Plugins/XR/Haptics/BufferedRumble.cs"
"Library/PackageCache/com.unity.inputsystem@920b46832575/InputSystem/Plugins/XR/Haptics/GetCurrentHapticStateCommand.cs"
"Library/PackageCache/com.unity.inputsystem@920b46832575/InputSystem/Plugins/XR/Haptics/GetHapticCapabilitiesCommand.cs"
"Library/PackageCache/com.unity.inputsystem@920b46832575/InputSystem/Plugins/XR/Haptics/SendBufferedHapticsCommand.cs"
"Library/PackageCache/com.unity.inputsystem@920b46832575/InputSystem/Plugins/XR/Haptics/SendHapticImpulseCommand.cs"
"Library/PackageCache/com.unity.inputsystem@920b46832575/InputSystem/Plugins/XR/TrackedPoseDriver.cs"
"Library/PackageCache/com.unity.inputsystem@920b46832575/InputSystem/Plugins/XR/XRLayoutBuilder.cs"
"Library/PackageCache/com.unity.inputsystem@920b46832575/InputSystem/Plugins/XR/XRSupport.cs"
"Library/PackageCache/com.unity.inputsystem@920b46832575/InputSystem/Plugins/iOS/IOSGameController.cs"
"Library/PackageCache/com.unity.inputsystem@920b46832575/InputSystem/Plugins/iOS/InputSettingsiOS.cs"
"Library/PackageCache/com.unity.inputsystem@920b46832575/InputSystem/Plugins/iOS/InputSettingsiOSProvider.cs"
"Library/PackageCache/com.unity.inputsystem@920b46832575/InputSystem/Plugins/iOS/iOSPostProcessBuild.cs"
"Library/PackageCache/com.unity.inputsystem@920b46832575/InputSystem/Plugins/iOS/iOSStepCounter.cs"
"Library/PackageCache/com.unity.inputsystem@920b46832575/InputSystem/Plugins/iOS/iOSSupport.cs"
"Library/PackageCache/com.unity.inputsystem@920b46832575/InputSystem/State/IInputStateCallbackReceiver.cs"
"Library/PackageCache/com.unity.inputsystem@920b46832575/InputSystem/State/IInputStateChangeMonitor.cs"
"Library/PackageCache/com.unity.inputsystem@920b46832575/InputSystem/State/IInputStateTypeInfo.cs"
"Library/PackageCache/com.unity.inputsystem@920b46832575/InputSystem/State/InputState.cs"
"Library/PackageCache/com.unity.inputsystem@920b46832575/InputSystem/State/InputStateBlock.cs"
"Library/PackageCache/com.unity.inputsystem@920b46832575/InputSystem/State/InputStateBuffers.cs"
"Library/PackageCache/com.unity.inputsystem@920b46832575/InputSystem/State/InputStateHistory.cs"
"Library/PackageCache/com.unity.inputsystem@920b46832575/InputSystem/Utilities/ArrayHelpers.cs"
"Library/PackageCache/com.unity.inputsystem@920b46832575/InputSystem/Utilities/CSharpCodeHelpers.cs"
"Library/PackageCache/com.unity.inputsystem@920b46832575/InputSystem/Utilities/CallbackArray.cs"
"Library/PackageCache/com.unity.inputsystem@920b46832575/InputSystem/Utilities/Comparers.cs"
"Library/PackageCache/com.unity.inputsystem@920b46832575/InputSystem/Utilities/DelegateHelpers.cs"
"Library/PackageCache/com.unity.inputsystem@920b46832575/InputSystem/Utilities/DisplayStringFormatAttribute.cs"
"Library/PackageCache/com.unity.inputsystem@920b46832575/InputSystem/Utilities/DynamicBitfield.cs"
"Library/PackageCache/com.unity.inputsystem@920b46832575/InputSystem/Utilities/ExceptionHelpers.cs"
"Library/PackageCache/com.unity.inputsystem@920b46832575/InputSystem/Utilities/FourCC.cs"
"Library/PackageCache/com.unity.inputsystem@920b46832575/InputSystem/Utilities/InlinedArray.cs"
"Library/PackageCache/com.unity.inputsystem@920b46832575/InputSystem/Utilities/InternedString.cs"
"Library/PackageCache/com.unity.inputsystem@920b46832575/InputSystem/Utilities/JsonParser.cs"
"Library/PackageCache/com.unity.inputsystem@920b46832575/InputSystem/Utilities/MemoryHelpers.cs"
"Library/PackageCache/com.unity.inputsystem@920b46832575/InputSystem/Utilities/MiscHelpers.cs"
"Library/PackageCache/com.unity.inputsystem@920b46832575/InputSystem/Utilities/NameAndParameters.cs"
"Library/PackageCache/com.unity.inputsystem@920b46832575/InputSystem/Utilities/NamedValue.cs"
"Library/PackageCache/com.unity.inputsystem@920b46832575/InputSystem/Utilities/NumberHelpers.cs"
"Library/PackageCache/com.unity.inputsystem@920b46832575/InputSystem/Utilities/Observables/ForDeviceEventObservable.cs"
"Library/PackageCache/com.unity.inputsystem@920b46832575/InputSystem/Utilities/Observables/Observable.cs"
"Library/PackageCache/com.unity.inputsystem@920b46832575/InputSystem/Utilities/Observables/Observer.cs"
"Library/PackageCache/com.unity.inputsystem@920b46832575/InputSystem/Utilities/Observables/SelectManyObservable.cs"
"Library/PackageCache/com.unity.inputsystem@920b46832575/InputSystem/Utilities/Observables/SelectObservable.cs"
"Library/PackageCache/com.unity.inputsystem@920b46832575/InputSystem/Utilities/Observables/TakeNObservable.cs"
"Library/PackageCache/com.unity.inputsystem@920b46832575/InputSystem/Utilities/Observables/WhereObservable.cs"
"Library/PackageCache/com.unity.inputsystem@920b46832575/InputSystem/Utilities/OneOrMore.cs"
"Library/PackageCache/com.unity.inputsystem@920b46832575/InputSystem/Utilities/PredictiveParser.cs"
"Library/PackageCache/com.unity.inputsystem@920b46832575/InputSystem/Utilities/PrimitiveValue.cs"
"Library/PackageCache/com.unity.inputsystem@920b46832575/InputSystem/Utilities/ReadOnlyArray.cs"
"Library/PackageCache/com.unity.inputsystem@920b46832575/InputSystem/Utilities/SavedState.cs"
"Library/PackageCache/com.unity.inputsystem@920b46832575/InputSystem/Utilities/SpriteUtilities.cs"
"Library/PackageCache/com.unity.inputsystem@920b46832575/InputSystem/Utilities/StringHelpers.cs"
"Library/PackageCache/com.unity.inputsystem@920b46832575/InputSystem/Utilities/Substring.cs"
"Library/PackageCache/com.unity.inputsystem@920b46832575/InputSystem/Utilities/TypeHelpers.cs"
"Library/PackageCache/com.unity.inputsystem@920b46832575/InputSystem/Utilities/TypeTable.cs"
-langversion:9.0
/unsafe+
/deterministic
/optimize+
/debug:portable
/nologo
/RuntimeMetadataVersion:v4.0.30319
/nowarn:0169
/nowarn:0649
/nowarn:0282
/nowarn:1701
/nowarn:1702
/utf8output
/preferreduilang:en-US
-warn:0
/additionalfile:"Library/Bee/artifacts/1900b0aE.dag/Unity.InputSystem.UnityAdditionalFile.txt"
##### Custom Environment Variables
DOTNET_MULTILEVEL_LOOKUP=0
##### ExitCode
1
##### Output
Library\PackageCache\com.unity.inputsystem@920b46832575\InputSystem\Editor\InputSystemPluginControl.cs(47,25): error CS0117: 'BuildTarget' does not contain a definition for 'ReservedCFE'
*** Tundra build failed (14.77 seconds), 676 items updated, 845 evaluated
## Script Compilation Error for: Csc Library/Bee/artifacts/1900b0aE.dag/Palimpseste.Game.dll (+2 others)
## CmdLine: "C:\ProgramData\6000.3.24f1-x86_64\Editor\Data\NetCoreRuntime\dotnet.exe" exec "C:/ProgramData/6000.3.24f1-x86_64/Editor/Data/DotNetSdkRoslyn/csc.dll" /nostdlib /noconfig /shared "@Library/Bee/artifacts/1900b0aE.dag/Palimpseste.Game.rsp" "@Library/Bee/artifacts/1900b0aE.dag/Palimpseste.Game.rsp2"
## Output:
Assets\Palimpseste\Service\LabApi.cs(54,17): error CS1069: The type name 'UnityWebRequest' could not be found in the namespace 'UnityEngine.Networking'. This type has been forwarded to assembly 'UnityEngine.UnityWebRequestModule, Version=0.0.0.0, Culture=neutral, PublicKeyToken=null' Consider adding a reference to that assembly.
Assets\Palimpseste\Service\LabApi.cs(162,37): error CS1069: The type name 'UnityWebRequest' could not be found in the namespace 'UnityEngine.Networking'. This type has been forwarded to assembly 'UnityEngine.UnityWebRequestModule, Version=0.0.0.0, Culture=neutral, PublicKeyToken=null' Consider adding a reference to that assembly.

## Script Compilation Error for: Csc Library/Bee/artifacts/1900b0aE.dag/Unity.InputSystem.dll (+2 others)
## CmdLine: "C:\ProgramData\6000.3.24f1-x86_64\Editor\Data\NetCoreRuntime\dotnet.exe" exec "C:/ProgramData/6000.3.24f1-x86_64/Editor/Data/DotNetSdkRoslyn/csc.dll" /nostdlib /noconfig /shared "@Library/Bee/artifacts/1900b0aE.dag/Unity.InputSystem.rsp" "@Library/Bee/artifacts/1900b0aE.dag/Unity.InputSystem.rsp2"
## Output:
Library\PackageCache\com.unity.inputsystem@920b46832575\InputSystem\Editor\InputSystemPluginControl.cs(47,25): error CS0117: 'BuildTarget' does not contain a definition for 'ReservedCFE'

E:\Palimpseste\Palimpseste_Unity_Dossier_Luna_Codex\Palimpseste_Unity_Dossier\shared\Palimpseste.Contracts\SpellContracts.cs(166,16): warning CS0436: The type 'SpellVersions' in 'E:/Palimpseste/Palimpseste_Unity_Dossier_Luna_Codex/Palimpseste_Unity_Dossier/shared/Palimpseste.Contracts/SpellContracts.cs' conflicts with the imported type 'SpellVersions' in 'Palimpseste.Contracts, Version=1.0.0.0, Culture=neutral, PublicKeyToken=null'. Using the type defined in 'E:/Palimpseste/Palimpseste_Unity_Dossier_Luna_Codex/Palimpseste_Unity_Dossier/shared/Palimpseste.Contracts/SpellContracts.cs'.
E:\Palimpseste\Palimpseste_Unity_Dossier_Luna_Codex\Palimpseste_Unity_Dossier\shared\Palimpseste.Contracts\SpellContracts.cs(63,21): warning CS0436: The type 'SpellNode' in 'E:/Palimpseste/Palimpseste_Unity_Dossier_Luna_Codex/Palimpseste_Unity_Dossier/shared/Palimpseste.Contracts/SpellContracts.cs' conflicts with the imported type 'SpellNode' in 'Palimpseste.Contracts, Version=1.0.0.0, Culture=neutral, PublicKeyToken=null'. Using the type defined in 'E:/Palimpseste/Palimpseste_Unity_Dossier_Luna_Codex/Palimpseste_Unity_Dossier/shared/Palimpseste.Contracts/SpellContracts.cs'.
E:\Palimpseste\Palimpseste_Unity_Dossier_Luna_Codex\Palimpseste_Unity_Dossier\shared\Palimpseste.Contracts\SpellContracts.cs(11,21): warning CS0436: The type 'SpellObservation' in 'E:/Palimpseste/Palimpseste_Unity_Dossier_Luna_Codex/Palimpseste_Unity_Dossier/shared/Palimpseste.Contracts/SpellContracts.cs' conflicts with the imported type 'SpellObservation' in 'Palimpseste.Contracts, Version=1.0.0.0, Culture=neutral, PublicKeyToken=null'. Using the type defined in 'E:/Palimpseste/Palimpseste_Unity_Dossier_Luna_Codex/Palimpseste_Unity_Dossier/shared/Palimpseste.Contracts/SpellContracts.cs'.
E:\Palimpseste\Palimpseste_Unity_Dossier_Luna_Codex\Palimpseste_Unity_Dossier\shared\Palimpseste.Contracts\SpellContracts.cs(147,21): warning CS0436: The type 'GeometryPoint' in 'E:/Palimpseste/Palimpseste_Unity_Dossier_Luna_Codex/Palimpseste_Unity_Dossier/shared/Palimpseste.Contracts/SpellContracts.cs' conflicts with the imported type 'GeometryPoint' in 'Palimpseste.Contracts, Version=1.0.0.0, Culture=neutral, PublicKeyToken=null'. Using the type defined in 'E:/Palimpseste/Palimpseste_Unity_Dossier_Luna_Codex/Palimpseste_Unity_Dossier/shared/Palimpseste.Contracts/SpellContracts.cs'.
E:\Palimpseste\Palimpseste_Unity_Dossier_Luna_Codex\Palimpseste_Unity_Dossier\shared\Palimpseste.Contracts\SpellContracts.cs(167,16): warning CS0436: The type 'SpellProvenance' in 'E:/Palimpseste/Palimpseste_Unity_Dossier_Luna_Codex/Palimpseste_Unity_Dossier/shared/Palimpseste.Contracts/SpellContracts.cs' conflicts with the imported type 'SpellProvenance' in 'Palimpseste.Contracts, Version=1.0.0.0, Culture=neutral, PublicKeyToken=null'. Using the type defined in 'E:/Palimpseste/Palimpseste_Unity_Dossier_Luna_Codex/Palimpseste_Unity_Dossier/shared/Palimpseste.Contracts/SpellContracts.cs'.
E:\Palimpseste\Palimpseste_Unity_Dossier_Luna_Codex\Palimpseste_Unity_Dossier\shared\Palimpseste.Contracts\SpellContracts.cs(170,16): warning CS0436: The type 'SpellPlan' in 'E:/Palimpseste/Palimpseste_Unity_Dossier_Luna_Codex/Palimpseste_Unity_Dossier/shared/Palimpseste.Contracts/SpellContracts.cs' conflicts with the imported type 'SpellPlan' in 'Palimpseste.Contracts, Version=1.0.0.0, Culture=neutral, PublicKeyToken=null'. Using the type defined in 'E:/Palimpseste/Palimpseste_Unity_Dossier_Luna_Codex/Palimpseste_Unity_Dossier/shared/Palimpseste.Contracts/SpellContracts.cs'.
E:\Palimpseste\Palimpseste_Unity_Dossier_Luna_Codex\Palimpseste_Unity_Dossier\shared\Palimpseste.Contracts\SpellContracts.cs(171,21): warning CS0436: The type 'GeometryManifestEntry' in 'E:/Palimpseste/Palimpseste_Unity_Dossier_Luna_Codex/Palimpseste_Unity_Dossier/shared/Palimpseste.Contracts/SpellContracts.cs' conflicts with the imported type 'GeometryManifestEntry' in 'Palimpseste.Contracts, Version=1.0.0.0, Culture=neutral, PublicKeyToken=null'. Using the type defined in 'E:/Palimpseste/Palimpseste_Unity_Dossier_Luna_Codex/Palimpseste_Unity_Dossier/shared/Palimpseste.Contracts/SpellContracts.cs'.
E:\Palimpseste\Palimpseste_Unity_Dossier_Luna_Codex\Palimpseste_Unity_Dossier\shared\Palimpseste.Contracts\SpellContracts.cs(72,16): warning CS0436: The type 'SpellActivation' in 'E:/Palimpseste/Palimpseste_Unity_Dossier_Luna_Codex/Palimpseste_Unity_Dossier/shared/Palimpseste.Contracts/SpellContracts.cs' conflicts with the imported type 'SpellActivation' in 'Palimpseste.Contracts, Version=1.0.0.0, Culture=neutral, PublicKeyToken=null'. Using the type defined in 'E:/Palimpseste/Palimpseste_Unity_Dossier_Luna_Codex/Palimpseste_Unity_Dossier/shared/Palimpseste.Contracts/SpellContracts.cs'.
E:\Palimpseste\Palimpseste_Unity_Dossier_Luna_Codex\Palimpseste_Unity_Dossier\shared\Palimpseste.Contracts\SpellContracts.cs(172,21): warning CS0436: The type 'BinaryAssetEntry' in 'E:/Palimpseste/Palimpseste_Unity_Dossier_Luna_Codex/Palimpseste_Unity_Dossier/shared/Palimpseste.Contracts/SpellContracts.cs' conflicts with the imported type 'BinaryAssetEntry' in 'Palimpseste.Contracts, Version=1.0.0.0, Culture=neutral, PublicKeyToken=null'. Using the type defined in 'E:/Palimpseste/Palimpseste_Unity_Dossier_Luna_Codex/Palimpseste_Unity_Dossier/shared/Palimpseste.Contracts/SpellContracts.cs'.
E:\Palimpseste\Palimpseste_Unity_Dossier_Luna_Codex\Palimpseste_Unity_Dossier\shared\Palimpseste.Contracts\SpellContracts.cs(12,21): warning CS0436: The type 'SpellClause' in 'E:/Palimpseste/Palimpseste_Unity_Dossier_Luna_Codex/Palimpseste_Unity_Dossier/shared/Palimpseste.Contracts/SpellContracts.cs' conflicts with the imported type 'SpellClause' in 'Palimpseste.Contracts, Version=1.0.0.0, Culture=neutral, PublicKeyToken=null'. Using the type defined in 'E:/Palimpseste/Palimpseste_Unity_Dossier_Luna_Codex/Palimpseste_Unity_Dossier/shared/Palimpseste.Contracts/SpellContracts.cs'.
E:\Palimpseste\Palimpseste_Unity_Dossier_Luna_Codex\Palimpseste_Unity_Dossier\shared\Palimpseste.Contracts\SpellContracts.cs(173,16): warning CS0436: The type 'ResourceBounds' in 'E:/Palimpseste/Palimpseste_Unity_Dossier_Luna_Codex/Palimpseste_Unity_Dossier/shared/Palimpseste.Contracts/SpellContracts.cs' conflicts with the imported type 'ResourceBounds' in 'Palimpseste.Contracts, Version=1.0.0.0, Culture=neutral, PublicKeyToken=null'. Using the type defined in 'E:/Palimpseste/Palimpseste_Unity_Dossier_Luna_Codex/Palimpseste_Unity_Dossier/shared/Palimpseste.Contracts/SpellContracts.cs'.
E:\Palimpseste\Palimpseste_Unity_Dossier_Luna_Codex\Palimpseste_Unity_Dossier\shared\Palimpseste.Contracts\SpellContracts.cs(77,16): warning CS0436: The type 'SpellAppearance' in 'E:/Palimpseste/Palimpseste_Unity_Dossier_Luna_Codex/Palimpseste_Unity_Dossier/shared/Palimpseste.Contracts/SpellContracts.cs' conflicts with the imported type 'SpellAppearance' in 'Palimpseste.Contracts, Version=1.0.0.0, Culture=neutral, PublicKeyToken=null'. Using the type defined in 'E:/Palimpseste/Palimpseste_Unity_Dossier_Luna_Codex/Palimpseste_Unity_Dossier/shared/Palimpseste.Contracts/SpellContracts.cs'.
E:\Palimpseste\Palimpseste_Unity_Dossier_Luna_Codex\Palimpseste_Unity_Dossier\shared\Palimpseste.Contracts\SpellContracts.cs(32,21): warning CS0436: The type 'SpellFact' in 'E:/Palimpseste/Palimpseste_Unity_Dossier_Luna_Codex/Palimpseste_Unity_Dossier/shared/Palimpseste.Contracts/SpellContracts.cs' conflicts with the imported type 'SpellFact' in 'Palimpseste.Contracts, Version=1.0.0.0, Culture=neutral, PublicKeyToken=null'. Using the type defined in 'E:/Palimpseste/Palimpseste_Unity_Dossier_Luna_Codex/Palimpseste_Unity_Dossier/shared/Palimpseste.Contracts/SpellContracts.cs'.
E:\Palimpseste\Palimpseste_Unity_Dossier_Luna_Codex\Palimpseste_Unity_Dossier\shared\Palimpseste.Contracts\SpellContracts.cs(13,21): warning CS0436: The type 'SpellRelation' in 'E:/Palimpseste/Palimpseste_Unity_Dossier_Luna_Codex/Palimpseste_Unity_Dossier/shared/Palimpseste.Contracts/SpellContracts.cs' conflicts with the imported type 'SpellRelation' in 'Palimpseste.Contracts, Version=1.0.0.0, Culture=neutral, PublicKeyToken=null'. Using the type defined in 'E:/Palimpseste/Palimpseste_Unity_Dossier_Luna_Codex/Palimpseste_Unity_Dossier/shared/Palimpseste.Contracts/SpellContracts.cs'.
E:\Palimpseste\Palimpseste_Unity_Dossier_Luna_Codex\Palimpseste_Unity_Dossier\shared\Palimpseste.Contracts\SpellContracts.cs(174,16): warning CS0436: The type 'SpellDisplay' in 'E:/Palimpseste/Palimpseste_Unity_Dossier_Luna_Codex/Palimpseste_Unity_Dossier/shared/Palimpseste.Contracts/SpellContracts.cs' conflicts with the imported type 'SpellDisplay' in 'Palimpseste.Contracts, Version=1.0.0.0, Culture=neutral, PublicKeyToken=null'. Using the type defined in 'E:/Palimpseste/Palimpseste_Unity_Dossier_Luna_Codex/Palimpseste_Unity_Dossier/shared/Palimpseste.Contracts/SpellContracts.cs'.
E:\Palimpseste\Palimpseste_Unity_Dossier_Luna_Codex\Palimpseste_Unity_Dossier\shared\Palimpseste.Contracts\SpellContracts.cs(78,21): warning CS0436: The type 'SpellEffect' in 'E:/Palimpseste/Palimpseste_Unity_Dossier_Luna_Codex/Palimpseste_Unity_Dossier/shared/Palimpseste.Contracts/SpellContracts.cs' conflicts with the imported type 'SpellEffect' in 'Palimpseste.Contracts, Version=1.0.0.0, Culture=neutral, PublicKeyToken=null'. Using the type defined in 'E:/Palimpseste/Palimpseste_Unity_Dossier_Luna_Codex/Palimpseste_Unity_Dossier/shared/Palimpseste.Contracts/SpellContracts.cs'.
E:\Palimpseste\Palimpseste_Unity_Dossier_Luna_Codex\Palimpseste_Unity_Dossier\shared\Palimpseste.Contracts\SpellContracts.cs(14,21): warning CS0436: The type 'ShapeRequest' in 'E:/Palimpseste/Palimpseste_Unity_Dossier_Luna_Codex/Palimpseste_Unity_Dossier/shared/Palimpseste.Contracts/SpellContracts.cs' conflicts with the imported type 'ShapeRequest' in 'Palimpseste.Contracts, Version=1.0.0.0, Culture=neutral, PublicKeyToken=null'. Using the type defined in 'E:/Palimpseste/Palimpseste_Unity_Dossier_Luna_Codex/Palimpseste_Unity_Dossier/shared/Palimpseste.Contracts/SpellContracts.cs'.
E:\Palimpseste\Palimpseste_Unity_Dossier_Luna_Codex\Palimpseste_Unity_Dossier\shared\Palimpseste.Contracts\SpellContracts.cs(79,16): warning CS0436: The type 'SpellOptions' in 'E:/Palimpseste/Palimpseste_Unity_Dossier_Luna_Codex/Palimpseste_Unity_Dossier/shared/Palimpseste.Contracts/SpellContracts.cs' conflicts with the imported type 'SpellOptions' in 'Palimpseste.Contracts, Version=1.0.0.0, Culture=neutral, PublicKeyToken=null'. Using the type defined in 'E:/Palimpseste/Palimpseste_Unity_Dossier_Luna_Codex/Palimpseste_Unity_Dossier/shared/Palimpseste.Contracts/SpellContracts.cs'.
Assets\Palimpseste\Service\LabApi.cs(54,17): error CS1069: The type name 'UnityWebRequest' could not be found in the namespace 'UnityEngine.Networking'. This type has been forwarded to assembly 'UnityEngine.UnityWebRequestModule, Version=0.0.0.0, Culture=neutral, PublicKeyToken=null' Enable the built in package 'Unity Web Request' in the Package Manager window to fix this error.
Assets\Palimpseste\Service\LabApi.cs(162,37): error CS1069: The type name 'UnityWebRequest' could not be found in the namespace 'UnityEngine.Networking'. This type has been forwarded to assembly 'UnityEngine.UnityWebRequestModule, Version=0.0.0.0, Culture=neutral, PublicKeyToken=null' Enable the built in package 'Unity Web Request' in the Package Manager window to fix this error.
Library\PackageCache\com.unity.inputsystem@920b46832575\InputSystem\Editor\InputSystemPluginControl.cs(47,25): error CS0117: 'BuildTarget' does not contain a definition for 'ReservedCFE'
Total cache size 11123229
AssetDatabase: script compilation time: 15.939406s
Total cache size after purge 11123229, took 00:00:00.0234298
[ScriptCompilation] Requested script compilation because: Assetdatabase observed changes in script compilation related files
AssetDatabase: script compilation time: 0.000062s
Starting: C:\ProgramData\6000.3.24f1-x86_64\Editor\Data\Tools\BuildPipeline\bee_backend.exe --ipc --defer-dag-verification --dagfile="Library/Bee/1900b0aE.dag" --continue-on-failure --profile="Library/Bee/backend1.traceevents" ScriptAssemblies
WorkingDir: E:/Palimpseste/Palimpseste_Unity_Dossier_Luna_Codex/Palimpseste_Unity_Dossier/game
ExitCode: 4 Duration: 0s952ms
Rebuilding DAG because FileSignature timestamp changed: Library/Bee/1900b0aE-inputdata.json
[587/845    0s] ILPP-Configuration Library/ilpp-configuration.nevergeneratedoutput
*** Tundra requires additional run (0.93 seconds), 3 items updated, 586 evaluated
Starting: C:\ProgramData\6000.3.24f1-x86_64\Editor\Data\netcorerun\netcorerun.exe "C:\ProgramData\6000.3.24f1-x86_64\Editor\Data\Tools\BuildPipeline\ScriptCompilationBuildProgram.exe" "Library/Bee/1900b0aE.dag.json" "Library/Bee/1900b0aE-inputdata.json" "Library\Bee\buildprogram0.traceevents"
WorkingDir: E:/Palimpseste/Palimpseste_Unity_Dossier_Luna_Codex/Palimpseste_Unity_Dossier/game
ExitCode: 0 Duration: 0s538ms
Starting: C:\ProgramData\6000.3.24f1-x86_64\Editor\Data\Tools\BuildPipeline\bee_backend.exe --ipc --defer-dag-verification --dagfile="Library/Bee/1900b0aE.dag" --continue-on-failure --dagfilejson="Library\Bee\1900b0aE.dag.json" --profile="Library/Bee/backend2.traceevents" ScriptAssemblies
WorkingDir: E:/Palimpseste/Palimpseste_Unity_Dossier_Luna_Codex/Palimpseste_Unity_Dossier/game
## Script Compilation Error for: Csc Library/Bee/artifacts/1900b0aE.dag/Palimpseste.Game.dll (+2 others)
## CmdLine: "C:\ProgramData\6000.3.24f1-x86_64\Editor\Data\NetCoreRuntime\dotnet.exe" exec "C:/ProgramData/6000.3.24f1-x86_64/Editor/Data/DotNetSdkRoslyn/csc.dll" /nostdlib /noconfig /shared "@Library/Bee/artifacts/1900b0aE.dag/Palimpseste.Game.rsp" "@Library/Bee/artifacts/1900b0aE.dag/Palimpseste.Game.rsp2"
## Output:
Assets\Palimpseste\Service\LabApi.cs(54,17): error CS1069: The type name 'UnityWebRequest' could not be found in the namespace 'UnityEngine.Networking'. This type has been forwarded to assembly 'UnityEngine.UnityWebRequestModule, Version=0.0.0.0, Culture=neutral, PublicKeyToken=null' Consider adding a reference to that assembly.
Assets\Palimpseste\Service\LabApi.cs(162,37): error CS1069: The type name 'UnityWebRequest' could not be found in the namespace 'UnityEngine.Networking'. This type has been forwarded to assembly 'UnityEngine.UnityWebRequestModule, Version=0.0.0.0, Culture=neutral, PublicKeyToken=null' Consider adding a reference to that assembly.

## Script Compilation Error for: Csc Library/Bee/artifacts/1900b0aE.dag/Unity.InputSystem.dll (+2 others)
## CmdLine: "C:\ProgramData\6000.3.24f1-x86_64\Editor\Data\NetCoreRuntime\dotnet.exe" exec "C:/ProgramData/6000.3.24f1-x86_64/Editor/Data/DotNetSdkRoslyn/csc.dll" /nostdlib /noconfig /shared "@Library/Bee/artifacts/1900b0aE.dag/Unity.InputSystem.rsp" "@Library/Bee/artifacts/1900b0aE.dag/Unity.InputSystem.rsp2"
## Output:
Library\PackageCache\com.unity.inputsystem@920b46832575\InputSystem\Editor\InputSystemPluginControl.cs(47,25): error CS0117: 'BuildTarget' does not contain a definition for 'ReservedCFE'

Assets\Palimpseste\Service\LabApi.cs(54,17): error CS1069: The type name 'UnityWebRequest' could not be found in the namespace 'UnityEngine.Networking'. This type has been forwarded to assembly 'UnityEngine.UnityWebRequestModule, Version=0.0.0.0, Culture=neutral, PublicKeyToken=null' Enable the built in package 'Unity Web Request' in the Package Manager window to fix this error.
Assets\Palimpseste\Service\LabApi.cs(162,37): error CS1069: The type name 'UnityWebRequest' could not be found in the namespace 'UnityEngine.Networking'. This type has been forwarded to assembly 'UnityEngine.UnityWebRequestModule, Version=0.0.0.0, Culture=neutral, PublicKeyToken=null' Enable the built in package 'Unity Web Request' in the Package Manager window to fix this error.
Library\PackageCache\com.unity.inputsystem@920b46832575\InputSystem\Editor\InputSystemPluginControl.cs(47,25): error CS0117: 'BuildTarget' does not contain a definition for 'ReservedCFE'
ExitCode: 3 Duration: 0s949ms
Finished compiling graph: 859 nodes, 14699 flattened edges (12063 ToBuild, 132 ToUse), maximum node priority 902
[473/855    0s] WriteText Library/Bee/artifacts/1900b0aE.dag/Palimpseste.Game.Tests.dll.mvfrm.rsp
[476/855    0s] WriteText Library/Bee/artifacts/1900b0aE.dag/Palimpseste.Game.Tests.rsp2
[477/855    0s] WriteText Library/Bee/artifacts/1900b0aE.dag/Palimpseste.Game.Tests.rsp
[478/855    0s] WriteText Library/Bee/artifacts/1900b0aE.dag/Palimpseste.Game.Tests.UnityAdditionalFile.txt
[479/855    0s] WriteResponseFile Library/Bee/artifacts/rsp/18100267525293468798.rsp
[592/855    0s] ILPP-Configuration Library/ilpp-configuration.nevergeneratedoutput
[680/855    0s] MovedFromExtractor-Combine Library/Bee/artifacts/1900b0aE.dag/Palimpseste.Game.Tests.dll.mvfrm
[681/855    0s] Csc Library/Bee/artifacts/1900b0aE.dag/Palimpseste.Game.dll (+2 others)
##### CommandLine
"C:\ProgramData\6000.3.24f1-x86_64\Editor\Data\NetCoreRuntime\dotnet.exe" exec "C:/ProgramData/6000.3.24f1-x86_64/Editor/Data/DotNetSdkRoslyn/csc.dll" /nostdlib /noconfig /shared "@Library/Bee/artifacts/1900b0aE.dag/Palimpseste.Game.rsp" "@Library/Bee/artifacts/1900b0aE.dag/Palimpseste.Game.rsp2"
##### Contents of Library\Bee\artifacts\1900b0aE.dag\Palimpseste.Game.rsp
-target:library
-out:"Library/Bee/artifacts/1900b0aE.dag/Palimpseste.Game.dll"
-refout:"Library/Bee/artifacts/1900b0aE.dag/Palimpseste.Game.ref.dll"
-define:UNITY_6000_3_24
-define:UNITY_6000_3
-define:UNITY_6000
-define:UNITY_5_3_OR_NEWER
-define:UNITY_5_4_OR_NEWER
-define:UNITY_5_5_OR_NEWER
-define:UNITY_5_6_OR_NEWER
-define:UNITY_2017_1_OR_NEWER
-define:UNITY_2017_2_OR_NEWER
-define:UNITY_2017_3_OR_NEWER
-define:UNITY_2017_4_OR_NEWER
-define:UNITY_2018_1_OR_NEWER
-define:UNITY_2018_2_OR_NEWER
-define:UNITY_2018_3_OR_NEWER
-define:UNITY_2018_4_OR_NEWER
-define:UNITY_2019_1_OR_NEWER
-define:UNITY_2019_2_OR_NEWER
-define:UNITY_2019_3_OR_NEWER
-define:UNITY_2019_4_OR_NEWER
-define:UNITY_2020_1_OR_NEWER
-define:UNITY_2020_2_OR_NEWER
-define:UNITY_2020_3_OR_NEWER
-define:UNITY_2021_1_OR_NEWER
-define:UNITY_2021_2_OR_NEWER
-define:UNITY_2021_3_OR_NEWER
-define:UNITY_2022_1_OR_NEWER
-define:UNITY_2022_2_OR_NEWER
-define:UNITY_2022_3_OR_NEWER
-define:UNITY_2023_1_OR_NEWER
-define:UNITY_2023_2_OR_NEWER
-define:UNITY_2023_3_OR_NEWER
-define:UNITY_6000_0_OR_NEWER
-define:UNITY_6000_1_OR_NEWER
-define:UNITY_6000_2_OR_NEWER
-define:UNITY_6000_3_OR_NEWER
-define:PLATFORM_ARCH_64
-define:UNITY_64
-define:UNITY_INCLUDE_TESTS
-define:ENABLE_AR
-define:ENABLE_AUDIO
-define:ENABLE_AUDIO_SCRIPTABLE_PIPELINE
-define:ENABLE_CACHING
-define:ENABLE_CLOTH
-define:ENABLE_EVENT_QUEUE
-define:ENABLE_MICROPHONE
-define:ENABLE_MULTIPLE_DISPLAYS
-define:ENABLE_PHYSICS
-define:ENABLE_TEXTURE_STREAMING
-define:ENABLE_VIRTUALTEXTURING
-define:ENABLE_LZMA
-define:ENABLE_UNITYEVENTS
-define:ENABLE_VR
-define:ENABLE_WEBCAM
-define:ENABLE_UNITYWEBREQUEST
-define:ENABLE_WWW
-define:ENABLE_CLOUD_SERVICES
-define:ENABLE_CLOUD_SERVICES_ADS
-define:ENABLE_CLOUD_SERVICES_USE_WEBREQUEST
-define:ENABLE_UNITY_CONSENT
-define:ENABLE_UNITY_CLOUD_IDENTIFIERS
-define:ENABLE_CLOUD_SERVICES_CRASH_REPORTING
-define:ENABLE_CLOUD_SERVICES_NATIVE_CRASH_REPORTING
-define:ENABLE_CLOUD_SERVICES_PURCHASING
-define:ENABLE_CLOUD_SERVICES_ANALYTICS
-define:ENABLE_CLOUD_SERVICES_BUILD
-define:ENABLE_EDITOR_GAME_SERVICES
-define:ENABLE_UNITY_GAME_SERVICES_ANALYTICS_SUPPORT
-define:ENABLE_CLOUD_LICENSE
-define:ENABLE_EDITOR_HUB_LICENSE
-define:ENABLE_WEBSOCKET_CLIENT
-define:ENABLE_GENERATE_NATIVE_PLUGINS_FOR_ASSEMBLIES_API
-define:ENABLE_DIRECTOR_AUDIO
-define:ENABLE_DIRECTOR_TEXTURE
-define:ENABLE_MANAGED_JOBS
-define:ENABLE_MANAGED_TRANSFORM_JOBS
-define:ENABLE_MANAGED_ANIMATION_JOBS
-define:ENABLE_MANAGED_AUDIO_JOBS
-define:ENABLE_MANAGED_UNITYTLS
-define:INCLUDE_DYNAMIC_GI
-define:ENABLE_SCRIPTING_GC_WBARRIERS
-define:PLATFORM_SUPPORTS_MONO
-define:RENDER_SOFTWARE_CURSOR
-define:ENABLE_MARSHALLING_TESTS
-define:ENABLE_VIDEO
-define:ENABLE_NAVIGATION_OFFMESHLINK_TO_NAVMESHLINK
-define:ENABLE_ACCELERATOR_CLIENT_DEBUGGING
-define:ENABLE_ACCESSIBILITY_SCREEN_READER
-define:TEXTCORE_1_0_OR_NEWER
-define:EDITOR_ONLY_NAVMESH_BUILDER_DEPRECATED
-define:PLATFORM_STANDALONE_WIN
-define:PLATFORM_STANDALONE
-define:UNITY_STANDALONE_WIN
-define:UNITY_STANDALONE
-define:ENABLE_RUNTIME_GI
-define:ENABLE_MOVIES
-define:ENABLE_NETWORK
-define:ENABLE_NVIDIA
-define:ENABLE_AMD
-define:ENABLE_CRUNCH_TEXTURE_COMPRESSION
-define:ENABLE_CLOUD_SERVICES_ENGINE_DIAGNOSTICS
-define:ENABLE_OUT_OF_PROCESS_CRASH_HANDLER
-define:ENABLE_CLUSTER_SYNC
-define:ENABLE_CLUSTERINPUT
-define:PLATFORM_UPDATES_TIME_OUTSIDE_OF_PLAYER_LOOP
-define:GFXDEVICE_WAITFOREVENT_MESSAGEPUMP
-define:PLATFORM_USES_EXPLICIT_MEMORY_MANAGER_INITIALIZER
-define:PLATFORM_SUPPORTS_WAIT_FOR_PRESENTATION
-define:PLATFORM_SUPPORTS_SPLIT_GRAPHICS_JOBS
-define:PLATFORM_USES_VULKAN_OLD_SWAPCHAIN
-define:ENABLE_MONO
-define:NET_STANDARD_2_0
-define:NET_STANDARD
-define:NET_STANDARD_2_1
-define:NETSTANDARD
-define:NETSTANDARD2_1
-define:ENABLE_PROFILER
-define:ENABLE_PROFILER_ASSISTANT_INTEGRATION
-define:DEBUG
-define:TRACE
-define:UNITY_ASSERTIONS
-define:UNITY_EDITOR
-define:UNITY_EDITOR_64
-define:UNITY_EDITOR_WIN
-define:ENABLE_UNITY_COLLECTIONS_CHECKS
-define:ENABLE_BURST_AOT
-define:UNITY_TEAM_LICENSE
-define:ENABLE_CUSTOM_RENDER_TEXTURE
-define:ENABLE_DIRECTOR
-define:ENABLE_LOCALIZATION
-define:ENABLE_SPRITES
-define:ENABLE_TERRAIN
-define:ENABLE_TILEMAP
-define:ENABLE_TIMELINE
-define:ENABLE_INPUT_SYSTEM
-define:ENABLE_LEGACY_INPUT_MANAGER
-define:TEXTCORE_FONT_ENGINE_1_5_OR_NEWER
-define:TEXTCORE_TEXT_ENGINE_1_5_OR_NEWER
-define:TEXTCORE_FONT_ENGINE_1_6_OR_NEWER
-define:CSHARP_7_OR_LATER
-define:CSHARP_7_3_OR_NEWER
-r:"C:/ProgramData/6000.3.24f1-x86_64/Editor/Data/Managed/UnityEditor.Graphs.dll"
-r:"C:/ProgramData/6000.3.24f1-x86_64/Editor/Data/Managed/UnityEngine/UnityEditor.AccessibilityModule.dll"
-r:"C:/ProgramData/6000.3.24f1-x86_64/Editor/Data/Managed/UnityEngine/UnityEditor.AdaptivePerformanceModule.dll"
-r:"C:/ProgramData/6000.3.24f1-x86_64/Editor/Data/Managed/UnityEngine/UnityEditor.AssetComplianceModule.dll"
-r:"C:/ProgramData/6000.3.24f1-x86_64/Editor/Data/Managed/UnityEngine/UnityEditor.BuildProfileModule.dll"
-r:"C:/ProgramData/6000.3.24f1-x86_64/Editor/Data/Managed/UnityEngine/UnityEditor.ClothModule.dll"
-r:"C:/ProgramData/6000.3.24f1-x86_64/Editor/Data/Managed/UnityEngine/UnityEditor.CoreBusinessMetricsModule.dll"
-r:"C:/ProgramData/6000.3.24f1-x86_64/Editor/Data/Managed/UnityEngine/UnityEditor.CoreModule.dll"
-r:"C:/ProgramData/6000.3.24f1-x86_64/Editor/Data/Managed/UnityEngine/UnityEditor.DeviceSimulatorModule.dll"
-r:"C:/ProgramData/6000.3.24f1-x86_64/Editor/Data/Managed/UnityEngine/UnityEditor.DiagnosticsModule.dll"
-r:"C:/ProgramData/6000.3.24f1-x86_64/Editor/Data/Managed/UnityEngine/UnityEditor.EditorToolbarModule.dll"
-r:"C:/ProgramData/6000.3.24f1-x86_64/Editor/Data/Managed/UnityEngine/UnityEditor.EmbreeModule.dll"
-r:"C:/ProgramData/6000.3.24f1-x86_64/Editor/Data/Managed/UnityEngine/UnityEditor.GIModule.dll"
-r:"C:/ProgramData/6000.3.24f1-x86_64/Editor/Data/Managed/UnityEngine/UnityEditor.GraphViewModule.dll"
-r:"C:/ProgramData/6000.3.24f1-x86_64/Editor/Data/Managed/UnityEngine/UnityEditor.GraphicsStateCollectionSerializerModule.dll"
-r:"C:/ProgramData/6000.3.24f1-x86_64/Editor/Data/Managed/UnityEngine/UnityEditor.GridAndSnapModule.dll"
-r:"C:/ProgramData/6000.3.24f1-x86_64/Editor/Data/Managed/UnityEngine/UnityEditor.GridModule.dll"
-r:"C:/ProgramData/6000.3.24f1-x86_64/Editor/Data/Managed/UnityEngine/UnityEditor.HierarchyModule.dll"
-r:"C:/ProgramData/6000.3.24f1-x86_64/Editor/Data/Managed/UnityEngine/UnityEditor.MediaModule.dll"
-r:"C:/ProgramData/6000.3.24f1-x86_64/Editor/Data/Managed/UnityEngine/UnityEditor.MultiplayerModule.dll"
-r:"C:/ProgramData/6000.3.24f1-x86_64/Editor/Data/Managed/UnityEngine/UnityEditor.Physics2DModule.dll"
-r:"C:/ProgramData/6000.3.24f1-x86_64/Editor/Data/Managed/UnityEngine/UnityEditor.PhysicsModule.dll"
-r:"C:/ProgramData/6000.3.24f1-x86_64/Editor/Data/Managed/UnityEngine/UnityEditor.PlayModeModule.dll"
-r:"C:/ProgramData/6000.3.24f1-x86_64/Editor/Data/Managed/UnityEngine/UnityEditor.PresetsUIModule.dll"
-r:"C:/ProgramData/6000.3.24f1-x86_64/Editor/Data/Managed/UnityEngine/UnityEditor.PropertiesModule.dll"
-r:"C:/ProgramData/6000.3.24f1-x86_64/Editor/Data/Managed/UnityEngine/UnityEditor.QuickInstallModule.dll"
-r:"C:/ProgramData/6000.3.24f1-x86_64/Editor/Data/Managed/UnityEngine/UnityEditor.QuickSearchModule.dll"
-r:"C:/ProgramData/6000.3.24f1-x86_64/Editor/Data/Managed/UnityEngine/UnityEditor.SafeModeModule.dll"
-r:"C:/ProgramData/6000.3.24f1-x86_64/Editor/Data/Managed/UnityEngine/UnityEditor.SceneTemplateModule.dll"
-r:"C:/ProgramData/6000.3.24f1-x86_64/Editor/Data/Managed/UnityEngine/UnityEditor.SceneViewModule.dll"
-r:"C:/ProgramData/6000.3.24f1-x86_64/Editor/Data/Managed/UnityEngine/UnityEditor.ShaderBuildSettingsModule.dll"
-r:"C:/ProgramData/6000.3.24f1-x86_64/Editor/Data/Managed/UnityEngine/UnityEditor.ShaderCompilationModule.dll"
-r:"C:/ProgramData/6000.3.24f1-x86_64/Editor/Data/Managed/UnityEngine/UnityEditor.ShaderFoundryModule.dll"
-r:"C:/ProgramData/6000.3.24f1-x86_64/Editor/Data/Managed/UnityEngine/UnityEditor.SketchUpModule.dll"
-r:"C:/ProgramData/6000.3.24f1-x86_64/Editor/Data/Managed/UnityEngine/UnityEditor.SpriteMaskModule.dll"
-r:"C:/ProgramData/6000.3.24f1-x86_64/Editor/Data/Managed/UnityEngine/UnityEditor.SpriteShapeModule.dll"
-r:"C:/ProgramData/6000.3.24f1-x86_64/Editor/Data/Managed/UnityEngine/UnityEditor.SubstanceModule.dll"
-r:"C:/ProgramData/6000.3.24f1-x86_64/Editor/Data/Managed/UnityEngine/UnityEditor.TerrainModule.dll"
-r:"C:/ProgramData/6000.3.24f1-x86_64/Editor/Data/Managed/UnityEngine/UnityEditor.TextCoreFontEngineModule.dll"
-r:"C:/ProgramData/6000.3.24f1-x86_64/Editor/Data/Managed/UnityEngine/UnityEditor.TextCoreTextEngineModule.dll"
-r:"C:/ProgramData/6000.3.24f1-x86_64/Editor/Data/Managed/UnityEngine/UnityEditor.TextRenderingModule.dll"
-r:"C:/ProgramData/6000.3.24f1-x86_64/Editor/Data/Managed/UnityEngine/UnityEditor.TilemapModule.dll"
-r:"C:/ProgramData/6000.3.24f1-x86_64/Editor/Data/Managed/UnityEngine/UnityEditor.TreeModule.dll"
-r:"C:/ProgramData/6000.3.24f1-x86_64/Editor/Data/Managed/UnityEngine/UnityEditor.UIAutomationModule.dll"
-r:"C:/ProgramData/6000.3.24f1-x86_64/Editor/Data/Managed/UnityEngine/UnityEditor.UIBuilderModule.dll"
-r:"C:/ProgramData/6000.3.24f1-x86_64/Editor/Data/Managed/UnityEngine/UnityEditor.UIElementsModule.dll"
-r:"C:/ProgramData/6000.3.24f1-x86_64/Editor/Data/Managed/UnityEngine/UnityEditor.UIElementsSamplesModule.dll"
-r:"C:/ProgramData/6000.3.24f1-x86_64/Editor/Data/Managed/UnityEngine/UnityEditor.UIToolkitAuthoringModule.dll"
-r:"C:/ProgramData/6000.3.24f1-x86_64/Editor/Data/Managed/UnityEngine/UnityEditor.UmbraModule.dll"
-r:"C:/ProgramData/6000.3.24f1-x86_64/Editor/Data/Managed/UnityEngine/UnityEditor.UnityConnectModule.dll"
-r:"C:/ProgramData/6000.3.24f1-x86_64/Editor/Data/Managed/UnityEngine/UnityEditor.VFXModule.dll"
-r:"C:/ProgramData/6000.3.24f1-x86_64/Editor/Data/Managed/UnityEngine/UnityEditor.VectorGraphicsModule.dll"
-r:"C:/ProgramData/6000.3.24f1-x86_64/Editor/Data/Managed/UnityEngine/UnityEditor.VideoModule.dll"
-r:"C:/ProgramData/6000.3.24f1-x86_64/Editor/Data/Managed/UnityEngine/UnityEditor.XRModule.dll"
-r:"C:/ProgramData/6000.3.24f1-x86_64/Editor/Data/Managed/UnityEngine/UnityEditor.dll"
-r:"C:/ProgramData/6000.3.24f1-x86_64/Editor/Data/Managed/UnityEngine/UnityEngine.AIModule.dll"
-r:"C:/ProgramData/6000.3.24f1-x86_64/Editor/Data/Managed/UnityEngine/UnityEngine.ARModule.dll"
-r:"C:/ProgramData/6000.3.24f1-x86_64/Editor/Data/Managed/UnityEngine/UnityEngine.AnimationModule.dll"
-r:"C:/ProgramData/6000.3.24f1-x86_64/Editor/Data/Managed/UnityEngine/UnityEngine.AudioModule.dll"
-r:"C:/ProgramData/6000.3.24f1-x86_64/Editor/Data/Managed/UnityEngine/UnityEngine.ClusterInputModule.dll"
-r:"C:/ProgramData/6000.3.24f1-x86_64/Editor/Data/Managed/UnityEngine/UnityEngine.ClusterRendererModule.dll"
-r:"C:/ProgramData/6000.3.24f1-x86_64/Editor/Data/Managed/UnityEngine/UnityEngine.ContentLoadModule.dll"
-r:"C:/ProgramData/6000.3.24f1-x86_64/Editor/Data/Managed/UnityEngine/UnityEngine.CoreModule.dll"
-r:"C:/ProgramData/6000.3.24f1-x86_64/Editor/Data/Managed/UnityEngine/UnityEngine.CrashReportingModule.dll"
-r:"C:/ProgramData/6000.3.24f1-x86_64/Editor/Data/Managed/UnityEngine/UnityEngine.DSPGraphModule.dll"
-r:"C:/ProgramData/6000.3.24f1-x86_64/Editor/Data/Managed/UnityEngine/UnityEngine.DirectorModule.dll"
-r:"C:/ProgramData/6000.3.24f1-x86_64/Editor/Data/Managed/UnityEngine/UnityEngine.GIModule.dll"
-r:"C:/ProgramData/6000.3.24f1-x86_64/Editor/Data/Managed/UnityEngine/UnityEngine.GameCenterModule.dll"
-r:"C:/ProgramData/6000.3.24f1-x86_64/Editor/Data/Managed/UnityEngine/UnityEngine.GraphicsStateCollectionSerializerModule.dll"
-r:"C:/ProgramData/6000.3.24f1-x86_64/Editor/Data/Managed/UnityEngine/UnityEngine.GridModule.dll"
-r:"C:/ProgramData/6000.3.24f1-x86_64/Editor/Data/Managed/UnityEngine/UnityEngine.HierarchyCoreModule.dll"
-r:"C:/ProgramData/6000.3.24f1-x86_64/Editor/Data/Managed/UnityEngine/UnityEngine.HotReloadModule.dll"
-r:"C:/ProgramData/6000.3.24f1-x86_64/Editor/Data/Managed/UnityEngine/UnityEngine.IMGUIModule.dll"
-r:"C:/ProgramData/6000.3.24f1-x86_64/Editor/Data/Managed/UnityEngine/UnityEngine.IdentifiersModule.dll"
-r:"C:/ProgramData/6000.3.24f1-x86_64/Editor/Data/Managed/UnityEngine/UnityEngine.InputForUIModule.dll"
-r:"C:/ProgramData/6000.3.24f1-x86_64/Editor/Data/Managed/UnityEngine/UnityEngine.InputLegacyModule.dll"
-r:"C:/ProgramData/6000.3.24f1-x86_64/Editor/Data/Managed/UnityEngine/UnityEngine.InputModule.dll"
-r:"C:/ProgramData/6000.3.24f1-x86_64/Editor/Data/Managed/UnityEngine/UnityEngine.InsightsModule.dll"
-r:"C:/ProgramData/6000.3.24f1-x86_64/Editor/Data/Managed/UnityEngine/UnityEngine.JSONSerializeModule.dll"
-r:"C:/ProgramData/6000.3.24f1-x86_64/Editor/Data/Managed/UnityEngine/UnityEngine.LocalizationModule.dll"
-r:"C:/ProgramData/6000.3.24f1-x86_64/Editor/Data/Managed/UnityEngine/UnityEngine.MarshallingModule.dll"
-r:"C:/ProgramData/6000.3.24f1-x86_64/Editor/Data/Managed/UnityEngine/UnityEngine.MultiplayerModule.dll"
-r:"C:/ProgramData/6000.3.24f1-x86_64/Editor/Data/Managed/UnityEngine/UnityEngine.ParticleSystemModule.dll"
-r:"C:/ProgramData/6000.3.24f1-x86_64/Editor/Data/Managed/UnityEngine/UnityEngine.PerformanceReportingModule.dll"
-r:"C:/ProgramData/6000.3.24f1-x86_64/Editor/Data/Managed/UnityEngine/UnityEngine.PhysicsBackendPhysXModule.dll"
-r:"C:/ProgramData/6000.3.24f1-x86_64/Editor/Data/Managed/UnityEngine/UnityEngine.PhysicsModule.dll"
-r:"C:/ProgramData/6000.3.24f1-x86_64/Editor/Data/Managed/UnityEngine/UnityEngine.PropertiesModule.dll"
-r:"C:/ProgramData/6000.3.24f1-x86_64/Editor/Data/Managed/UnityEngine/UnityEngine.RenderAs2DModule.dll"
-r:"C:/ProgramData/6000.3.24f1-x86_64/Editor/Data/Managed/UnityEngine/UnityEngine.RuntimeInitializeOnLoadManagerInitializerModule.dll"
-r:"C:/ProgramData/6000.3.24f1-x86_64/Editor/Data/Managed/UnityEngine/UnityEngine.ShaderRuntimeModule.dll"
-r:"C:/ProgramData/6000.3.24f1-x86_64/Editor/Data/Managed/UnityEngine/UnityEngine.ShaderVariantAnalyticsModule.dll"
-r:"C:/ProgramData/6000.3.24f1-x86_64/Editor/Data/Managed/UnityEngine/UnityEngine.SharedInternalsModule.dll"
-r:"C:/ProgramData/6000.3.24f1-x86_64/Editor/Data/Managed/UnityEngine/UnityEngine.SpriteMaskModule.dll"
-r:"C:/ProgramData/6000.3.24f1-x86_64/Editor/Data/Managed/UnityEngine/UnityEngine.SpriteShapeModule.dll"
-r:"C:/ProgramData/6000.3.24f1-x86_64/Editor/Data/Managed/UnityEngine/UnityEngine.StreamingModule.dll"
-r:"C:/ProgramData/6000.3.24f1-x86_64/Editor/Data/Managed/UnityEngine/UnityEngine.SubstanceModule.dll"
-r:"C:/ProgramData/6000.3.24f1-x86_64/Editor/Data/Managed/UnityEngine/UnityEngine.TLSModule.dll"
-r:"C:/ProgramData/6000.3.24f1-x86_64/Editor/Data/Managed/UnityEngine/UnityEngine.TerrainModule.dll"
-r:"C:/ProgramData/6000.3.24f1-x86_64/Editor/Data/Managed/UnityEngine/UnityEngine.TextCoreFontEngineModule.dll"
-r:"C:/ProgramData/6000.3.24f1-x86_64/Editor/Data/Managed/UnityEngine/UnityEngine.TextCoreTextEngineModule.dll"
-r:"C:/ProgramData/6000.3.24f1-x86_64/Editor/Data/Managed/UnityEngine/UnityEngine.TextRenderingModule.dll"
-r:"C:/ProgramData/6000.3.24f1-x86_64/Editor/Data/Managed/UnityEngine/UnityEngine.UIElementsModule.dll"
-r:"C:/ProgramData/6000.3.24f1-x86_64/Editor/Data/Managed/UnityEngine/UnityEngine.UIModule.dll"
-r:"C:/ProgramData/6000.3.24f1-x86_64/Editor/Data/Managed/UnityEngine/UnityEngine.UnityAnalyticsCommonModule.dll"
-r:"C:/ProgramData/6000.3.24f1-x86_64/Editor/Data/Managed/UnityEngine/UnityEngine.UnityConnectModule.dll"
-r:"C:/ProgramData/6000.3.24f1-x86_64/Editor/Data/Managed/UnityEngine/UnityEngine.UnityConsentModule.dll"
-r:"C:/ProgramData/6000.3.24f1-x86_64/Editor/Data/Managed/UnityEngine/UnityEngine.UnityCurlModule.dll"
-r:"C:/ProgramData/6000.3.24f1-x86_64/Editor/Data/Managed/UnityEngine/UnityEngine.VFXModule.dll"
-r:"C:/ProgramData/6000.3.24f1-x86_64/Editor/Data/Managed/UnityEngine/UnityEngine.VirtualTexturingModule.dll"
-r:"C:/ProgramData/6000.3.24f1-x86_64/Editor/Data/Managed/UnityEngine/UnityEngine.dll"
-r:"C:/ProgramData/6000.3.24f1-x86_64/Editor/Data/NetStandard/Extensions/2.0.0/System.Runtime.InteropServices.WindowsRuntime.dll"
-r:"C:/ProgramData/6000.3.24f1-x86_64/Editor/Data/NetStandard/compat/2.1.0/shims/netfx/System.ComponentModel.Composition.dll"
-r:"C:/ProgramData/6000.3.24f1-x86_64/Editor/Data/NetStandard/compat/2.1.0/shims/netfx/System.Core.dll"
-r:"C:/ProgramData/6000.3.24f1-x86_64/Editor/Data/NetStandard/compat/2.1.0/shims/netfx/System.Data.dll"
-r:"C:/ProgramData/6000.3.24f1-x86_64/Editor/Data/NetStandard/compat/2.1.0/shims/netfx/System.Drawing.dll"
-r:"C:/ProgramData/6000.3.24f1-x86_64/Editor/Data/NetStandard/compat/2.1.0/shims/netfx/System.IO.Compression.FileSystem.dll"
-r:"C:/ProgramData/6000.3.24f1-x86_64/Editor/Data/NetStandard/compat/2.1.0/shims/netfx/System.Net.dll"
-r:"C:/ProgramData/6000.3.24f1-x86_64/Editor/Data/NetStandard/compat/2.1.0/shims/netfx/System.Numerics.dll"
-r:"C:/ProgramData/6000.3.24f1-x86_64/Editor/Data/NetStandard/compat/2.1.0/shims/netfx/System.Runtime.Serialization.dll"
-r:"C:/ProgramData/6000.3.24f1-x86_64/Editor/Data/NetStandard/compat/2.1.0/shims/netfx/System.ServiceModel.Web.dll"
-r:"C:/ProgramData/6000.3.24f1-x86_64/Editor/Data/NetStandard/compat/2.1.0/shims/netfx/System.Transactions.dll"
-r:"C:/ProgramData/6000.3.24f1-x86_64/Editor/Data/NetStandard/compat/2.1.0/shims/netfx/System.Web.dll"
-r:"C:/ProgramData/6000.3.24f1-x86_64/Editor/Data/NetStandard/compat/2.1.0/shims/netfx/System.Windows.dll"
-r:"C:/ProgramData/6000.3.24f1-x86_64/Editor/Data/NetStandard/compat/2.1.0/shims/netfx/System.Xml.Linq.dll"
-r:"C:/ProgramData/6000.3.24f1-x86_64/Editor/Data/NetStandard/compat/2.1.0/shims/netfx/System.Xml.Serialization.dll"
-r:"C:/ProgramData/6000.3.24f1-x86_64/Editor/Data/NetStandard/compat/2.1.0/shims/netfx/System.Xml.dll"
-r:"C:/ProgramData/6000.3.24f1-x86_64/Editor/Data/NetStandard/compat/2.1.0/shims/netfx/System.dll"
-r:"C:/ProgramData/6000.3.24f1-x86_64/Editor/Data/NetStandard/compat/2.1.0/shims/netfx/mscorlib.dll"
-r:"C:/ProgramData/6000.3.24f1-x86_64/Editor/Data/NetStandard/compat/2.1.0/shims/netstandard/Microsoft.Win32.Primitives.dll"
-r:"C:/ProgramData/6000.3.24f1-x86_64/Editor/Data/NetStandard/compat/2.1.0/shims/netstandard/System.AppContext.dll"
-r:"C:/ProgramData/6000.3.24f1-x86_64/Editor/Data/NetStandard/compat/2.1.0/shims/netstandard/System.Buffers.dll"
-r:"C:/ProgramData/6000.3.24f1-x86_64/Editor/Data/NetStandard/compat/2.1.0/shims/netstandard/System.Collections.Concurrent.dll"
-r:"C:/ProgramData/6000.3.24f1-x86_64/Editor/Data/NetStandard/compat/2.1.0/shims/netstandard/System.Collections.NonGeneric.dll"
-r:"C:/ProgramData/6000.3.24f1-x86_64/Editor/Data/NetStandard/compat/2.1.0/shims/netstandard/System.Collections.Specialized.dll"
-r:"C:/ProgramData/6000.3.24f1-x86_64/Editor/Data/NetStandard/compat/2.1.0/shims/netstandard/System.Collections.dll"
-r:"C:/ProgramData/6000.3.24f1-x86_64/Editor/Data/NetStandard/compat/2.1.0/shims/netstandard/System.ComponentModel.EventBasedAsync.dll"
-r:"C:/ProgramData/6000.3.24f1-x86_64/Editor/Data/NetStandard/compat/2.1.0/shims/netstandard/System.ComponentModel.Primitives.dll"
-r:"C:/ProgramData/6000.3.24f1-x86_64/Editor/Data/NetStandard/compat/2.1.0/shims/netstandard/System.ComponentModel.TypeConverter.dll"
-r:"C:/ProgramData/6000.3.24f1-x86_64/Editor/Data/NetStandard/compat/2.1.0/shims/netstandard/System.ComponentModel.dll"
-r:"C:/ProgramData/6000.3.24f1-x86_64/Editor/Data/NetStandard/compat/2.1.0/shims/netstandard/System.Console.dll"
-r:"C:/ProgramData/6000.3.24f1-x86_64/Editor/Data/NetStandard/compat/2.1.0/shims/netstandard/System.Data.Common.dll"
-r:"C:/ProgramData/6000.3.24f1-x86_64/Editor/Data/NetStandard/compat/2.1.0/shims/netstandard/System.Diagnostics.Contracts.dll"
-r:"C:/ProgramData/6000.3.24f1-x86_64/Editor/Data/NetStandard/compat/2.1.0/shims/netstandard/System.Diagnostics.Debug.dll"
-r:"C:/ProgramData/6000.3.24f1-x86_64/Editor/Data/NetStandard/compat/2.1.0/shims/netstandard/System.Diagnostics.FileVersionInfo.dll"
-r:"C:/ProgramData/6000.3.24f1-x86_64/Editor/Data/NetStandard/compat/2.1.0/shims/netstandard/System.Diagnostics.Process.dll"
-r:"C:/ProgramData/6000.3.24f1-x86_64/Editor/Data/NetStandard/compat/2.1.0/shims/netstandard/System.Diagnostics.StackTrace.dll"
-r:"C:/ProgramData/6000.3.24f1-x86_64/Editor/Data/NetStandard/compat/2.1.0/shims/netstandard/System.Diagnostics.TextWriterTraceListener.dll"
-r:"C:/ProgramData/6000.3.24f1-x86_64/Editor/Data/NetStandard/compat/2.1.0/shims/netstandard/System.Diagnostics.Tools.dll"
-r:"C:/ProgramData/6000.3.24f1-x86_64/Editor/Data/NetStandard/compat/2.1.0/shims/netstandard/System.Diagnostics.TraceSource.dll"
-r:"C:/ProgramData/6000.3.24f1-x86_64/Editor/Data/NetStandard/compat/2.1.0/shims/netstandard/System.Diagnostics.Tracing.dll"
-r:"C:/ProgramData/6000.3.24f1-x86_64/Editor/Data/NetStandard/compat/2.1.0/shims/netstandard/System.Drawing.Primitives.dll"
-r:"C:/ProgramData/6000.3.24f1-x86_64/Editor/Data/NetStandard/compat/2.1.0/shims/netstandard/System.Dynamic.Runtime.dll"
-r:"C:/ProgramData/6000.3.24f1-x86_64/Editor/Data/NetStandard/compat/2.1.0/shims/netstandard/System.Globalization.Calendars.dll"
-r:"C:/ProgramData/6000.3.24f1-x86_64/Editor/Data/NetStandard/compat/2.1.0/shims/netstandard/System.Globalization.Extensions.dll"
-r:"C:/ProgramData/6000.3.24f1-x86_64/Editor/Data/NetStandard/compat/2.1.0/shims/netstandard/System.Globalization.dll"
-r:"C:/ProgramData/6000.3.24f1-x86_64/Editor/Data/NetStandard/compat/2.1.0/shims/netstandard/System.IO.Compression.ZipFile.dll"
-r:"C:/ProgramData/6000.3.24f1-x86_64/Editor/Data/NetStandard/compat/2.1.0/shims/netstandard/System.IO.Compression.dll"
-r:"C:/ProgramData/6000.3.24f1-x86_64/Editor/Data/NetStandard/compat/2.1.0/shims/netstandard/System.IO.FileSystem.DriveInfo.dll"
-r:"C:/ProgramData/6000.3.24f1-x86_64/Editor/Data/NetStandard/compat/2.1.0/shims/netstandard/System.IO.FileSystem.Primitives.dll"
-r:"C:/ProgramData/6000.3.24f1-x86_64/Editor/Data/NetStandard/compat/2.1.0/shims/netstandard/System.IO.FileSystem.Watcher.dll"
-r:"C:/ProgramData/6000.3.24f1-x86_64/Editor/Data/NetStandard/compat/2.1.0/shims/netstandard/System.IO.FileSystem.dll"
-r:"C:/ProgramData/6000.3.24f1-x86_64/Editor/Data/NetStandard/compat/2.1.0/shims/netstandard/System.IO.IsolatedStorage.dll"
-r:"C:/ProgramData/6000.3.24f1-x86_64/Editor/Data/NetStandard/compat/2.1.0/shims/netstandard/System.IO.MemoryMappedFiles.dll"
-r:"C:/ProgramData/6000.3.24f1-x86_64/Editor/Data/NetStandard/compat/2.1.0/shims/netstandard/System.IO.Pipes.dll"
-r:"C:/ProgramData/6000.3.24f1-x86_64/Editor/Data/NetStandard/compat/2.1.0/shims/netstandard/System.IO.UnmanagedMemoryStream.dll"
-r:"C:/ProgramData/6000.3.24f1-x86_64/Editor/Data/NetStandard/compat/2.1.0/shims/netstandard/System.IO.dll"
-r:"C:/ProgramData/6000.3.24f1-x86_64/Editor/Data/NetStandard/compat/2.1.0/shims/netstandard/System.Linq.Expressions.dll"
-r:"C:/ProgramData/6000.3.24f1-x86_64/Editor/Data/NetStandard/compat/2.1.0/shims/netstandard/System.Linq.Parallel.dll"
-r:"C:/ProgramData/6000.3.24f1-x86_64/Editor/Data/NetStandard/compat/2.1.0/shims/netstandard/System.Linq.Queryable.dll"
-r:"C:/ProgramData/6000.3.24f1-x86_64/Editor/Data/NetStandard/compat/2.1.0/shims/netstandard/System.Linq.dll"
-r:"C:/ProgramData/6000.3.24f1-x86_64/Editor/Data/NetStandard/compat/2.1.0/shims/netstandard/System.Memory.dll"
-r:"C:/ProgramData/6000.3.24f1-x86_64/Editor/Data/NetStandard/compat/2.1.0/shims/netstandard/System.Net.Http.dll"
-r:"C:/ProgramData/6000.3.24f1-x86_64/Editor/Data/NetStandard/compat/2.1.0/shims/netstandard/System.Net.NameResolution.dll"
-r:"C:/ProgramData/6000.3.24f1-x86_64/Editor/Data/NetStandard/compat/2.1.0/shims/netstandard/System.Net.NetworkInformation.dll"
-r:"C:/ProgramData/6000.3.24f1-x86_64/Editor/Data/NetStandard/compat/2.1.0/shims/netstandard/System.Net.Ping.dll"
-r:"C:/ProgramData/6000.3.24f1-x86_64/Editor/Data/NetStandard/compat/2.1.0/shims/netstandard/System.Net.Primitives.dll"
-r:"C:/ProgramData/6000.3.24f1-x86_64/Editor/Data/NetStandard/compat/2.1.0/shims/netstandard/System.Net.Requests.dll"
-r:"C:/ProgramData/6000.3.24f1-x86_64/Editor/Data/NetStandard/compat/2.1.0/shims/netstandard/System.Net.Security.dll"
-r:"C:/ProgramData/6000.3.24f1-x86_64/Editor/Data/NetStandard/compat/2.1.0/shims/netstandard/System.Net.Sockets.dll"
-r:"C:/ProgramData/6000.3.24f1-x86_64/Editor/Data/NetStandard/compat/2.1.0/shims/netstandard/System.Net.WebHeaderCollection.dll"
-r:"C:/ProgramData/6000.3.24f1-x86_64/Editor/Data/NetStandard/compat/2.1.0/shims/netstandard/System.Net.WebSockets.Client.dll"
-r:"C:/ProgramData/6000.3.24f1-x86_64/Editor/Data/NetStandard/compat/2.1.0/shims/netstandard/System.Net.WebSockets.dll"
-r:"C:/ProgramData/6000.3.24f1-x86_64/Editor/Data/NetStandard/compat/2.1.0/shims/netstandard/System.Numerics.Vectors.dll"
-r:"C:/ProgramData/6000.3.24f1-x86_64/Editor/Data/NetStandard/compat/2.1.0/shims/netstandard/System.ObjectModel.dll"
-r:"C:/ProgramData/6000.3.24f1-x86_64/Editor/Data/NetStandard/compat/2.1.0/shims/netstandard/System.Reflection.DispatchProxy.dll"
-r:"C:/ProgramData/6000.3.24f1-x86_64/Editor/Data/NetStandard/compat/2.1.0/shims/netstandard/System.Reflection.Emit.ILGeneration.dll"
-r:"C:/ProgramData/6000.3.24f1-x86_64/Editor/Data/NetStandard/compat/2.1.0/shims/netstandard/System.Reflection.Emit.Lightweight.dll"
-r:"C:/ProgramData/6000.3.24f1-x86_64/Editor/Data/NetStandard/compat/2.1.0/shims/netstandard/System.Reflection.Emit.dll"
-r:"C:/ProgramData/6000.3.24f1-x86_64/Editor/Data/NetStandard/compat/2.1.0/shims/netstandard/System.Reflection.Extensions.dll"
-r:"C:/ProgramData/6000.3.24f1-x86_64/Editor/Data/NetStandard/compat/2.1.0/shims/netstandard/System.Reflection.Primitives.dll"
-r:"C:/ProgramData/6000.3.24f1-x86_64/Editor/Data/NetStandard/compat/2.1.0/shims/netstandard/System.Reflection.dll"
-r:"C:/ProgramData/6000.3.24f1-x86_64/Editor/Data/NetStandard/compat/2.1.0/shims/netstandard/System.Resources.Reader.dll"
-r:"C:/ProgramData/6000.3.24f1-x86_64/Editor/Data/NetStandard/compat/2.1.0/shims/netstandard/System.Resources.ResourceManager.dll"
-r:"C:/ProgramData/6000.3.24f1-x86_64/Editor/Data/NetStandard/compat/2.1.0/shims/netstandard/System.Resources.Writer.dll"
-r:"C:/ProgramData/6000.3.24f1-x86_64/Editor/Data/NetStandard/compat/2.1.0/shims/netstandard/System.Runtime.CompilerServices.VisualC.dll"
-r:"C:/ProgramData/6000.3.24f1-x86_64/Editor/Data/NetStandard/compat/2.1.0/shims/netstandard/System.Runtime.Extensions.dll"
-r:"C:/ProgramData/6000.3.24f1-x86_64/Editor/Data/NetStandard/compat/2.1.0/shims/netstandard/System.Runtime.Handles.dll"
-r:"C:/ProgramData/6000.3.24f1-x86_64/Editor/Data/NetStandard/compat/2.1.0/shims/netstandard/System.Runtime.InteropServices.RuntimeInformation.dll"
-r:"C:/ProgramData/6000.3.24f1-x86_64/Editor/Data/NetStandard/compat/2.1.0/shims/netstandard/System.Runtime.InteropServices.dll"
-r:"C:/ProgramData/6000.3.24f1-x86_64/Editor/Data/NetStandard/compat/2.1.0/shims/netstandard/System.Runtime.Numerics.dll"
-r:"C:/ProgramData/6000.3.24f1-x86_64/Editor/Data/NetStandard/compat/2.1.0/shims/netstandard/System.Runtime.Serialization.Formatters.dll"
-r:"C:/ProgramData/6000.3.24f1-x86_64/Editor/Data/NetStandard/compat/2.1.0/shims/netstandard/System.Runtime.Serialization.Json.dll"
-r:"C:/ProgramData/6000.3.24f1-x86_64/Editor/Data/NetStandard/compat/2.1.0/shims/netstandard/System.Runtime.Serialization.Primitives.dll"
-r:"C:/ProgramData/6000.3.24f1-x86_64/Editor/Data/NetStandard/compat/2.1.0/shims/netstandard/System.Runtime.Serialization.Xml.dll"
-r:"C:/ProgramData/6000.3.24f1-x86_64/Editor/Data/NetStandard/compat/2.1.0/shims/netstandard/System.Runtime.dll"
-r:"C:/ProgramData/6000.3.24f1-x86_64/Editor/Data/NetStandard/compat/2.1.0/shims/netstandard/System.Security.Claims.dll"
-r:"C:/ProgramData/6000.3.24f1-x86_64/Editor/Data/NetStandard/compat/2.1.0/shims/netstandard/System.Security.Cryptography.Algorithms.dll"
-r:"C:/ProgramData/6000.3.24f1-x86_64/Editor/Data/NetStandard/compat/2.1.0/shims/netstandard/System.Security.Cryptography.Csp.dll"
-r:"C:/ProgramData/6000.3.24f1-x86_64/Editor/Data/NetStandard/compat/2.1.0/shims/netstandard/System.Security.Cryptography.Encoding.dll"
-r:"C:/ProgramData/6000.3.24f1-x86_64/Editor/Data/NetStandard/compat/2.1.0/shims/netstandard/System.Security.Cryptography.Primitives.dll"
-r:"C:/ProgramData/6000.3.24f1-x86_64/Editor/Data/NetStandard/compat/2.1.0/shims/netstandard/System.Security.Cryptography.X509Certificates.dll"
-r:"C:/ProgramData/6000.3.24f1-x86_64/Editor/Data/NetStandard/compat/2.1.0/shims/netstandard/System.Security.Principal.dll"
-r:"C:/ProgramData/6000.3.24f1-x86_64/Editor/Data/NetStandard/compat/2.1.0/shims/netstandard/System.Security.SecureString.dll"
-r:"C:/ProgramData/6000.3.24f1-x86_64/Editor/Data/NetStandard/compat/2.1.0/shims/netstandard/System.Text.Encoding.Extensions.dll"
-r:"C:/ProgramData/6000.3.24f1-x86_64/Editor/Data/NetStandard/compat/2.1.0/shims/netstandard/System.Text.Encoding.dll"
-r:"C:/ProgramData/6000.3.24f1-x86_64/Editor/Data/NetStandard/compat/2.1.0/shims/netstandard/System.Text.RegularExpressions.dll"
-r:"C:/ProgramData/6000.3.24f1-x86_64/Editor/Data/NetStandard/compat/2.1.0/shims/netstandard/System.Threading.Overlapped.dll"
-r:"C:/ProgramData/6000.3.24f1-x86_64/Editor/Data/NetStandard/compat/2.1.0/shims/netstandard/System.Threading.Tasks.Extensions.dll"
-r:"C:/ProgramData/6000.3.24f1-x86_64/Editor/Data/NetStandard/compat/2.1.0/shims/netstandard/System.Threading.Tasks.Parallel.dll"
-r:"C:/ProgramData/6000.3.24f1-x86_64/Editor/Data/NetStandard/compat/2.1.0/shims/netstandard/System.Threading.Tasks.dll"
-r:"C:/ProgramData/6000.3.24f1-x86_64/Editor/Data/NetStandard/compat/2.1.0/shims/netstandard/System.Threading.Thread.dll"
-r:"C:/ProgramData/6000.3.24f1-x86_64/Editor/Data/NetStandard/compat/2.1.0/shims/netstandard/System.Threading.ThreadPool.dll"
-r:"C:/ProgramData/6000.3.24f1-x86_64/Editor/Data/NetStandard/compat/2.1.0/shims/netstandard/System.Threading.Timer.dll"
-r:"C:/ProgramData/6000.3.24f1-x86_64/Editor/Data/NetStandard/compat/2.1.0/shims/netstandard/System.Threading.dll"
-r:"C:/ProgramData/6000.3.24f1-x86_64/Editor/Data/NetStandard/compat/2.1.0/shims/netstandard/System.ValueTuple.dll"
-r:"C:/ProgramData/6000.3.24f1-x86_64/Editor/Data/NetStandard/compat/2.1.0/shims/netstandard/System.Xml.ReaderWriter.dll"
-r:"C:/ProgramData/6000.3.24f1-x86_64/Editor/Data/NetStandard/compat/2.1.0/shims/netstandard/System.Xml.XDocument.dll"
-r:"C:/ProgramData/6000.3.24f1-x86_64/Editor/Data/NetStandard/compat/2.1.0/shims/netstandard/System.Xml.XPath.XDocument.dll"
-r:"C:/ProgramData/6000.3.24f1-x86_64/Editor/Data/NetStandard/compat/2.1.0/shims/netstandard/System.Xml.XPath.dll"
-r:"C:/ProgramData/6000.3.24f1-x86_64/Editor/Data/NetStandard/compat/2.1.0/shims/netstandard/System.Xml.XmlDocument.dll"
-r:"C:/ProgramData/6000.3.24f1-x86_64/Editor/Data/NetStandard/compat/2.1.0/shims/netstandard/System.Xml.XmlSerializer.dll"
-r:"C:/ProgramData/6000.3.24f1-x86_64/Editor/Data/NetStandard/ref/2.1.0/netstandard.dll"
-r:"C:/ProgramData/6000.3.24f1-x86_64/Editor/Data/PlaybackEngines/WindowsStandaloneSupport/UnityEditor.WindowsStandalone.Extensions.dll"
-r:"E:/Palimpseste/Palimpseste_Unity_Dossier_Luna_Codex/Palimpseste_Unity_Dossier/shared/Palimpseste.Contracts/obj/Debug/netstandard2.1/Palimpseste.Contracts.dll"
-r:"Library/PackageCache/com.unity.collab-proxy@b26119cdd155/Lib/Editor/PlasticSCM/Unity.Plastic.Antlr3.Runtime.dll"
-r:"Library/PackageCache/com.unity.collab-proxy@b26119cdd155/Lib/Editor/PlasticSCM/Unity.Plastic.Newtonsoft.Json.dll"
-r:"Library/PackageCache/com.unity.collab-proxy@b26119cdd155/Lib/Editor/PlasticSCM/log4netPlastic.dll"
-r:"Library/PackageCache/com.unity.collab-proxy@b26119cdd155/Lib/Editor/PlasticSCM/unityplastic.dll"
-r:"Library/PackageCache/com.unity.collections@84e8eb3fc12e/Unity.Collections.LowLevel.ILSupport/Unity.Collections.LowLevel.ILSupport.dll"
-r:"Library/PackageCache/com.unity.ext.nunit@d8c07649098d/net40/unity-custom/nunit.framework.dll"
-r:"Library/PackageCache/com.unity.nuget.mono-cecil@ecb9724e46ff/Mono.Cecil.dll"
-r:"Library/PackageCache/com.unity.nuget.newtonsoft-json@74deb55db2a0/Runtime/Newtonsoft.Json.dll"
-r:"Library/PackageCache/com.unity.visualscripting@80ee0eef820c/Editor/VisualScripting.Core/Dependencies/DotNetZip/Unity.VisualScripting.IonicZip.dll"
-r:"Library/PackageCache/com.unity.visualscripting@80ee0eef820c/Editor/VisualScripting.Core/Dependencies/YamlDotNet/Unity.VisualScripting.YamlDotNet.dll"
-r:"Library/PackageCache/com.unity.visualscripting@80ee0eef820c/Editor/VisualScripting.Core/EditorAssetResources/Unity.VisualScripting.TextureAssets.dll"
-r:"Library/PackageCache/com.unity.visualscripting@80ee0eef820c/Runtime/VisualScripting.Flow/Dependencies/NCalc/Unity.VisualScripting.Antlr3.Runtime.dll"
-r:"Library/Bee/artifacts/1900b0aE.dag/Palimpseste.Contracts.ref.dll"
-r:"Library/Bee/artifacts/1900b0aE.dag/UnityEditor.UI.ref.dll"
-r:"Library/Bee/artifacts/1900b0aE.dag/UnityEngine.UI.ref.dll"
-analyzer:"C:/ProgramData/6000.3.24f1-x86_64/Editor/Data/Tools/BuildPipeline/Unity.SourceGenerators/Unity.Properties.SourceGenerator.dll"
-analyzer:"C:/ProgramData/6000.3.24f1-x86_64/Editor/Data/Tools/BuildPipeline/Unity.SourceGenerators/Unity.SourceGenerators.dll"
-analyzer:"C:/ProgramData/6000.3.24f1-x86_64/Editor/Data/Tools/BuildPipeline/Unity.SourceGenerators/Unity.UIToolkit.SourceGenerator.dll"
"Assets/Palimpseste/Bootstrap/PalimpsesteApp.cs"
"Assets/Palimpseste/Drawing/DrawingCanvas.cs"
"Assets/Palimpseste/Library/ParchmentStore.cs"
"Assets/Palimpseste/Presentation/CarrierVisual.cs"
"Assets/Palimpseste/Service/LabApi.cs"
"Assets/Palimpseste/SpellRuntime/GeometryRuntime.cs"
"Assets/Palimpseste/SpellRuntime/RuntimeEngine.cs"
"Assets/Palimpseste/SpellRuntime/SpellLab.cs"
-langversion:9.0
/deterministic
/optimize+
/debug:portable
/nologo
/RuntimeMetadataVersion:v4.0.30319
/nowarn:0169
/nowarn:0649
/nowarn:0282
/nowarn:1701
/nowarn:1702
/utf8output
/preferreduilang:en-US
/additionalfile:"Library/Bee/artifacts/1900b0aE.dag/Palimpseste.Game.UnityAdditionalFile.txt"
##### Custom Environment Variables
DOTNET_MULTILEVEL_LOOKUP=0
##### ExitCode
1
##### Output
Assets\Palimpseste\Service\LabApi.cs(54,17): error CS1069: The type name 'UnityWebRequest' could not be found in the namespace 'UnityEngine.Networking'. This type has been forwarded to assembly 'UnityEngine.UnityWebRequestModule, Version=0.0.0.0, Culture=neutral, PublicKeyToken=null' Consider adding a reference to that assembly.

Assets\Palimpseste\Service\LabApi.cs(162,37): error CS1069: The type name 'UnityWebRequest' could not be found in the namespace 'UnityEngine.Networking'. This type has been forwarded to assembly 'UnityEngine.UnityWebRequestModule, Version=0.0.0.0, Culture=neutral, PublicKeyToken=null' Consider adding a reference to that assembly.
[682/855    0s] Csc Library/Bee/artifacts/1900b0aE.dag/Unity.InputSystem.dll (+2 others)
##### CommandLine
"C:\ProgramData\6000.3.24f1-x86_64\Editor\Data\NetCoreRuntime\dotnet.exe" exec "C:/ProgramData/6000.3.24f1-x86_64/Editor/Data/DotNetSdkRoslyn/csc.dll" /nostdlib /noconfig /shared "@Library/Bee/artifacts/1900b0aE.dag/Unity.InputSystem.rsp" "@Library/Bee/artifacts/1900b0aE.dag/Unity.InputSystem.rsp2"
##### Contents of Library\Bee\artifacts\1900b0aE.dag\Unity.InputSystem.rsp
-target:library
-out:"Library/Bee/artifacts/1900b0aE.dag/Unity.InputSystem.dll"
-refout:"Library/Bee/artifacts/1900b0aE.dag/Unity.InputSystem.ref.dll"
-define:UNITY_6000_3_24
-define:UNITY_6000_3
-define:UNITY_6000
-define:UNITY_5_3_OR_NEWER
-define:UNITY_5_4_OR_NEWER
-define:UNITY_5_5_OR_NEWER
-define:UNITY_5_6_OR_NEWER
-define:UNITY_2017_1_OR_NEWER
-define:UNITY_2017_2_OR_NEWER
-define:UNITY_2017_3_OR_NEWER
-define:UNITY_2017_4_OR_NEWER
-define:UNITY_2018_1_OR_NEWER
-define:UNITY_2018_2_OR_NEWER
-define:UNITY_2018_3_OR_NEWER
-define:UNITY_2018_4_OR_NEWER
-define:UNITY_2019_1_OR_NEWER
-define:UNITY_2019_2_OR_NEWER
-define:UNITY_2019_3_OR_NEWER
-define:UNITY_2019_4_OR_NEWER
-define:UNITY_2020_1_OR_NEWER
-define:UNITY_2020_2_OR_NEWER
-define:UNITY_2020_3_OR_NEWER
-define:UNITY_2021_1_OR_NEWER
-define:UNITY_2021_2_OR_NEWER
-define:UNITY_2021_3_OR_NEWER
-define:UNITY_2022_1_OR_NEWER
-define:UNITY_2022_2_OR_NEWER
-define:UNITY_2022_3_OR_NEWER
-define:UNITY_2023_1_OR_NEWER
-define:UNITY_2023_2_OR_NEWER
-define:UNITY_2023_3_OR_NEWER
-define:UNITY_6000_0_OR_NEWER
-define:UNITY_6000_1_OR_NEWER
-define:UNITY_6000_2_OR_NEWER
-define:UNITY_6000_3_OR_NEWER
-define:PLATFORM_ARCH_64
-define:UNITY_64
-define:UNITY_INCLUDE_TESTS
-define:ENABLE_AR
-define:ENABLE_AUDIO
-define:ENABLE_AUDIO_SCRIPTABLE_PIPELINE
-define:ENABLE_CACHING
-define:ENABLE_CLOTH
-define:ENABLE_EVENT_QUEUE
-define:ENABLE_MICROPHONE
-define:ENABLE_MULTIPLE_DISPLAYS
-define:ENABLE_PHYSICS
-define:ENABLE_TEXTURE_STREAMING
-define:ENABLE_VIRTUALTEXTURING
-define:ENABLE_LZMA
-define:ENABLE_UNITYEVENTS
-define:ENABLE_VR
-define:ENABLE_WEBCAM
-define:ENABLE_UNITYWEBREQUEST
-define:ENABLE_WWW
-define:ENABLE_CLOUD_SERVICES
-define:ENABLE_CLOUD_SERVICES_ADS
-define:ENABLE_CLOUD_SERVICES_USE_WEBREQUEST
-define:ENABLE_UNITY_CONSENT
-define:ENABLE_UNITY_CLOUD_IDENTIFIERS
-define:ENABLE_CLOUD_SERVICES_CRASH_REPORTING
-define:ENABLE_CLOUD_SERVICES_NATIVE_CRASH_REPORTING
-define:ENABLE_CLOUD_SERVICES_PURCHASING
-define:ENABLE_CLOUD_SERVICES_ANALYTICS
-define:ENABLE_CLOUD_SERVICES_BUILD
-define:ENABLE_EDITOR_GAME_SERVICES
-define:ENABLE_UNITY_GAME_SERVICES_ANALYTICS_SUPPORT
-define:ENABLE_CLOUD_LICENSE
-define:ENABLE_EDITOR_HUB_LICENSE
-define:ENABLE_WEBSOCKET_CLIENT
-define:ENABLE_GENERATE_NATIVE_PLUGINS_FOR_ASSEMBLIES_API
-define:ENABLE_DIRECTOR_AUDIO
-define:ENABLE_DIRECTOR_TEXTURE
-define:ENABLE_MANAGED_JOBS
-define:ENABLE_MANAGED_TRANSFORM_JOBS
-define:ENABLE_MANAGED_ANIMATION_JOBS
-define:ENABLE_MANAGED_AUDIO_JOBS
-define:ENABLE_MANAGED_UNITYTLS
-define:INCLUDE_DYNAMIC_GI
-define:ENABLE_SCRIPTING_GC_WBARRIERS
-define:PLATFORM_SUPPORTS_MONO
-define:RENDER_SOFTWARE_CURSOR
-define:ENABLE_MARSHALLING_TESTS
-define:ENABLE_VIDEO
-define:ENABLE_NAVIGATION_OFFMESHLINK_TO_NAVMESHLINK
-define:ENABLE_ACCELERATOR_CLIENT_DEBUGGING
-define:ENABLE_ACCESSIBILITY_SCREEN_READER
-define:TEXTCORE_1_0_OR_NEWER
-define:EDITOR_ONLY_NAVMESH_BUILDER_DEPRECATED
-define:PLATFORM_STANDALONE_WIN
-define:PLATFORM_STANDALONE
-define:UNITY_STANDALONE_WIN
-define:UNITY_STANDALONE
-define:ENABLE_RUNTIME_GI
-define:ENABLE_MOVIES
-define:ENABLE_NETWORK
-define:ENABLE_NVIDIA
-define:ENABLE_AMD
-define:ENABLE_CRUNCH_TEXTURE_COMPRESSION
-define:ENABLE_CLOUD_SERVICES_ENGINE_DIAGNOSTICS
-define:ENABLE_OUT_OF_PROCESS_CRASH_HANDLER
-define:ENABLE_CLUSTER_SYNC
-define:ENABLE_CLUSTERINPUT
-define:PLATFORM_UPDATES_TIME_OUTSIDE_OF_PLAYER_LOOP
-define:GFXDEVICE_WAITFOREVENT_MESSAGEPUMP
-define:PLATFORM_USES_EXPLICIT_MEMORY_MANAGER_INITIALIZER
-define:PLATFORM_SUPPORTS_WAIT_FOR_PRESENTATION
-define:PLATFORM_SUPPORTS_SPLIT_GRAPHICS_JOBS
-define:PLATFORM_USES_VULKAN_OLD_SWAPCHAIN
-define:ENABLE_MONO
-define:NET_STANDARD_2_0
-define:NET_STANDARD
-define:NET_STANDARD_2_1
-define:NETSTANDARD
-define:NETSTANDARD2_1
-define:ENABLE_PROFILER
-define:ENABLE_PROFILER_ASSISTANT_INTEGRATION
-define:DEBUG
-define:TRACE
-define:UNITY_ASSERTIONS
-define:UNITY_EDITOR
-define:UNITY_EDITOR_64
-define:UNITY_EDITOR_WIN
-define:ENABLE_UNITY_COLLECTIONS_CHECKS
-define:ENABLE_BURST_AOT
-define:UNITY_TEAM_LICENSE
-define:ENABLE_CUSTOM_RENDER_TEXTURE
-define:ENABLE_DIRECTOR
-define:ENABLE_LOCALIZATION
-define:ENABLE_SPRITES
-define:ENABLE_TERRAIN
-define:ENABLE_TILEMAP
-define:ENABLE_TIMELINE
-define:ENABLE_INPUT_SYSTEM
-define:ENABLE_LEGACY_INPUT_MANAGER
-define:TEXTCORE_FONT_ENGINE_1_5_OR_NEWER
-define:TEXTCORE_TEXT_ENGINE_1_5_OR_NEWER
-define:TEXTCORE_FONT_ENGINE_1_6_OR_NEWER
-define:UNITY_INPUT_SYSTEM_ENABLE_PHYSICS
-define:UNITY_INPUT_SYSTEM_ENABLE_UI
-define:HAS_SET_LOCAL_POSITION_AND_ROTATION
-define:UNITY_INPUT_SYSTEM_PROJECT_WIDE_ACTIONS
-define:UNITY_INPUT_SYSTEM_INPUT_ACTIONS_EDITOR_AUTO_SAVE_ON_FOCUS_LOST
-define:UNITY_INPUT_SYSTEM_PLATFORM_SCROLL_DELTA
-define:UNITY_INPUT_SYSTEM_INPUT_MODULE_SCROLL_DELTA
-define:UNITY_INPUT_SYSTEM_SENDPOINTERHOVERTOPARENT
-define:CSHARP_7_OR_LATER
-define:CSHARP_7_3_OR_NEWER
-r:"C:/ProgramData/6000.3.24f1-x86_64/Editor/Data/Managed/UnityEditor.Graphs.dll"
-r:"C:/ProgramData/6000.3.24f1-x86_64/Editor/Data/Managed/UnityEngine/UnityEditor.AccessibilityModule.dll"
-r:"C:/ProgramData/6000.3.24f1-x86_64/Editor/Data/Managed/UnityEngine/UnityEditor.AdaptivePerformanceModule.dll"
-r:"C:/ProgramData/6000.3.24f1-x86_64/Editor/Data/Managed/UnityEngine/UnityEditor.AssetComplianceModule.dll"
-r:"C:/ProgramData/6000.3.24f1-x86_64/Editor/Data/Managed/UnityEngine/UnityEditor.BuildProfileModule.dll"
-r:"C:/ProgramData/6000.3.24f1-x86_64/Editor/Data/Managed/UnityEngine/UnityEditor.ClothModule.dll"
-r:"C:/ProgramData/6000.3.24f1-x86_64/Editor/Data/Managed/UnityEngine/UnityEditor.CoreBusinessMetricsModule.dll"
-r:"C:/ProgramData/6000.3.24f1-x86_64/Editor/Data/Managed/UnityEngine/UnityEditor.CoreModule.dll"
-r:"C:/ProgramData/6000.3.24f1-x86_64/Editor/Data/Managed/UnityEngine/UnityEditor.DeviceSimulatorModule.dll"
-r:"C:/ProgramData/6000.3.24f1-x86_64/Editor/Data/Managed/UnityEngine/UnityEditor.DiagnosticsModule.dll"
-r:"C:/ProgramData/6000.3.24f1-x86_64/Editor/Data/Managed/UnityEngine/UnityEditor.EditorToolbarModule.dll"
-r:"C:/ProgramData/6000.3.24f1-x86_64/Editor/Data/Managed/UnityEngine/UnityEditor.EmbreeModule.dll"
-r:"C:/ProgramData/6000.3.24f1-x86_64/Editor/Data/Managed/UnityEngine/UnityEditor.GIModule.dll"
-r:"C:/ProgramData/6000.3.24f1-x86_64/Editor/Data/Managed/UnityEngine/UnityEditor.GraphViewModule.dll"
-r:"C:/ProgramData/6000.3.24f1-x86_64/Editor/Data/Managed/UnityEngine/UnityEditor.GraphicsStateCollectionSerializerModule.dll"
-r:"C:/ProgramData/6000.3.24f1-x86_64/Editor/Data/Managed/UnityEngine/UnityEditor.GridAndSnapModule.dll"
-r:"C:/ProgramData/6000.3.24f1-x86_64/Editor/Data/Managed/UnityEngine/UnityEditor.GridModule.dll"
-r:"C:/ProgramData/6000.3.24f1-x86_64/Editor/Data/Managed/UnityEngine/UnityEditor.HierarchyModule.dll"
-r:"C:/ProgramData/6000.3.24f1-x86_64/Editor/Data/Managed/UnityEngine/UnityEditor.MediaModule.dll"
-r:"C:/ProgramData/6000.3.24f1-x86_64/Editor/Data/Managed/UnityEngine/UnityEditor.MultiplayerModule.dll"
-r:"C:/ProgramData/6000.3.24f1-x86_64/Editor/Data/Managed/UnityEngine/UnityEditor.Physics2DModule.dll"
-r:"C:/ProgramData/6000.3.24f1-x86_64/Editor/Data/Managed/UnityEngine/UnityEditor.PhysicsModule.dll"
-r:"C:/ProgramData/6000.3.24f1-x86_64/Editor/Data/Managed/UnityEngine/UnityEditor.PlayModeModule.dll"
-r:"C:/ProgramData/6000.3.24f1-x86_64/Editor/Data/Managed/UnityEngine/UnityEditor.PresetsUIModule.dll"
-r:"C:/ProgramData/6000.3.24f1-x86_64/Editor/Data/Managed/UnityEngine/UnityEditor.PropertiesModule.dll"
-r:"C:/ProgramData/6000.3.24f1-x86_64/Editor/Data/Managed/UnityEngine/UnityEditor.QuickInstallModule.dll"
-r:"C:/ProgramData/6000.3.24f1-x86_64/Editor/Data/Managed/UnityEngine/UnityEditor.QuickSearchModule.dll"
-r:"C:/ProgramData/6000.3.24f1-x86_64/Editor/Data/Managed/UnityEngine/UnityEditor.SafeModeModule.dll"
-r:"C:/ProgramData/6000.3.24f1-x86_64/Editor/Data/Managed/UnityEngine/UnityEditor.SceneTemplateModule.dll"
-r:"C:/ProgramData/6000.3.24f1-x86_64/Editor/Data/Managed/UnityEngine/UnityEditor.SceneViewModule.dll"
-r:"C:/ProgramData/6000.3.24f1-x86_64/Editor/Data/Managed/UnityEngine/UnityEditor.ShaderBuildSettingsModule.dll"
-r:"C:/ProgramData/6000.3.24f1-x86_64/Editor/Data/Managed/UnityEngine/UnityEditor.ShaderCompilationModule.dll"
-r:"C:/ProgramData/6000.3.24f1-x86_64/Editor/Data/Managed/UnityEngine/UnityEditor.ShaderFoundryModule.dll"
-r:"C:/ProgramData/6000.3.24f1-x86_64/Editor/Data/Managed/UnityEngine/UnityEditor.SketchUpModule.dll"
-r:"C:/ProgramData/6000.3.24f1-x86_64/Editor/Data/Managed/UnityEngine/UnityEditor.SpriteMaskModule.dll"
-r:"C:/ProgramData/6000.3.24f1-x86_64/Editor/Data/Managed/UnityEngine/UnityEditor.SpriteShapeModule.dll"
-r:"C:/ProgramData/6000.3.24f1-x86_64/Editor/Data/Managed/UnityEngine/UnityEditor.SubstanceModule.dll"
-r:"C:/ProgramData/6000.3.24f1-x86_64/Editor/Data/Managed/UnityEngine/UnityEditor.TerrainModule.dll"
-r:"C:/ProgramData/6000.3.24f1-x86_64/Editor/Data/Managed/UnityEngine/UnityEditor.TextCoreFontEngineModule.dll"
-r:"C:/ProgramData/6000.3.24f1-x86_64/Editor/Data/Managed/UnityEngine/UnityEditor.TextCoreTextEngineModule.dll"
-r:"C:/ProgramData/6000.3.24f1-x86_64/Editor/Data/Managed/UnityEngine/UnityEditor.TextRenderingModule.dll"
-r:"C:/ProgramData/6000.3.24f1-x86_64/Editor/Data/Managed/UnityEngine/UnityEditor.TilemapModule.dll"
-r:"C:/ProgramData/6000.3.24f1-x86_64/Editor/Data/Managed/UnityEngine/UnityEditor.TreeModule.dll"
-r:"C:/ProgramData/6000.3.24f1-x86_64/Editor/Data/Managed/UnityEngine/UnityEditor.UIAutomationModule.dll"
-r:"C:/ProgramData/6000.3.24f1-x86_64/Editor/Data/Managed/UnityEngine/UnityEditor.UIBuilderModule.dll"
-r:"C:/ProgramData/6000.3.24f1-x86_64/Editor/Data/Managed/UnityEngine/UnityEditor.UIElementsModule.dll"
-r:"C:/ProgramData/6000.3.24f1-x86_64/Editor/Data/Managed/UnityEngine/UnityEditor.UIElementsSamplesModule.dll"
-r:"C:/ProgramData/6000.3.24f1-x86_64/Editor/Data/Managed/UnityEngine/UnityEditor.UIToolkitAuthoringModule.dll"
-r:"C:/ProgramData/6000.3.24f1-x86_64/Editor/Data/Managed/UnityEngine/UnityEditor.UmbraModule.dll"
-r:"C:/ProgramData/6000.3.24f1-x86_64/Editor/Data/Managed/UnityEngine/UnityEditor.UnityConnectModule.dll"
-r:"C:/ProgramData/6000.3.24f1-x86_64/Editor/Data/Managed/UnityEngine/UnityEditor.VFXModule.dll"
-r:"C:/ProgramData/6000.3.24f1-x86_64/Editor/Data/Managed/UnityEngine/UnityEditor.VectorGraphicsModule.dll"
-r:"C:/ProgramData/6000.3.24f1-x86_64/Editor/Data/Managed/UnityEngine/UnityEditor.VideoModule.dll"
-r:"C:/ProgramData/6000.3.24f1-x86_64/Editor/Data/Managed/UnityEngine/UnityEditor.XRModule.dll"
-r:"C:/ProgramData/6000.3.24f1-x86_64/Editor/Data/Managed/UnityEngine/UnityEditor.dll"
-r:"C:/ProgramData/6000.3.24f1-x86_64/Editor/Data/Managed/UnityEngine/UnityEngine.AIModule.dll"
-r:"C:/ProgramData/6000.3.24f1-x86_64/Editor/Data/Managed/UnityEngine/UnityEngine.ARModule.dll"
-r:"C:/ProgramData/6000.3.24f1-x86_64/Editor/Data/Managed/UnityEngine/UnityEngine.AnimationModule.dll"
-r:"C:/ProgramData/6000.3.24f1-x86_64/Editor/Data/Managed/UnityEngine/UnityEngine.AudioModule.dll"
-r:"C:/ProgramData/6000.3.24f1-x86_64/Editor/Data/Managed/UnityEngine/UnityEngine.ClusterInputModule.dll"
-r:"C:/ProgramData/6000.3.24f1-x86_64/Editor/Data/Managed/UnityEngine/UnityEngine.ClusterRendererModule.dll"
-r:"C:/ProgramData/6000.3.24f1-x86_64/Editor/Data/Managed/UnityEngine/UnityEngine.ContentLoadModule.dll"
-r:"C:/ProgramData/6000.3.24f1-x86_64/Editor/Data/Managed/UnityEngine/UnityEngine.CoreModule.dll"
-r:"C:/ProgramData/6000.3.24f1-x86_64/Editor/Data/Managed/UnityEngine/UnityEngine.CrashReportingModule.dll"
-r:"C:/ProgramData/6000.3.24f1-x86_64/Editor/Data/Managed/UnityEngine/UnityEngine.DSPGraphModule.dll"
-r:"C:/ProgramData/6000.3.24f1-x86_64/Editor/Data/Managed/UnityEngine/UnityEngine.DirectorModule.dll"
-r:"C:/ProgramData/6000.3.24f1-x86_64/Editor/Data/Managed/UnityEngine/UnityEngine.GIModule.dll"
-r:"C:/ProgramData/6000.3.24f1-x86_64/Editor/Data/Managed/UnityEngine/UnityEngine.GameCenterModule.dll"
-r:"C:/ProgramData/6000.3.24f1-x86_64/Editor/Data/Managed/UnityEngine/UnityEngine.GraphicsStateCollectionSerializerModule.dll"
-r:"C:/ProgramData/6000.3.24f1-x86_64/Editor/Data/Managed/UnityEngine/UnityEngine.GridModule.dll"
-r:"C:/ProgramData/6000.3.24f1-x86_64/Editor/Data/Managed/UnityEngine/UnityEngine.HierarchyCoreModule.dll"
-r:"C:/ProgramData/6000.3.24f1-x86_64/Editor/Data/Managed/UnityEngine/UnityEngine.HotReloadModule.dll"
-r:"C:/ProgramData/6000.3.24f1-x86_64/Editor/Data/Managed/UnityEngine/UnityEngine.IMGUIModule.dll"
-r:"C:/ProgramData/6000.3.24f1-x86_64/Editor/Data/Managed/UnityEngine/UnityEngine.IdentifiersModule.dll"
-r:"C:/ProgramData/6000.3.24f1-x86_64/Editor/Data/Managed/UnityEngine/UnityEngine.InputForUIModule.dll"
-r:"C:/ProgramData/6000.3.24f1-x86_64/Editor/Data/Managed/UnityEngine/UnityEngine.InputLegacyModule.dll"
-r:"C:/ProgramData/6000.3.24f1-x86_64/Editor/Data/Managed/UnityEngine/UnityEngine.InputModule.dll"
-r:"C:/ProgramData/6000.3.24f1-x86_64/Editor/Data/Managed/UnityEngine/UnityEngine.InsightsModule.dll"
-r:"C:/ProgramData/6000.3.24f1-x86_64/Editor/Data/Managed/UnityEngine/UnityEngine.JSONSerializeModule.dll"
-r:"C:/ProgramData/6000.3.24f1-x86_64/Editor/Data/Managed/UnityEngine/UnityEngine.LocalizationModule.dll"
-r:"C:/ProgramData/6000.3.24f1-x86_64/Editor/Data/Managed/UnityEngine/UnityEngine.MarshallingModule.dll"
-r:"C:/ProgramData/6000.3.24f1-x86_64/Editor/Data/Managed/UnityEngine/UnityEngine.MultiplayerModule.dll"
-r:"C:/ProgramData/6000.3.24f1-x86_64/Editor/Data/Managed/UnityEngine/UnityEngine.ParticleSystemModule.dll"
-r:"C:/ProgramData/6000.3.24f1-x86_64/Editor/Data/Managed/UnityEngine/UnityEngine.PerformanceReportingModule.dll"
-r:"C:/ProgramData/6000.3.24f1-x86_64/Editor/Data/Managed/UnityEngine/UnityEngine.PhysicsBackendPhysXModule.dll"
-r:"C:/ProgramData/6000.3.24f1-x86_64/Editor/Data/Managed/UnityEngine/UnityEngine.PhysicsModule.dll"
-r:"C:/ProgramData/6000.3.24f1-x86_64/Editor/Data/Managed/UnityEngine/UnityEngine.PropertiesModule.dll"
-r:"C:/ProgramData/6000.3.24f1-x86_64/Editor/Data/Managed/UnityEngine/UnityEngine.RenderAs2DModule.dll"
-r:"C:/ProgramData/6000.3.24f1-x86_64/Editor/Data/Managed/UnityEngine/UnityEngine.RuntimeInitializeOnLoadManagerInitializerModule.dll"
-r:"C:/ProgramData/6000.3.24f1-x86_64/Editor/Data/Managed/UnityEngine/UnityEngine.ShaderRuntimeModule.dll"
-r:"C:/ProgramData/6000.3.24f1-x86_64/Editor/Data/Managed/UnityEngine/UnityEngine.ShaderVariantAnalyticsModule.dll"
-r:"C:/ProgramData/6000.3.24f1-x86_64/Editor/Data/Managed/UnityEngine/UnityEngine.SharedInternalsModule.dll"
-r:"C:/ProgramData/6000.3.24f1-x86_64/Editor/Data/Managed/UnityEngine/UnityEngine.SpriteMaskModule.dll"
-r:"C:/ProgramData/6000.3.24f1-x86_64/Editor/Data/Managed/UnityEngine/UnityEngine.SpriteShapeModule.dll"
-r:"C:/ProgramData/6000.3.24f1-x86_64/Editor/Data/Managed/UnityEngine/UnityEngine.StreamingModule.dll"
-r:"C:/ProgramData/6000.3.24f1-x86_64/Editor/Data/Managed/UnityEngine/UnityEngine.SubstanceModule.dll"
-r:"C:/ProgramData/6000.3.24f1-x86_64/Editor/Data/Managed/UnityEngine/UnityEngine.TLSModule.dll"
-r:"C:/ProgramData/6000.3.24f1-x86_64/Editor/Data/Managed/UnityEngine/UnityEngine.TerrainModule.dll"
-r:"C:/ProgramData/6000.3.24f1-x86_64/Editor/Data/Managed/UnityEngine/UnityEngine.TextCoreFontEngineModule.dll"
-r:"C:/ProgramData/6000.3.24f1-x86_64/Editor/Data/Managed/UnityEngine/UnityEngine.TextCoreTextEngineModule.dll"
-r:"C:/ProgramData/6000.3.24f1-x86_64/Editor/Data/Managed/UnityEngine/UnityEngine.TextRenderingModule.dll"
-r:"C:/ProgramData/6000.3.24f1-x86_64/Editor/Data/Managed/UnityEngine/UnityEngine.UIElementsModule.dll"
-r:"C:/ProgramData/6000.3.24f1-x86_64/Editor/Data/Managed/UnityEngine/UnityEngine.UIModule.dll"
-r:"C:/ProgramData/6000.3.24f1-x86_64/Editor/Data/Managed/UnityEngine/UnityEngine.UnityAnalyticsCommonModule.dll"
-r:"C:/ProgramData/6000.3.24f1-x86_64/Editor/Data/Managed/UnityEngine/UnityEngine.UnityConnectModule.dll"
-r:"C:/ProgramData/6000.3.24f1-x86_64/Editor/Data/Managed/UnityEngine/UnityEngine.UnityConsentModule.dll"
-r:"C:/ProgramData/6000.3.24f1-x86_64/Editor/Data/Managed/UnityEngine/UnityEngine.UnityCurlModule.dll"
-r:"C:/ProgramData/6000.3.24f1-x86_64/Editor/Data/Managed/UnityEngine/UnityEngine.VFXModule.dll"
-r:"C:/ProgramData/6000.3.24f1-x86_64/Editor/Data/Managed/UnityEngine/UnityEngine.VirtualTexturingModule.dll"
-r:"C:/ProgramData/6000.3.24f1-x86_64/Editor/Data/Managed/UnityEngine/UnityEngine.dll"
-r:"C:/ProgramData/6000.3.24f1-x86_64/Editor/Data/NetStandard/Extensions/2.0.0/System.Runtime.InteropServices.WindowsRuntime.dll"
-r:"C:/ProgramData/6000.3.24f1-x86_64/Editor/Data/NetStandard/compat/2.1.0/shims/netfx/System.ComponentModel.Composition.dll"
-r:"C:/ProgramData/6000.3.24f1-x86_64/Editor/Data/NetStandard/compat/2.1.0/shims/netfx/System.Core.dll"
-r:"C:/ProgramData/6000.3.24f1-x86_64/Editor/Data/NetStandard/compat/2.1.0/shims/netfx/System.Data.dll"
-r:"C:/ProgramData/6000.3.24f1-x86_64/Editor/Data/NetStandard/compat/2.1.0/shims/netfx/System.Drawing.dll"
-r:"C:/ProgramData/6000.3.24f1-x86_64/Editor/Data/NetStandard/compat/2.1.0/shims/netfx/System.IO.Compression.FileSystem.dll"
-r:"C:/ProgramData/6000.3.24f1-x86_64/Editor/Data/NetStandard/compat/2.1.0/shims/netfx/System.Net.dll"
-r:"C:/ProgramData/6000.3.24f1-x86_64/Editor/Data/NetStandard/compat/2.1.0/shims/netfx/System.Numerics.dll"
-r:"C:/ProgramData/6000.3.24f1-x86_64/Editor/Data/NetStandard/compat/2.1.0/shims/netfx/System.Runtime.Serialization.dll"
-r:"C:/ProgramData/6000.3.24f1-x86_64/Editor/Data/NetStandard/compat/2.1.0/shims/netfx/System.ServiceModel.Web.dll"
-r:"C:/ProgramData/6000.3.24f1-x86_64/Editor/Data/NetStandard/compat/2.1.0/shims/netfx/System.Transactions.dll"
-r:"C:/ProgramData/6000.3.24f1-x86_64/Editor/Data/NetStandard/compat/2.1.0/shims/netfx/System.Web.dll"
-r:"C:/ProgramData/6000.3.24f1-x86_64/Editor/Data/NetStandard/compat/2.1.0/shims/netfx/System.Windows.dll"
-r:"C:/ProgramData/6000.3.24f1-x86_64/Editor/Data/NetStandard/compat/2.1.0/shims/netfx/System.Xml.Linq.dll"
-r:"C:/ProgramData/6000.3.24f1-x86_64/Editor/Data/NetStandard/compat/2.1.0/shims/netfx/System.Xml.Serialization.dll"
-r:"C:/ProgramData/6000.3.24f1-x86_64/Editor/Data/NetStandard/compat/2.1.0/shims/netfx/System.Xml.dll"
-r:"C:/ProgramData/6000.3.24f1-x86_64/Editor/Data/NetStandard/compat/2.1.0/shims/netfx/System.dll"
-r:"C:/ProgramData/6000.3.24f1-x86_64/Editor/Data/NetStandard/compat/2.1.0/shims/netfx/mscorlib.dll"
-r:"C:/ProgramData/6000.3.24f1-x86_64/Editor/Data/NetStandard/compat/2.1.0/shims/netstandard/Microsoft.Win32.Primitives.dll"
-r:"C:/ProgramData/6000.3.24f1-x86_64/Editor/Data/NetStandard/compat/2.1.0/shims/netstandard/System.AppContext.dll"
-r:"C:/ProgramData/6000.3.24f1-x86_64/Editor/Data/NetStandard/compat/2.1.0/shims/netstandard/System.Buffers.dll"
-r:"C:/ProgramData/6000.3.24f1-x86_64/Editor/Data/NetStandard/compat/2.1.0/shims/netstandard/System.Collections.Concurrent.dll"
-r:"C:/ProgramData/6000.3.24f1-x86_64/Editor/Data/NetStandard/compat/2.1.0/shims/netstandard/System.Collections.NonGeneric.dll"
-r:"C:/ProgramData/6000.3.24f1-x86_64/Editor/Data/NetStandard/compat/2.1.0/shims/netstandard/System.Collections.Specialized.dll"
-r:"C:/ProgramData/6000.3.24f1-x86_64/Editor/Data/NetStandard/compat/2.1.0/shims/netstandard/System.Collections.dll"
-r:"C:/ProgramData/6000.3.24f1-x86_64/Editor/Data/NetStandard/compat/2.1.0/shims/netstandard/System.ComponentModel.EventBasedAsync.dll"
-r:"C:/ProgramData/6000.3.24f1-x86_64/Editor/Data/NetStandard/compat/2.1.0/shims/netstandard/System.ComponentModel.Primitives.dll"
-r:"C:/ProgramData/6000.3.24f1-x86_64/Editor/Data/NetStandard/compat/2.1.0/shims/netstandard/System.ComponentModel.TypeConverter.dll"
-r:"C:/ProgramData/6000.3.24f1-x86_64/Editor/Data/NetStandard/compat/2.1.0/shims/netstandard/System.ComponentModel.dll"
-r:"C:/ProgramData/6000.3.24f1-x86_64/Editor/Data/NetStandard/compat/2.1.0/shims/netstandard/System.Console.dll"
-r:"C:/ProgramData/6000.3.24f1-x86_64/Editor/Data/NetStandard/compat/2.1.0/shims/netstandard/System.Data.Common.dll"
-r:"C:/ProgramData/6000.3.24f1-x86_64/Editor/Data/NetStandard/compat/2.1.0/shims/netstandard/System.Diagnostics.Contracts.dll"
-r:"C:/ProgramData/6000.3.24f1-x86_64/Editor/Data/NetStandard/compat/2.1.0/shims/netstandard/System.Diagnostics.Debug.dll"
-r:"C:/ProgramData/6000.3.24f1-x86_64/Editor/Data/NetStandard/compat/2.1.0/shims/netstandard/System.Diagnostics.FileVersionInfo.dll"
-r:"C:/ProgramData/6000.3.24f1-x86_64/Editor/Data/NetStandard/compat/2.1.0/shims/netstandard/System.Diagnostics.Process.dll"
-r:"C:/ProgramData/6000.3.24f1-x86_64/Editor/Data/NetStandard/compat/2.1.0/shims/netstandard/System.Diagnostics.StackTrace.dll"
-r:"C:/ProgramData/6000.3.24f1-x86_64/Editor/Data/NetStandard/compat/2.1.0/shims/netstandard/System.Diagnostics.TextWriterTraceListener.dll"
-r:"C:/ProgramData/6000.3.24f1-x86_64/Editor/Data/NetStandard/compat/2.1.0/shims/netstandard/System.Diagnostics.Tools.dll"
-r:"C:/ProgramData/6000.3.24f1-x86_64/Editor/Data/NetStandard/compat/2.1.0/shims/netstandard/System.Diagnostics.TraceSource.dll"
-r:"C:/ProgramData/6000.3.24f1-x86_64/Editor/Data/NetStandard/compat/2.1.0/shims/netstandard/System.Diagnostics.Tracing.dll"
-r:"C:/ProgramData/6000.3.24f1-x86_64/Editor/Data/NetStandard/compat/2.1.0/shims/netstandard/System.Drawing.Primitives.dll"
-r:"C:/ProgramData/6000.3.24f1-x86_64/Editor/Data/NetStandard/compat/2.1.0/shims/netstandard/System.Dynamic.Runtime.dll"
-r:"C:/ProgramData/6000.3.24f1-x86_64/Editor/Data/NetStandard/compat/2.1.0/shims/netstandard/System.Globalization.Calendars.dll"
-r:"C:/ProgramData/6000.3.24f1-x86_64/Editor/Data/NetStandard/compat/2.1.0/shims/netstandard/System.Globalization.Extensions.dll"
-r:"C:/ProgramData/6000.3.24f1-x86_64/Editor/Data/NetStandard/compat/2.1.0/shims/netstandard/System.Globalization.dll"
-r:"C:/ProgramData/6000.3.24f1-x86_64/Editor/Data/NetStandard/compat/2.1.0/shims/netstandard/System.IO.Compression.ZipFile.dll"
-r:"C:/ProgramData/6000.3.24f1-x86_64/Editor/Data/NetStandard/compat/2.1.0/shims/netstandard/System.IO.Compression.dll"
-r:"C:/ProgramData/6000.3.24f1-x86_64/Editor/Data/NetStandard/compat/2.1.0/shims/netstandard/System.IO.FileSystem.DriveInfo.dll"
-r:"C:/ProgramData/6000.3.24f1-x86_64/Editor/Data/NetStandard/compat/2.1.0/shims/netstandard/System.IO.FileSystem.Primitives.dll"
-r:"C:/ProgramData/6000.3.24f1-x86_64/Editor/Data/NetStandard/compat/2.1.0/shims/netstandard/System.IO.FileSystem.Watcher.dll"
-r:"C:/ProgramData/6000.3.24f1-x86_64/Editor/Data/NetStandard/compat/2.1.0/shims/netstandard/System.IO.FileSystem.dll"
-r:"C:/ProgramData/6000.3.24f1-x86_64/Editor/Data/NetStandard/compat/2.1.0/shims/netstandard/System.IO.IsolatedStorage.dll"
-r:"C:/ProgramData/6000.3.24f1-x86_64/Editor/Data/NetStandard/compat/2.1.0/shims/netstandard/System.IO.MemoryMappedFiles.dll"
-r:"C:/ProgramData/6000.3.24f1-x86_64/Editor/Data/NetStandard/compat/2.1.0/shims/netstandard/System.IO.Pipes.dll"
-r:"C:/ProgramData/6000.3.24f1-x86_64/Editor/Data/NetStandard/compat/2.1.0/shims/netstandard/System.IO.UnmanagedMemoryStream.dll"
-r:"C:/ProgramData/6000.3.24f1-x86_64/Editor/Data/NetStandard/compat/2.1.0/shims/netstandard/System.IO.dll"
-r:"C:/ProgramData/6000.3.24f1-x86_64/Editor/Data/NetStandard/compat/2.1.0/shims/netstandard/System.Linq.Expressions.dll"
-r:"C:/ProgramData/6000.3.24f1-x86_64/Editor/Data/NetStandard/compat/2.1.0/shims/netstandard/System.Linq.Parallel.dll"
-r:"C:/ProgramData/6000.3.24f1-x86_64/Editor/Data/NetStandard/compat/2.1.0/shims/netstandard/System.Linq.Queryable.dll"
-r:"C:/ProgramData/6000.3.24f1-x86_64/Editor/Data/NetStandard/compat/2.1.0/shims/netstandard/System.Linq.dll"
-r:"C:/ProgramData/6000.3.24f1-x86_64/Editor/Data/NetStandard/compat/2.1.0/shims/netstandard/System.Memory.dll"
-r:"C:/ProgramData/6000.3.24f1-x86_64/Editor/Data/NetStandard/compat/2.1.0/shims/netstandard/System.Net.Http.dll"
-r:"C:/ProgramData/6000.3.24f1-x86_64/Editor/Data/NetStandard/compat/2.1.0/shims/netstandard/System.Net.NameResolution.dll"
-r:"C:/ProgramData/6000.3.24f1-x86_64/Editor/Data/NetStandard/compat/2.1.0/shims/netstandard/System.Net.NetworkInformation.dll"
-r:"C:/ProgramData/6000.3.24f1-x86_64/Editor/Data/NetStandard/compat/2.1.0/shims/netstandard/System.Net.Ping.dll"
-r:"C:/ProgramData/6000.3.24f1-x86_64/Editor/Data/NetStandard/compat/2.1.0/shims/netstandard/System.Net.Primitives.dll"
-r:"C:/ProgramData/6000.3.24f1-x86_64/Editor/Data/NetStandard/compat/2.1.0/shims/netstandard/System.Net.Requests.dll"
-r:"C:/ProgramData/6000.3.24f1-x86_64/Editor/Data/NetStandard/compat/2.1.0/shims/netstandard/System.Net.Security.dll"
-r:"C:/ProgramData/6000.3.24f1-x86_64/Editor/Data/NetStandard/compat/2.1.0/shims/netstandard/System.Net.Sockets.dll"
-r:"C:/ProgramData/6000.3.24f1-x86_64/Editor/Data/NetStandard/compat/2.1.0/shims/netstandard/System.Net.WebHeaderCollection.dll"
-r:"C:/ProgramData/6000.3.24f1-x86_64/Editor/Data/NetStandard/compat/2.1.0/shims/netstandard/System.Net.WebSockets.Client.dll"
-r:"C:/ProgramData/6000.3.24f1-x86_64/Editor/Data/NetStandard/compat/2.1.0/shims/netstandard/System.Net.WebSockets.dll"
-r:"C:/ProgramData/6000.3.24f1-x86_64/Editor/Data/NetStandard/compat/2.1.0/shims/netstandard/System.Numerics.Vectors.dll"
-r:"C:/ProgramData/6000.3.24f1-x86_64/Editor/Data/NetStandard/compat/2.1.0/shims/netstandard/System.ObjectModel.dll"
-r:"C:/ProgramData/6000.3.24f1-x86_64/Editor/Data/NetStandard/compat/2.1.0/shims/netstandard/System.Reflection.DispatchProxy.dll"
-r:"C:/ProgramData/6000.3.24f1-x86_64/Editor/Data/NetStandard/compat/2.1.0/shims/netstandard/System.Reflection.Emit.ILGeneration.dll"
-r:"C:/ProgramData/6000.3.24f1-x86_64/Editor/Data/NetStandard/compat/2.1.0/shims/netstandard/System.Reflection.Emit.Lightweight.dll"
-r:"C:/ProgramData/6000.3.24f1-x86_64/Editor/Data/NetStandard/compat/2.1.0/shims/netstandard/System.Reflection.Emit.dll"
-r:"C:/ProgramData/6000.3.24f1-x86_64/Editor/Data/NetStandard/compat/2.1.0/shims/netstandard/System.Reflection.Extensions.dll"
-r:"C:/ProgramData/6000.3.24f1-x86_64/Editor/Data/NetStandard/compat/2.1.0/shims/netstandard/System.Reflection.Primitives.dll"
-r:"C:/ProgramData/6000.3.24f1-x86_64/Editor/Data/NetStandard/compat/2.1.0/shims/netstandard/System.Reflection.dll"
-r:"C:/ProgramData/6000.3.24f1-x86_64/Editor/Data/NetStandard/compat/2.1.0/shims/netstandard/System.Resources.Reader.dll"
-r:"C:/ProgramData/6000.3.24f1-x86_64/Editor/Data/NetStandard/compat/2.1.0/shims/netstandard/System.Resources.ResourceManager.dll"
-r:"C:/ProgramData/6000.3.24f1-x86_64/Editor/Data/NetStandard/compat/2.1.0/shims/netstandard/System.Resources.Writer.dll"
-r:"C:/ProgramData/6000.3.24f1-x86_64/Editor/Data/NetStandard/compat/2.1.0/shims/netstandard/System.Runtime.CompilerServices.VisualC.dll"
-r:"C:/ProgramData/6000.3.24f1-x86_64/Editor/Data/NetStandard/compat/2.1.0/shims/netstandard/System.Runtime.Extensions.dll"
-r:"C:/ProgramData/6000.3.24f1-x86_64/Editor/Data/NetStandard/compat/2.1.0/shims/netstandard/System.Runtime.Handles.dll"
-r:"C:/ProgramData/6000.3.24f1-x86_64/Editor/Data/NetStandard/compat/2.1.0/shims/netstandard/System.Runtime.InteropServices.RuntimeInformation.dll"
-r:"C:/ProgramData/6000.3.24f1-x86_64/Editor/Data/NetStandard/compat/2.1.0/shims/netstandard/System.Runtime.InteropServices.dll"
-r:"C:/ProgramData/6000.3.24f1-x86_64/Editor/Data/NetStandard/compat/2.1.0/shims/netstandard/System.Runtime.Numerics.dll"
-r:"C:/ProgramData/6000.3.24f1-x86_64/Editor/Data/NetStandard/compat/2.1.0/shims/netstandard/System.Runtime.Serialization.Formatters.dll"
-r:"C:/ProgramData/6000.3.24f1-x86_64/Editor/Data/NetStandard/compat/2.1.0/shims/netstandard/System.Runtime.Serialization.Json.dll"
-r:"C:/ProgramData/6000.3.24f1-x86_64/Editor/Data/NetStandard/compat/2.1.0/shims/netstandard/System.Runtime.Serialization.Primitives.dll"
-r:"C:/ProgramData/6000.3.24f1-x86_64/Editor/Data/NetStandard/compat/2.1.0/shims/netstandard/System.Runtime.Serialization.Xml.dll"
-r:"C:/ProgramData/6000.3.24f1-x86_64/Editor/Data/NetStandard/compat/2.1.0/shims/netstandard/System.Runtime.dll"
-r:"C:/ProgramData/6000.3.24f1-x86_64/Editor/Data/NetStandard/compat/2.1.0/shims/netstandard/System.Security.Claims.dll"
-r:"C:/ProgramData/6000.3.24f1-x86_64/Editor/Data/NetStandard/compat/2.1.0/shims/netstandard/System.Security.Cryptography.Algorithms.dll"
-r:"C:/ProgramData/6000.3.24f1-x86_64/Editor/Data/NetStandard/compat/2.1.0/shims/netstandard/System.Security.Cryptography.Csp.dll"
-r:"C:/ProgramData/6000.3.24f1-x86_64/Editor/Data/NetStandard/compat/2.1.0/shims/netstandard/System.Security.Cryptography.Encoding.dll"
-r:"C:/ProgramData/6000.3.24f1-x86_64/Editor/Data/NetStandard/compat/2.1.0/shims/netstandard/System.Security.Cryptography.Primitives.dll"
-r:"C:/ProgramData/6000.3.24f1-x86_64/Editor/Data/NetStandard/compat/2.1.0/shims/netstandard/System.Security.Cryptography.X509Certificates.dll"
-r:"C:/ProgramData/6000.3.24f1-x86_64/Editor/Data/NetStandard/compat/2.1.0/shims/netstandard/System.Security.Principal.dll"
-r:"C:/ProgramData/6000.3.24f1-x86_64/Editor/Data/NetStandard/compat/2.1.0/shims/netstandard/System.Security.SecureString.dll"
-r:"C:/ProgramData/6000.3.24f1-x86_64/Editor/Data/NetStandard/compat/2.1.0/shims/netstandard/System.Text.Encoding.Extensions.dll"
-r:"C:/ProgramData/6000.3.24f1-x86_64/Editor/Data/NetStandard/compat/2.1.0/shims/netstandard/System.Text.Encoding.dll"
-r:"C:/ProgramData/6000.3.24f1-x86_64/Editor/Data/NetStandard/compat/2.1.0/shims/netstandard/System.Text.RegularExpressions.dll"
-r:"C:/ProgramData/6000.3.24f1-x86_64/Editor/Data/NetStandard/compat/2.1.0/shims/netstandard/System.Threading.Overlapped.dll"
-r:"C:/ProgramData/6000.3.24f1-x86_64/Editor/Data/NetStandard/compat/2.1.0/shims/netstandard/System.Threading.Tasks.Extensions.dll"
-r:"C:/ProgramData/6000.3.24f1-x86_64/Editor/Data/NetStandard/compat/2.1.0/shims/netstandard/System.Threading.Tasks.Parallel.dll"
-r:"C:/ProgramData/6000.3.24f1-x86_64/Editor/Data/NetStandard/compat/2.1.0/shims/netstandard/System.Threading.Tasks.dll"
-r:"C:/ProgramData/6000.3.24f1-x86_64/Editor/Data/NetStandard/compat/2.1.0/shims/netstandard/System.Threading.Thread.dll"
-r:"C:/ProgramData/6000.3.24f1-x86_64/Editor/Data/NetStandard/compat/2.1.0/shims/netstandard/System.Threading.ThreadPool.dll"
-r:"C:/ProgramData/6000.3.24f1-x86_64/Editor/Data/NetStandard/compat/2.1.0/shims/netstandard/System.Threading.Timer.dll"
-r:"C:/ProgramData/6000.3.24f1-x86_64/Editor/Data/NetStandard/compat/2.1.0/shims/netstandard/System.Threading.dll"
-r:"C:/ProgramData/6000.3.24f1-x86_64/Editor/Data/NetStandard/compat/2.1.0/shims/netstandard/System.ValueTuple.dll"
-r:"C:/ProgramData/6000.3.24f1-x86_64/Editor/Data/NetStandard/compat/2.1.0/shims/netstandard/System.Xml.ReaderWriter.dll"
-r:"C:/ProgramData/6000.3.24f1-x86_64/Editor/Data/NetStandard/compat/2.1.0/shims/netstandard/System.Xml.XDocument.dll"
-r:"C:/ProgramData/6000.3.24f1-x86_64/Editor/Data/NetStandard/compat/2.1.0/shims/netstandard/System.Xml.XPath.XDocument.dll"
-r:"C:/ProgramData/6000.3.24f1-x86_64/Editor/Data/NetStandard/compat/2.1.0/shims/netstandard/System.Xml.XPath.dll"
-r:"C:/ProgramData/6000.3.24f1-x86_64/Editor/Data/NetStandard/compat/2.1.0/shims/netstandard/System.Xml.XmlDocument.dll"
-r:"C:/ProgramData/6000.3.24f1-x86_64/Editor/Data/NetStandard/compat/2.1.0/shims/netstandard/System.Xml.XmlSerializer.dll"
-r:"C:/ProgramData/6000.3.24f1-x86_64/Editor/Data/NetStandard/ref/2.1.0/netstandard.dll"
-r:"C:/ProgramData/6000.3.24f1-x86_64/Editor/Data/PlaybackEngines/WindowsStandaloneSupport/UnityEditor.WindowsStandalone.Extensions.dll"
-r:"E:/Palimpseste/Palimpseste_Unity_Dossier_Luna_Codex/Palimpseste_Unity_Dossier/shared/Palimpseste.Contracts/obj/Debug/netstandard2.1/Palimpseste.Contracts.dll"
-r:"Library/PackageCache/com.unity.collab-proxy@b26119cdd155/Lib/Editor/PlasticSCM/Unity.Plastic.Antlr3.Runtime.dll"
-r:"Library/PackageCache/com.unity.collab-proxy@b26119cdd155/Lib/Editor/PlasticSCM/Unity.Plastic.Newtonsoft.Json.dll"
-r:"Library/PackageCache/com.unity.collab-proxy@b26119cdd155/Lib/Editor/PlasticSCM/log4netPlastic.dll"
-r:"Library/PackageCache/com.unity.collab-proxy@b26119cdd155/Lib/Editor/PlasticSCM/unityplastic.dll"
-r:"Library/PackageCache/com.unity.collections@84e8eb3fc12e/Unity.Collections.LowLevel.ILSupport/Unity.Collections.LowLevel.ILSupport.dll"
-r:"Library/PackageCache/com.unity.ext.nunit@d8c07649098d/net40/unity-custom/nunit.framework.dll"
-r:"Library/PackageCache/com.unity.nuget.mono-cecil@ecb9724e46ff/Mono.Cecil.dll"
-r:"Library/PackageCache/com.unity.nuget.newtonsoft-json@74deb55db2a0/Runtime/Newtonsoft.Json.dll"
-r:"Library/PackageCache/com.unity.visualscripting@80ee0eef820c/Editor/VisualScripting.Core/Dependencies/DotNetZip/Unity.VisualScripting.IonicZip.dll"
-r:"Library/PackageCache/com.unity.visualscripting@80ee0eef820c/Editor/VisualScripting.Core/Dependencies/YamlDotNet/Unity.VisualScripting.YamlDotNet.dll"
-r:"Library/PackageCache/com.unity.visualscripting@80ee0eef820c/Editor/VisualScripting.Core/EditorAssetResources/Unity.VisualScripting.TextureAssets.dll"
-r:"Library/PackageCache/com.unity.visualscripting@80ee0eef820c/Runtime/VisualScripting.Flow/Dependencies/NCalc/Unity.VisualScripting.Antlr3.Runtime.dll"
-r:"Library/Bee/artifacts/1900b0aE.dag/UnityEditor.UI.ref.dll"
-r:"Library/Bee/artifacts/1900b0aE.dag/UnityEngine.UI.ref.dll"
-analyzer:"C:/ProgramData/6000.3.24f1-x86_64/Editor/Data/Tools/BuildPipeline/Unity.SourceGenerators/Unity.Properties.SourceGenerator.dll"
-analyzer:"C:/ProgramData/6000.3.24f1-x86_64/Editor/Data/Tools/BuildPipeline/Unity.SourceGenerators/Unity.SourceGenerators.dll"
-analyzer:"C:/ProgramData/6000.3.24f1-x86_64/Editor/Data/Tools/BuildPipeline/Unity.SourceGenerators/Unity.UIToolkit.SourceGenerator.dll"
"Library/PackageCache/com.unity.inputsystem@920b46832575/InputSystem/Actions/Composites/AxisComposite.cs"
"Library/PackageCache/com.unity.inputsystem@920b46832575/InputSystem/Actions/Composites/ButtonWithOneModifier.cs"
"Library/PackageCache/com.unity.inputsystem@920b46832575/InputSystem/Actions/Composites/ButtonWithTwoModifiers.cs"
"Library/PackageCache/com.unity.inputsystem@920b46832575/InputSystem/Actions/Composites/OneModifierComposite.cs"
"Library/PackageCache/com.unity.inputsystem@920b46832575/InputSystem/Actions/Composites/TwoModifiersComposite.cs"
"Library/PackageCache/com.unity.inputsystem@920b46832575/InputSystem/Actions/Composites/Vector2Composite.cs"
"Library/PackageCache/com.unity.inputsystem@920b46832575/InputSystem/Actions/Composites/Vector3Composite.cs"
"Library/PackageCache/com.unity.inputsystem@920b46832575/InputSystem/Actions/IInputActionCollection.cs"
"Library/PackageCache/com.unity.inputsystem@920b46832575/InputSystem/Actions/IInputInteraction.cs"
"Library/PackageCache/com.unity.inputsystem@920b46832575/InputSystem/Actions/InputAction.cs"
"Library/PackageCache/com.unity.inputsystem@920b46832575/InputSystem/Actions/InputActionAsset.cs"
"Library/PackageCache/com.unity.inputsystem@920b46832575/InputSystem/Actions/InputActionChange.cs"
"Library/PackageCache/com.unity.inputsystem@920b46832575/InputSystem/Actions/InputActionMap.cs"
"Library/PackageCache/com.unity.inputsystem@920b46832575/InputSystem/Actions/InputActionParameters.cs"
"Library/PackageCache/com.unity.inputsystem@920b46832575/InputSystem/Actions/InputActionPhase.cs"
"Library/PackageCache/com.unity.inputsystem@920b46832575/InputSystem/Actions/InputActionProperty.cs"
"Library/PackageCache/com.unity.inputsystem@920b46832575/InputSystem/Actions/InputActionRebindingExtensions.cs"
"Library/PackageCache/com.unity.inputsystem@920b46832575/InputSystem/Actions/InputActionReference.cs"
"Library/PackageCache/com.unity.inputsystem@920b46832575/InputSystem/Actions/InputActionSetupExtensions.cs"
"Library/PackageCache/com.unity.inputsystem@920b46832575/InputSystem/Actions/InputActionState.cs"
"Library/PackageCache/com.unity.inputsystem@920b46832575/InputSystem/Actions/InputActionTrace.cs"
"Library/PackageCache/com.unity.inputsystem@920b46832575/InputSystem/Actions/InputActionType.cs"
"Library/PackageCache/com.unity.inputsystem@920b46832575/InputSystem/Actions/InputBinding.cs"
"Library/PackageCache/com.unity.inputsystem@920b46832575/InputSystem/Actions/InputBindingComposite.cs"
"Library/PackageCache/com.unity.inputsystem@920b46832575/InputSystem/Actions/InputBindingCompositeContext.cs"
"Library/PackageCache/com.unity.inputsystem@920b46832575/InputSystem/Actions/InputBindingResolver.cs"
"Library/PackageCache/com.unity.inputsystem@920b46832575/InputSystem/Actions/InputControlScheme.cs"
"Library/PackageCache/com.unity.inputsystem@920b46832575/InputSystem/Actions/InputInteractionContext.cs"
"Library/PackageCache/com.unity.inputsystem@920b46832575/InputSystem/Actions/Interactions/HoldInteraction.cs"
"Library/PackageCache/com.unity.inputsystem@920b46832575/InputSystem/Actions/Interactions/MultiTapInteraction.cs"
"Library/PackageCache/com.unity.inputsystem@920b46832575/InputSystem/Actions/Interactions/PressInteraction.cs"
"Library/PackageCache/com.unity.inputsystem@920b46832575/InputSystem/Actions/Interactions/SlowTapInteraction.cs"
"Library/PackageCache/com.unity.inputsystem@920b46832575/InputSystem/Actions/Interactions/TapInteraction.cs"
"Library/PackageCache/com.unity.inputsystem@920b46832575/InputSystem/AssemblyInfo.cs"
"Library/PackageCache/com.unity.inputsystem@920b46832575/InputSystem/Controls/AnyKeyControl.cs"
"Library/PackageCache/com.unity.inputsystem@920b46832575/InputSystem/Controls/AxisControl.cs"
"Library/PackageCache/com.unity.inputsystem@920b46832575/InputSystem/Controls/ButtonControl.cs"
"Library/PackageCache/com.unity.inputsystem@920b46832575/InputSystem/Controls/CommonUsages.cs"
"Library/PackageCache/com.unity.inputsystem@920b46832575/InputSystem/Controls/DeltaControl.cs"
"Library/PackageCache/com.unity.inputsystem@920b46832575/InputSystem/Controls/DiscreteButtonControl.cs"
"Library/PackageCache/com.unity.inputsystem@920b46832575/InputSystem/Controls/DoubleControl.cs"
"Library/PackageCache/com.unity.inputsystem@920b46832575/InputSystem/Controls/DpadControl.cs"
"Library/PackageCache/com.unity.inputsystem@920b46832575/InputSystem/Controls/InputControl.cs"
"Library/PackageCache/com.unity.inputsystem@920b46832575/InputSystem/Controls/InputControlAttribute.cs"
"Library/PackageCache/com.unity.inputsystem@920b46832575/InputSystem/Controls/InputControlExtensions.cs"
"Library/PackageCache/com.unity.inputsystem@920b46832575/InputSystem/Controls/InputControlLayout.cs"
"Library/PackageCache/com.unity.inputsystem@920b46832575/InputSystem/Controls/InputControlLayoutAttribute.cs"
"Library/PackageCache/com.unity.inputsystem@920b46832575/InputSystem/Controls/InputControlLayoutChange.cs"
"Library/PackageCache/com.unity.inputsystem@920b46832575/InputSystem/Controls/InputControlList.cs"
"Library/PackageCache/com.unity.inputsystem@920b46832575/InputSystem/Controls/InputControlPath.cs"
"Library/PackageCache/com.unity.inputsystem@920b46832575/InputSystem/Controls/InputProcessor.cs"
"Library/PackageCache/com.unity.inputsystem@920b46832575/InputSystem/Controls/IntegerControl.cs"
"Library/PackageCache/com.unity.inputsystem@920b46832575/InputSystem/Controls/KeyControl.cs"
"Library/PackageCache/com.unity.inputsystem@920b46832575/InputSystem/Controls/Processors/AxisDeadzoneProcessor.cs"
"Library/PackageCache/com.unity.inputsystem@920b46832575/InputSystem/Controls/Processors/ClampProcessor.cs"
"Library/PackageCache/com.unity.inputsystem@920b46832575/InputSystem/Controls/Processors/CompensateDirectionProcessor.cs"
"Library/PackageCache/com.unity.inputsystem@920b46832575/InputSystem/Controls/Processors/CompensateRotationProcessor.cs"
"Library/PackageCache/com.unity.inputsystem@920b46832575/InputSystem/Controls/Processors/EditorWindowSpaceProcessor.cs"
"Library/PackageCache/com.unity.inputsystem@920b46832575/InputSystem/Controls/Processors/InvertProcessor.cs"
"Library/PackageCache/com.unity.inputsystem@920b46832575/InputSystem/Controls/Processors/InvertVector2Processor.cs"
"Library/PackageCache/com.unity.inputsystem@920b46832575/InputSystem/Controls/Processors/InvertVector3Processor.cs"
"Library/PackageCache/com.unity.inputsystem@920b46832575/InputSystem/Controls/Processors/NormalizeProcessor.cs"
"Library/PackageCache/com.unity.inputsystem@920b46832575/InputSystem/Controls/Processors/NormalizeVector2Processor.cs"
"Library/PackageCache/com.unity.inputsystem@920b46832575/InputSystem/Controls/Processors/NormalizeVector3Processor.cs"
"Library/PackageCache/com.unity.inputsystem@920b46832575/InputSystem/Controls/Processors/ScaleProcessor.cs"
"Library/PackageCache/com.unity.inputsystem@920b46832575/InputSystem/Controls/Processors/ScaleVector2Processor.cs"
"Library/PackageCache/com.unity.inputsystem@920b46832575/InputSystem/Controls/Processors/ScaleVector3Processor.cs"
"Library/PackageCache/com.unity.inputsystem@920b46832575/InputSystem/Controls/Processors/StickDeadzoneProcessor.cs"
"Library/PackageCache/com.unity.inputsystem@920b46832575/InputSystem/Controls/QuaternionControl.cs"
"Library/PackageCache/com.unity.inputsystem@920b46832575/InputSystem/Controls/StickControl.cs"
"Library/PackageCache/com.unity.inputsystem@920b46832575/InputSystem/Controls/TouchControl.cs"
"Library/PackageCache/com.unity.inputsystem@920b46832575/InputSystem/Controls/TouchPhaseControl.cs"
"Library/PackageCache/com.unity.inputsystem@920b46832575/InputSystem/Controls/TouchPressControl.cs"
"Library/PackageCache/com.unity.inputsystem@920b46832575/InputSystem/Controls/Vector2Control.cs"
"Library/PackageCache/com.unity.inputsystem@920b46832575/InputSystem/Controls/Vector3Control.cs"
"Library/PackageCache/com.unity.inputsystem@920b46832575/InputSystem/Devices/Commands/DisableDeviceCommand.cs"
"Library/PackageCache/com.unity.inputsystem@920b46832575/InputSystem/Devices/Commands/EnableDeviceCommand.cs"
"Library/PackageCache/com.unity.inputsystem@920b46832575/InputSystem/Devices/Commands/EnableIMECompositionCommand.cs"
"Library/PackageCache/com.unity.inputsystem@920b46832575/InputSystem/Devices/Commands/IInputDeviceCommandInfo.cs"
"Library/PackageCache/com.unity.inputsystem@920b46832575/InputSystem/Devices/Commands/InitiateUserAccountPairingCommand.cs"
"Library/PackageCache/com.unity.inputsystem@920b46832575/InputSystem/Devices/Commands/InputDeviceCommand.cs"
"Library/PackageCache/com.unity.inputsystem@920b46832575/InputSystem/Devices/Commands/QueryCanRunInBackground.cs"
"Library/PackageCache/com.unity.inputsystem@920b46832575/InputSystem/Devices/Commands/QueryDimensionsCommand.cs"
"Library/PackageCache/com.unity.inputsystem@920b46832575/InputSystem/Devices/Commands/QueryEditorWindowCoordinatesCommand.cs"
"Library/PackageCache/com.unity.inputsystem@920b46832575/InputSystem/Devices/Commands/QueryEnabledStateCommand.cs"
"Library/PackageCache/com.unity.inputsystem@920b46832575/InputSystem/Devices/Commands/QueryKeyNameCommand.cs"
"Library/PackageCache/com.unity.inputsystem@920b46832575/InputSystem/Devices/Commands/QueryKeyboardLayoutCommand.cs"
"Library/PackageCache/com.unity.inputsystem@920b46832575/InputSystem/Devices/Commands/QueryPairedUserAccountCommand.cs"
"Library/PackageCache/com.unity.inputsystem@920b46832575/InputSystem/Devices/Commands/QuerySamplingFrequencyCommand.cs"
"Library/PackageCache/com.unity.inputsystem@920b46832575/InputSystem/Devices/Commands/QueryUserIdCommand.cs"
"Library/PackageCache/com.unity.inputsystem@920b46832575/InputSystem/Devices/Commands/RequestResetCommand.cs"
"Library/PackageCache/com.unity.inputsystem@920b46832575/InputSystem/Devices/Commands/RequestSyncCommand.cs"
"Library/PackageCache/com.unity.inputsystem@920b46832575/InputSystem/Devices/Commands/SetIMECursorPositionCommand.cs"
"Library/PackageCache/com.unity.inputsystem@920b46832575/InputSystem/Devices/Commands/SetSamplingFrequencyCommand.cs"
"Library/PackageCache/com.unity.inputsystem@920b46832575/InputSystem/Devices/Commands/WarpMousePositionCommand.cs"
"Library/PackageCache/com.unity.inputsystem@920b46832575/InputSystem/Devices/Gamepad.cs"
"Library/PackageCache/com.unity.inputsystem@920b46832575/InputSystem/Devices/Haptics/DualMotorRumble.cs"
"Library/PackageCache/com.unity.inputsystem@920b46832575/InputSystem/Devices/Haptics/DualMotorRumbleCommand.cs"
"Library/PackageCache/com.unity.inputsystem@920b46832575/InputSystem/Devices/Haptics/IDualMotorRumble.cs"
"Library/PackageCache/com.unity.inputsystem@920b46832575/InputSystem/Devices/Haptics/IHaptics.cs"
"Library/PackageCache/com.unity.inputsystem@920b46832575/InputSystem/Devices/ICustomDeviceReset.cs"
"Library/PackageCache/com.unity.inputsystem@920b46832575/InputSystem/Devices/IEventMerger.cs"
"Library/PackageCache/com.unity.inputsystem@920b46832575/InputSystem/Devices/IEventPreProcessor.cs"
"Library/PackageCache/com.unity.inputsystem@920b46832575/InputSystem/Devices/IInputUpdateCallbackReceiver.cs"
"Library/PackageCache/com.unity.inputsystem@920b46832575/InputSystem/Devices/ITextInputReceiver.cs"
"Library/PackageCache/com.unity.inputsystem@920b46832575/InputSystem/Devices/InputDevice.cs"
"Library/PackageCache/com.unity.inputsystem@920b46832575/InputSystem/Devices/InputDeviceBuilder.cs"
"Library/PackageCache/com.unity.inputsystem@920b46832575/InputSystem/Devices/InputDeviceChange.cs"
"Library/PackageCache/com.unity.inputsystem@920b46832575/InputSystem/Devices/InputDeviceDescription.cs"
"Library/PackageCache/com.unity.inputsystem@920b46832575/InputSystem/Devices/InputDeviceMatcher.cs"
"Library/PackageCache/com.unity.inputsystem@920b46832575/InputSystem/Devices/Joystick.cs"
"Library/PackageCache/com.unity.inputsystem@920b46832575/InputSystem/Devices/Keyboard.cs"
"Library/PackageCache/com.unity.inputsystem@920b46832575/InputSystem/Devices/Mouse.cs"
"Library/PackageCache/com.unity.inputsystem@920b46832575/InputSystem/Devices/Pen.cs"
"Library/PackageCache/com.unity.inputsystem@920b46832575/InputSystem/Devices/Pointer.cs"
"Library/PackageCache/com.unity.inputsystem@920b46832575/InputSystem/Devices/Precompiled/FastKeyboard.cs"
"Library/PackageCache/com.unity.inputsystem@920b46832575/InputSystem/Devices/Precompiled/FastMouse.cs"
"Library/PackageCache/com.unity.inputsystem@920b46832575/InputSystem/Devices/Precompiled/FastMouse.partial.cs"
"Library/PackageCache/com.unity.inputsystem@920b46832575/InputSystem/Devices/Precompiled/FastTouchscreen.cs"
"Library/PackageCache/com.unity.inputsystem@920b46832575/InputSystem/Devices/Remote/InputRemoting.cs"
"Library/PackageCache/com.unity.inputsystem@920b46832575/InputSystem/Devices/Remote/RemoteInputPlayerConnection.cs"
"Library/PackageCache/com.unity.inputsystem@920b46832575/InputSystem/Devices/Sensor.cs"
"Library/PackageCache/com.unity.inputsystem@920b46832575/InputSystem/Devices/Touchscreen.cs"
"Library/PackageCache/com.unity.inputsystem@920b46832575/InputSystem/Devices/TrackedDevice.cs"
"Library/PackageCache/com.unity.inputsystem@920b46832575/InputSystem/Editor/Analytics/InputActionsEditorSessionAnalytic.cs"
"Library/PackageCache/com.unity.inputsystem@920b46832575/InputSystem/Editor/Analytics/InputBuildAnalytic.cs"
"Library/PackageCache/com.unity.inputsystem@920b46832575/InputSystem/Editor/Analytics/InputComponentEditorAnalytic.cs"
"Library/PackageCache/com.unity.inputsystem@920b46832575/InputSystem/Editor/Analytics/InputEditorAnalytics.cs"
"Library/PackageCache/com.unity.inputsystem@920b46832575/InputSystem/Editor/Analytics/InputExitPlayModeAnalytic.cs"
"Library/PackageCache/com.unity.inputsystem@920b46832575/InputSystem/Editor/Analytics/OnScreenStickEditorAnalytic.cs"
"Library/PackageCache/com.unity.inputsystem@920b46832575/InputSystem/Editor/Analytics/PlayerInputEditorAnalytic.cs"
"Library/PackageCache/com.unity.inputsystem@920b46832575/InputSystem/Editor/Analytics/PlayerInputManagerEditorAnalytic.cs"
"Library/PackageCache/com.unity.inputsystem@920b46832575/InputSystem/Editor/Analytics/VirtualMouseInputEditorAnalytic.cs"
"Library/PackageCache/com.unity.inputsystem@920b46832575/InputSystem/Editor/AssetEditor/InputActionAssetManager.cs"
"Library/PackageCache/com.unity.inputsystem@920b46832575/InputSystem/Editor/AssetEditor/InputActionEditorToolbar.cs"
"Library/PackageCache/com.unity.inputsystem@920b46832575/InputSystem/Editor/AssetEditor/InputActionEditorWindow.cs"
"Library/PackageCache/com.unity.inputsystem@920b46832575/InputSystem/Editor/AssetEditor/InputActionPropertiesView.cs"
"Library/PackageCache/com.unity.inputsystem@920b46832575/InputSystem/Editor/AssetEditor/InputActionTreeView.cs"
"Library/PackageCache/com.unity.inputsystem@920b46832575/InputSystem/Editor/AssetEditor/InputActionTreeViewItems.cs"
"Library/PackageCache/com.unity.inputsystem@920b46832575/InputSystem/Editor/AssetEditor/InputBindingPropertiesView.cs"
"Library/PackageCache/com.unity.inputsystem@920b46832575/InputSystem/Editor/AssetEditor/NameAndParameterListView.cs"
"Library/PackageCache/com.unity.inputsystem@920b46832575/InputSystem/Editor/AssetEditor/ParameterListView.cs"
"Library/PackageCache/com.unity.inputsystem@920b46832575/InputSystem/Editor/AssetEditor/PropertiesViewBase.cs"
"Library/PackageCache/com.unity.inputsystem@920b46832575/InputSystem/Editor/AssetImporter/IInputActionAssetEditor.cs"
"Library/PackageCache/com.unity.inputsystem@920b46832575/InputSystem/Editor/AssetImporter/InputActionAssetEditor.cs"
"Library/PackageCache/com.unity.inputsystem@920b46832575/InputSystem/Editor/AssetImporter/InputActionAssetIconLoader.cs"
"Library/PackageCache/com.unity.inputsystem@920b46832575/InputSystem/Editor/AssetImporter/InputActionCodeGenerator.cs"
"Library/PackageCache/com.unity.inputsystem@920b46832575/InputSystem/Editor/AssetImporter/InputActionImporter.cs"
"Library/PackageCache/com.unity.inputsystem@920b46832575/InputSystem/Editor/AssetImporter/InputActionImporterEditor.cs"
"Library/PackageCache/com.unity.inputsystem@920b46832575/InputSystem/Editor/BuildPipeline/LinkFileGenerator.cs"
"Library/PackageCache/com.unity.inputsystem@920b46832575/InputSystem/Editor/ControlPicker/IInputControlPickerLayout.cs"
"Library/PackageCache/com.unity.inputsystem@920b46832575/InputSystem/Editor/ControlPicker/InputControlDropdownItem.cs"
"Library/PackageCache/com.unity.inputsystem@920b46832575/InputSystem/Editor/ControlPicker/InputControlPathEditor.cs"
"Library/PackageCache/com.unity.inputsystem@920b46832575/InputSystem/Editor/ControlPicker/InputControlPicker.cs"
"Library/PackageCache/com.unity.inputsystem@920b46832575/InputSystem/Editor/ControlPicker/InputControlPickerDropdown.cs"
"Library/PackageCache/com.unity.inputsystem@920b46832575/InputSystem/Editor/ControlPicker/InputControlPickerState.cs"
"Library/PackageCache/com.unity.inputsystem@920b46832575/InputSystem/Editor/ControlPicker/Layouts/DefaultInputControlPickerLayout.cs"
"Library/PackageCache/com.unity.inputsystem@920b46832575/InputSystem/Editor/ControlPicker/Layouts/TouchscreenControlPickerLayout.cs"
"Library/PackageCache/com.unity.inputsystem@920b46832575/InputSystem/Editor/Debugger/InputActionDebuggerWindow.cs"
"Library/PackageCache/com.unity.inputsystem@920b46832575/InputSystem/Editor/Debugger/InputDebuggerWindow.cs"
"Library/PackageCache/com.unity.inputsystem@920b46832575/InputSystem/Editor/Debugger/InputDeviceDebuggerWindow.cs"
"Library/PackageCache/com.unity.inputsystem@920b46832575/InputSystem/Editor/DeviceSimulator/InputSystemPlugin.cs"
"Library/PackageCache/com.unity.inputsystem@920b46832575/InputSystem/Editor/Dialog.cs"
"Library/PackageCache/com.unity.inputsystem@920b46832575/InputSystem/Editor/DownloadableSample.cs"
"Library/PackageCache/com.unity.inputsystem@920b46832575/InputSystem/Editor/EditorInputControlLayoutCache.cs"
"Library/PackageCache/com.unity.inputsystem@920b46832575/InputSystem/Editor/InputAssetEditorUtils.cs"
"Library/PackageCache/com.unity.inputsystem@920b46832575/InputSystem/Editor/InputDiagnostics.cs"
"Library/PackageCache/com.unity.inputsystem@920b46832575/InputSystem/Editor/InputLayoutCodeGenerator.cs"
"Library/PackageCache/com.unity.inputsystem@920b46832575/InputSystem/Editor/InputParameterEditor.cs"
"Library/PackageCache/com.unity.inputsystem@920b46832575/InputSystem/Editor/InputSystemPackageControl.cs"
"Library/PackageCache/com.unity.inputsystem@920b46832575/InputSystem/Editor/InputSystemPluginControl.cs"
"Library/PackageCache/com.unity.inputsystem@920b46832575/InputSystem/Editor/Internal/AdvancedDropdown/AdvancedDropdown.cs"
"Library/PackageCache/com.unity.inputsystem@920b46832575/InputSystem/Editor/Internal/AdvancedDropdown/AdvancedDropdownDataSource.cs"
"Library/PackageCache/com.unity.inputsystem@920b46832575/InputSystem/Editor/Internal/AdvancedDropdown/AdvancedDropdownGUI.cs"
"Library/PackageCache/com.unity.inputsystem@920b46832575/InputSystem/Editor/Internal/AdvancedDropdown/AdvancedDropdownItem.cs"
"Library/PackageCache/com.unity.inputsystem@920b46832575/InputSystem/Editor/Internal/AdvancedDropdown/AdvancedDropdownState.cs"
"Library/PackageCache/com.unity.inputsystem@920b46832575/InputSystem/Editor/Internal/AdvancedDropdown/AdvancedDropdownWindow.cs"
"Library/PackageCache/com.unity.inputsystem@920b46832575/InputSystem/Editor/Internal/AdvancedDropdown/CallbackDataSource.cs"
"Library/PackageCache/com.unity.inputsystem@920b46832575/InputSystem/Editor/Internal/AdvancedDropdown/MultiLevelDataSource.cs"
"Library/PackageCache/com.unity.inputsystem@920b46832575/InputSystem/Editor/Internal/BuildProviderHelpers.cs"
"Library/PackageCache/com.unity.inputsystem@920b46832575/InputSystem/Editor/Internal/EditorHelpers.cs"
"Library/PackageCache/com.unity.inputsystem@920b46832575/InputSystem/Editor/Internal/GUIHelpers.cs"
"Library/PackageCache/com.unity.inputsystem@920b46832575/InputSystem/Editor/Internal/InputActionSerializationHelpers.cs"
"Library/PackageCache/com.unity.inputsystem@920b46832575/InputSystem/Editor/Internal/InputControlTreeView.cs"
"Library/PackageCache/com.unity.inputsystem@920b46832575/InputSystem/Editor/Internal/InputEventTreeView.cs"
"Library/PackageCache/com.unity.inputsystem@920b46832575/InputSystem/Editor/Internal/InputStateWindow.cs"
"Library/PackageCache/com.unity.inputsystem@920b46832575/InputSystem/Editor/Internal/SerializedPropertyHelpers.cs"
"Library/PackageCache/com.unity.inputsystem@920b46832575/InputSystem/Editor/Internal/SerializedPropertyLinqExtensions.cs"
"Library/PackageCache/com.unity.inputsystem@920b46832575/InputSystem/Editor/Internal/TreeViewHelpers.cs"
"Library/PackageCache/com.unity.inputsystem@920b46832575/InputSystem/Editor/ProjectWideActions/ProjectWideActionsAsset.cs"
"Library/PackageCache/com.unity.inputsystem@920b46832575/InputSystem/Editor/ProjectWideActions/ProjectWideActionsBuildProvider.cs"
"Library/PackageCache/com.unity.inputsystem@920b46832575/InputSystem/Editor/PropertyDrawers/GamepadButtonPropertyDrawer.cs"
"Library/PackageCache/com.unity.inputsystem@920b46832575/InputSystem/Editor/PropertyDrawers/InputActionAssetDrawer.cs"
"Library/PackageCache/com.unity.inputsystem@920b46832575/InputSystem/Editor/PropertyDrawers/InputActionAssetSearchProvider.cs"
"Library/PackageCache/com.unity.inputsystem@920b46832575/InputSystem/Editor/PropertyDrawers/InputActionDrawer.cs"
"Library/PackageCache/com.unity.inputsystem@920b46832575/InputSystem/Editor/PropertyDrawers/InputActionDrawerBase.cs"
"Library/PackageCache/com.unity.inputsystem@920b46832575/InputSystem/Editor/PropertyDrawers/InputActionMapDrawer.cs"
"Library/PackageCache/com.unity.inputsystem@920b46832575/InputSystem/Editor/PropertyDrawers/InputActionPropertyDrawer.cs"
"Library/PackageCache/com.unity.inputsystem@920b46832575/InputSystem/Editor/PropertyDrawers/InputActionReferencePropertyDrawer.cs"
"Library/PackageCache/com.unity.inputsystem@920b46832575/InputSystem/Editor/PropertyDrawers/InputActionReferenceSearchProviders.cs"
"Library/PackageCache/com.unity.inputsystem@920b46832575/InputSystem/Editor/PropertyDrawers/InputControlPathDrawer.cs"
"Library/PackageCache/com.unity.inputsystem@920b46832575/InputSystem/Editor/Settings/EditorPlayerSettingHelpers.cs"
"Library/PackageCache/com.unity.inputsystem@920b46832575/InputSystem/Editor/Settings/InputEditorUserSettings.cs"
"Library/PackageCache/com.unity.inputsystem@920b46832575/InputSystem/Editor/Settings/InputSettingsBuildProvider.cs"
"Library/PackageCache/com.unity.inputsystem@920b46832575/InputSystem/Editor/Settings/InputSettingsProvider.cs"
"Library/PackageCache/com.unity.inputsystem@920b46832575/InputSystem/Editor/UITKAssetEditor/Commands/Commands.cs"
"Library/PackageCache/com.unity.inputsystem@920b46832575/InputSystem/Editor/UITKAssetEditor/Commands/ControlSchemeCommands.cs"
"Library/PackageCache/com.unity.inputsystem@920b46832575/InputSystem/Editor/UITKAssetEditor/EnumerableExtensions.cs"
"Library/PackageCache/com.unity.inputsystem@920b46832575/InputSystem/Editor/UITKAssetEditor/ExpressionUtils.cs"
"Library/PackageCache/com.unity.inputsystem@920b46832575/InputSystem/Editor/UITKAssetEditor/InputActionsEditorConstants.cs"
"Library/PackageCache/com.unity.inputsystem@920b46832575/InputSystem/Editor/UITKAssetEditor/InputActionsEditorSettingsProvider.cs"
"Library/PackageCache/com.unity.inputsystem@920b46832575/InputSystem/Editor/UITKAssetEditor/InputActionsEditorState.cs"
"Library/PackageCache/com.unity.inputsystem@920b46832575/InputSystem/Editor/UITKAssetEditor/InputActionsEditorWindow.cs"
"Library/PackageCache/com.unity.inputsystem@920b46832575/InputSystem/Editor/UITKAssetEditor/InputActionsEditorWindowUtils.cs"
"Library/PackageCache/com.unity.inputsystem@920b46832575/InputSystem/Editor/UITKAssetEditor/ReactiveProperty.cs"
"Library/PackageCache/com.unity.inputsystem@920b46832575/InputSystem/Editor/UITKAssetEditor/SerializedInputAction.cs"
"Library/PackageCache/com.unity.inputsystem@920b46832575/InputSystem/Editor/UITKAssetEditor/SerializedInputActionMap.cs"
"Library/PackageCache/com.unity.inputsystem@920b46832575/InputSystem/Editor/UITKAssetEditor/SerializedInputBinding.cs"
"Library/PackageCache/com.unity.inputsystem@920b46832575/InputSystem/Editor/UITKAssetEditor/StateContainer.cs"
"Library/PackageCache/com.unity.inputsystem@920b46832575/InputSystem/Editor/UITKAssetEditor/Views/ActionMapsView.cs"
"Library/PackageCache/com.unity.inputsystem@920b46832575/InputSystem/Editor/UITKAssetEditor/Views/ActionPropertiesView.cs"
"Library/PackageCache/com.unity.inputsystem@920b46832575/InputSystem/Editor/UITKAssetEditor/Views/ActionsTreeView.cs"
"Library/PackageCache/com.unity.inputsystem@920b46832575/InputSystem/Editor/UITKAssetEditor/Views/BindingPropertiesView.cs"
"Library/PackageCache/com.unity.inputsystem@920b46832575/InputSystem/Editor/UITKAssetEditor/Views/CollectionViewSelectionChangeFilter.cs"
"Library/PackageCache/com.unity.inputsystem@920b46832575/InputSystem/Editor/UITKAssetEditor/Views/CompositeBindingPropertiesView.cs"
"Library/PackageCache/com.unity.inputsystem@920b46832575/InputSystem/Editor/UITKAssetEditor/Views/CompositePartBindingPropertiesView.cs"
"Library/PackageCache/com.unity.inputsystem@920b46832575/InputSystem/Editor/UITKAssetEditor/Views/ContextMenu.cs"
"Library/PackageCache/com.unity.inputsystem@920b46832575/InputSystem/Editor/UITKAssetEditor/Views/ControlSchemesView.cs"
"Library/PackageCache/com.unity.inputsystem@920b46832575/InputSystem/Editor/UITKAssetEditor/Views/CopyPasteHelper.cs"
"Library/PackageCache/com.unity.inputsystem@920b46832575/InputSystem/Editor/UITKAssetEditor/Views/DropManipulator.cs"
"Library/PackageCache/com.unity.inputsystem@920b46832575/InputSystem/Editor/UITKAssetEditor/Views/IViewStateCollection.cs"
"Library/PackageCache/com.unity.inputsystem@920b46832575/InputSystem/Editor/UITKAssetEditor/Views/InputActionMapsTreeViewItem.cs"
"Library/PackageCache/com.unity.inputsystem@920b46832575/InputSystem/Editor/UITKAssetEditor/Views/InputActionsEditorView.cs"
"Library/PackageCache/com.unity.inputsystem@920b46832575/InputSystem/Editor/UITKAssetEditor/Views/InputActionsTreeViewItem.cs"
"Library/PackageCache/com.unity.inputsystem@920b46832575/InputSystem/Editor/UITKAssetEditor/Views/MatchingControlPaths.cs"
"Library/PackageCache/com.unity.inputsystem@920b46832575/InputSystem/Editor/UITKAssetEditor/Views/NameAndParametersListView.cs"
"Library/PackageCache/com.unity.inputsystem@920b46832575/InputSystem/Editor/UITKAssetEditor/Views/PropertiesView.cs"
"Library/PackageCache/com.unity.inputsystem@920b46832575/InputSystem/Editor/UITKAssetEditor/Views/Selectors.cs"
"Library/PackageCache/com.unity.inputsystem@920b46832575/InputSystem/Editor/UITKAssetEditor/Views/ViewBase.cs"
"Library/PackageCache/com.unity.inputsystem@920b46832575/InputSystem/Editor/UITKAssetEditor/Views/ViewStateCollection.cs"
"Library/PackageCache/com.unity.inputsystem@920b46832575/InputSystem/Editor/UITKAssetEditor/Views/VisualElementExtensions.cs"
"Library/PackageCache/com.unity.inputsystem@920b46832575/InputSystem/Events/ActionEvent.cs"
"Library/PackageCache/com.unity.inputsystem@920b46832575/InputSystem/Events/DeltaStateEvent.cs"
"Library/PackageCache/com.unity.inputsystem@920b46832575/InputSystem/Events/DeviceConfigurationEvent.cs"
"Library/PackageCache/com.unity.inputsystem@920b46832575/InputSystem/Events/DeviceRemoveEvent.cs"
"Library/PackageCache/com.unity.inputsystem@920b46832575/InputSystem/Events/DeviceResetEvent.cs"
"Library/PackageCache/com.unity.inputsystem@920b46832575/InputSystem/Events/IInputEventTypeInfo.cs"
"Library/PackageCache/com.unity.inputsystem@920b46832575/InputSystem/Events/IMECompositionEvent.cs"
"Library/PackageCache/com.unity.inputsystem@920b46832575/InputSystem/Events/InputEvent.cs"
"Library/PackageCache/com.unity.inputsystem@920b46832575/InputSystem/Events/InputEventBuffer.cs"
"Library/PackageCache/com.unity.inputsystem@920b46832575/InputSystem/Events/InputEventListener.cs"
"Library/PackageCache/com.unity.inputsystem@920b46832575/InputSystem/Events/InputEventPtr.cs"
"Library/PackageCache/com.unity.inputsystem@920b46832575/InputSystem/Events/InputEventStream.cs"
"Library/PackageCache/com.unity.inputsystem@920b46832575/InputSystem/Events/InputEventTrace.cs"
"Library/PackageCache/com.unity.inputsystem@920b46832575/InputSystem/Events/StateEvent.cs"
"Library/PackageCache/com.unity.inputsystem@920b46832575/InputSystem/Events/TextEvent.cs"
"Library/PackageCache/com.unity.inputsystem@920b46832575/InputSystem/IInputDiagnostics.cs"
"Library/PackageCache/com.unity.inputsystem@920b46832575/InputSystem/IInputRuntime.cs"
"Library/PackageCache/com.unity.inputsystem@920b46832575/InputSystem/InputAnalytics.cs"
"Library/PackageCache/com.unity.inputsystem@920b46832575/InputSystem/InputExtensions.cs"
"Library/PackageCache/com.unity.inputsystem@920b46832575/InputSystem/InputFeatureNames.cs"
"Library/PackageCache/com.unity.inputsystem@920b46832575/InputSystem/InputManager.cs"
"Library/PackageCache/com.unity.inputsystem@920b46832575/InputSystem/InputManagerStateMonitors.cs"
"Library/PackageCache/com.unity.inputsystem@920b46832575/InputSystem/InputMetrics.cs"
"Library/PackageCache/com.unity.inputsystem@920b46832575/InputSystem/InputSettings.cs"
"Library/PackageCache/com.unity.inputsystem@920b46832575/InputSystem/InputSystem.cs"
"Library/PackageCache/com.unity.inputsystem@920b46832575/InputSystem/InputSystemObject.cs"
"Library/PackageCache/com.unity.inputsystem@920b46832575/InputSystem/InputUpdateType.cs"
"Library/PackageCache/com.unity.inputsystem@920b46832575/InputSystem/NativeInputRuntime.cs"
"Library/PackageCache/com.unity.inputsystem@920b46832575/InputSystem/Plugins/Android/AndroidAxis.cs"
"Library/PackageCache/com.unity.inputsystem@920b46832575/InputSystem/Plugins/Android/AndroidGameController.cs"
"Library/PackageCache/com.unity.inputsystem@920b46832575/InputSystem/Plugins/Android/AndroidKeyCode.cs"
"Library/PackageCache/com.unity.inputsystem@920b46832575/InputSystem/Plugins/Android/AndroidSensors.cs"
"Library/PackageCache/com.unity.inputsystem@920b46832575/InputSystem/Plugins/Android/AndroidSupport.cs"
"Library/PackageCache/com.unity.inputsystem@920b46832575/InputSystem/Plugins/DualShock/DualShockGamepad.cs"
"Library/PackageCache/com.unity.inputsystem@920b46832575/InputSystem/Plugins/DualShock/DualShockGamepadHID.cs"
"Library/PackageCache/com.unity.inputsystem@920b46832575/InputSystem/Plugins/DualShock/DualShockSupport.cs"
"Library/PackageCache/com.unity.inputsystem@920b46832575/InputSystem/Plugins/DualShock/IDualShockHaptics.cs"
"Library/PackageCache/com.unity.inputsystem@920b46832575/InputSystem/Plugins/EnhancedTouch/EnhancedTouchSupport.cs"
"Library/PackageCache/com.unity.inputsystem@920b46832575/InputSystem/Plugins/EnhancedTouch/Finger.cs"
"Library/PackageCache/com.unity.inputsystem@920b46832575/InputSystem/Plugins/EnhancedTouch/Touch.cs"
"Library/PackageCache/com.unity.inputsystem@920b46832575/InputSystem/Plugins/EnhancedTouch/TouchHistory.cs"
"Library/PackageCache/com.unity.inputsystem@920b46832575/InputSystem/Plugins/EnhancedTouch/TouchSimulation.cs"
"Library/PackageCache/com.unity.inputsystem@920b46832575/InputSystem/Plugins/HID/HID.cs"
"Library/PackageCache/com.unity.inputsystem@920b46832575/InputSystem/Plugins/HID/HIDDescriptorWindow.cs"
"Library/PackageCache/com.unity.inputsystem@920b46832575/InputSystem/Plugins/HID/HIDParser.cs"
"Library/PackageCache/com.unity.inputsystem@920b46832575/InputSystem/Plugins/HID/HIDSupport.cs"
"Library/PackageCache/com.unity.inputsystem@920b46832575/InputSystem/Plugins/Linux/LinuxSupport.cs"
"Library/PackageCache/com.unity.inputsystem@920b46832575/InputSystem/Plugins/Linux/SDLDeviceBuilder.cs"
"Library/PackageCache/com.unity.inputsystem@920b46832575/InputSystem/Plugins/OSX/OSXGameController.cs"
"Library/PackageCache/com.unity.inputsystem@920b46832575/InputSystem/Plugins/OSX/OSXSupport.cs"
"Library/PackageCache/com.unity.inputsystem@920b46832575/InputSystem/Plugins/OnScreen/OnScreenButton.cs"
"Library/PackageCache/com.unity.inputsystem@920b46832575/InputSystem/Plugins/OnScreen/OnScreenControl.cs"
"Library/PackageCache/com.unity.inputsystem@920b46832575/InputSystem/Plugins/OnScreen/OnScreenStick.cs"
"Library/PackageCache/com.unity.inputsystem@920b46832575/InputSystem/Plugins/OnScreen/OnScreenSupport.cs"
"Library/PackageCache/com.unity.inputsystem@920b46832575/InputSystem/Plugins/PlayerInput/DefaultInputActions.cs"
"Library/PackageCache/com.unity.inputsystem@920b46832575/InputSystem/Plugins/PlayerInput/InputValue.cs"
"Library/PackageCache/com.unity.inputsystem@920b46832575/InputSystem/Plugins/PlayerInput/PlayerInput.cs"
"Library/PackageCache/com.unity.inputsystem@920b46832575/InputSystem/Plugins/PlayerInput/PlayerInputEditor.cs"
"Library/PackageCache/com.unity.inputsystem@920b46832575/InputSystem/Plugins/PlayerInput/PlayerInputManager.cs"
"Library/PackageCache/com.unity.inputsystem@920b46832575/InputSystem/Plugins/PlayerInput/PlayerInputManagerEditor.cs"
"Library/PackageCache/com.unity.inputsystem@920b46832575/InputSystem/Plugins/PlayerInput/PlayerJoinBehavior.cs"
"Library/PackageCache/com.unity.inputsystem@920b46832575/InputSystem/Plugins/PlayerInput/PlayerNotifications.cs"
"Library/PackageCache/com.unity.inputsystem@920b46832575/InputSystem/Plugins/Steam/IStreamControllerAPI.cs"
"Library/PackageCache/com.unity.inputsystem@920b46832575/InputSystem/Plugins/Steam/SteamController.cs"
"Library/PackageCache/com.unity.inputsystem@920b46832575/InputSystem/Plugins/Steam/SteamControllerType.cs"
"Library/PackageCache/com.unity.inputsystem@920b46832575/InputSystem/Plugins/Steam/SteamHandle.cs"
"Library/PackageCache/com.unity.inputsystem@920b46832575/InputSystem/Plugins/Steam/SteamIGAConverter.cs"
"Library/PackageCache/com.unity.inputsystem@920b46832575/InputSystem/Plugins/Steam/SteamSupport.cs"
"Library/PackageCache/com.unity.inputsystem@920b46832575/InputSystem/Plugins/Switch/SwitchProControllerHID.cs"
"Library/PackageCache/com.unity.inputsystem@920b46832575/InputSystem/Plugins/Switch/SwitchSupportHID.cs"
"Library/PackageCache/com.unity.inputsystem@920b46832575/InputSystem/Plugins/UI/BaseInputOverride.cs"
"Library/PackageCache/com.unity.inputsystem@920b46832575/InputSystem/Plugins/UI/ExtendedAxisEventData.cs"
"Library/PackageCache/com.unity.inputsystem@920b46832575/InputSystem/Plugins/UI/ExtendedPointerEventData.cs"
"Library/PackageCache/com.unity.inputsystem@920b46832575/InputSystem/Plugins/UI/InputSystemUIInputModule.cs"
"Library/PackageCache/com.unity.inputsystem@920b46832575/InputSystem/Plugins/UI/InputSystemUIInputModuleEditor.cs"
"Library/PackageCache/com.unity.inputsystem@920b46832575/InputSystem/Plugins/UI/MultiplayerEventSystem.cs"
"Library/PackageCache/com.unity.inputsystem@920b46832575/InputSystem/Plugins/UI/NavigationModel.cs"
"Library/PackageCache/com.unity.inputsystem@920b46832575/InputSystem/Plugins/UI/PointerModel.cs"
"Library/PackageCache/com.unity.inputsystem@920b46832575/InputSystem/Plugins/UI/StandaloneInputModuleEditor.cs"
"Library/PackageCache/com.unity.inputsystem@920b46832575/InputSystem/Plugins/UI/TrackedDeviceRaycaster.cs"
"Library/PackageCache/com.unity.inputsystem@920b46832575/InputSystem/Plugins/UI/UISupport.cs"
"Library/PackageCache/com.unity.inputsystem@920b46832575/InputSystem/Plugins/UI/VirtualMouseInput.cs"
"Library/PackageCache/com.unity.inputsystem@920b46832575/InputSystem/Plugins/UnityRemote/UnityRemoteSupport.cs"
"Library/PackageCache/com.unity.inputsystem@920b46832575/InputSystem/Plugins/Users/InputUser.cs"
"Library/PackageCache/com.unity.inputsystem@920b46832575/InputSystem/Plugins/Users/InputUserAccountHandle.cs"
"Library/PackageCache/com.unity.inputsystem@920b46832575/InputSystem/Plugins/Users/InputUserChange.cs"
"Library/PackageCache/com.unity.inputsystem@920b46832575/InputSystem/Plugins/Users/InputUserPairingOptions.cs"
"Library/PackageCache/com.unity.inputsystem@920b46832575/InputSystem/Plugins/Users/InputUserSettings.cs"
"Library/PackageCache/com.unity.inputsystem@920b46832575/InputSystem/Plugins/WebGL/WebGLGamepad.cs"
"Library/PackageCache/com.unity.inputsystem@920b46832575/InputSystem/Plugins/WebGL/WebGLJoystick.cs"
"Library/PackageCache/com.unity.inputsystem@920b46832575/InputSystem/Plugins/WebGL/WebGLSupport.cs"
"Library/PackageCache/com.unity.inputsystem@920b46832575/InputSystem/Plugins/XInput/IXboxOneRumble.cs"
"Library/PackageCache/com.unity.inputsystem@920b46832575/InputSystem/Plugins/XInput/XInputController.cs"
"Library/PackageCache/com.unity.inputsystem@920b46832575/InputSystem/Plugins/XInput/XInputControllerWindows.cs"
"Library/PackageCache/com.unity.inputsystem@920b46832575/InputSystem/Plugins/XInput/XInputSupport.cs"
"Library/PackageCache/com.unity.inputsystem@920b46832575/InputSystem/Plugins/XInput/XboxGamepadMacOS.cs"
"Library/PackageCache/com.unity.inputsystem@920b46832575/InputSystem/Plugins/XR/Controls/PoseControl.cs"
"Library/PackageCache/com.unity.inputsystem@920b46832575/InputSystem/Plugins/XR/Devices/GoogleVR.cs"
"Library/PackageCache/com.unity.inputsystem@920b46832575/InputSystem/Plugins/XR/Devices/Oculus.cs"
"Library/PackageCache/com.unity.inputsystem@920b46832575/InputSystem/Plugins/XR/Devices/OpenVR.cs"
"Library/PackageCache/com.unity.inputsystem@920b46832575/InputSystem/Plugins/XR/Devices/WindowsMR.cs"
"Library/PackageCache/com.unity.inputsystem@920b46832575/InputSystem/Plugins/XR/GenericXRDevice.cs"
"Library/PackageCache/com.unity.inputsystem@920b46832575/InputSystem/Plugins/XR/Haptics/BufferedRumble.cs"
"Library/PackageCache/com.unity.inputsystem@920b46832575/InputSystem/Plugins/XR/Haptics/GetCurrentHapticStateCommand.cs"
"Library/PackageCache/com.unity.inputsystem@920b46832575/InputSystem/Plugins/XR/Haptics/GetHapticCapabilitiesCommand.cs"
"Library/PackageCache/com.unity.inputsystem@920b46832575/InputSystem/Plugins/XR/Haptics/SendBufferedHapticsCommand.cs"
"Library/PackageCache/com.unity.inputsystem@920b46832575/InputSystem/Plugins/XR/Haptics/SendHapticImpulseCommand.cs"
"Library/PackageCache/com.unity.inputsystem@920b46832575/InputSystem/Plugins/XR/TrackedPoseDriver.cs"
"Library/PackageCache/com.unity.inputsystem@920b46832575/InputSystem/Plugins/XR/XRLayoutBuilder.cs"
"Library/PackageCache/com.unity.inputsystem@920b46832575/InputSystem/Plugins/XR/XRSupport.cs"
"Library/PackageCache/com.unity.inputsystem@920b46832575/InputSystem/Plugins/iOS/IOSGameController.cs"
"Library/PackageCache/com.unity.inputsystem@920b46832575/InputSystem/Plugins/iOS/InputSettingsiOS.cs"
"Library/PackageCache/com.unity.inputsystem@920b46832575/InputSystem/Plugins/iOS/InputSettingsiOSProvider.cs"
"Library/PackageCache/com.unity.inputsystem@920b46832575/InputSystem/Plugins/iOS/iOSPostProcessBuild.cs"
"Library/PackageCache/com.unity.inputsystem@920b46832575/InputSystem/Plugins/iOS/iOSStepCounter.cs"
"Library/PackageCache/com.unity.inputsystem@920b46832575/InputSystem/Plugins/iOS/iOSSupport.cs"
"Library/PackageCache/com.unity.inputsystem@920b46832575/InputSystem/State/IInputStateCallbackReceiver.cs"
"Library/PackageCache/com.unity.inputsystem@920b46832575/InputSystem/State/IInputStateChangeMonitor.cs"
"Library/PackageCache/com.unity.inputsystem@920b46832575/InputSystem/State/IInputStateTypeInfo.cs"
"Library/PackageCache/com.unity.inputsystem@920b46832575/InputSystem/State/InputState.cs"
"Library/PackageCache/com.unity.inputsystem@920b46832575/InputSystem/State/InputStateBlock.cs"
"Library/PackageCache/com.unity.inputsystem@920b46832575/InputSystem/State/InputStateBuffers.cs"
"Library/PackageCache/com.unity.inputsystem@920b46832575/InputSystem/State/InputStateHistory.cs"
"Library/PackageCache/com.unity.inputsystem@920b46832575/InputSystem/Utilities/ArrayHelpers.cs"
"Library/PackageCache/com.unity.inputsystem@920b46832575/InputSystem/Utilities/CSharpCodeHelpers.cs"
"Library/PackageCache/com.unity.inputsystem@920b46832575/InputSystem/Utilities/CallbackArray.cs"
"Library/PackageCache/com.unity.inputsystem@920b46832575/InputSystem/Utilities/Comparers.cs"
"Library/PackageCache/com.unity.inputsystem@920b46832575/InputSystem/Utilities/DelegateHelpers.cs"
"Library/PackageCache/com.unity.inputsystem@920b46832575/InputSystem/Utilities/DisplayStringFormatAttribute.cs"
"Library/PackageCache/com.unity.inputsystem@920b46832575/InputSystem/Utilities/DynamicBitfield.cs"
"Library/PackageCache/com.unity.inputsystem@920b46832575/InputSystem/Utilities/ExceptionHelpers.cs"
"Library/PackageCache/com.unity.inputsystem@920b46832575/InputSystem/Utilities/FourCC.cs"
"Library/PackageCache/com.unity.inputsystem@920b46832575/InputSystem/Utilities/InlinedArray.cs"
"Library/PackageCache/com.unity.inputsystem@920b46832575/InputSystem/Utilities/InternedString.cs"
"Library/PackageCache/com.unity.inputsystem@920b46832575/InputSystem/Utilities/JsonParser.cs"
"Library/PackageCache/com.unity.inputsystem@920b46832575/InputSystem/Utilities/MemoryHelpers.cs"
"Library/PackageCache/com.unity.inputsystem@920b46832575/InputSystem/Utilities/MiscHelpers.cs"
"Library/PackageCache/com.unity.inputsystem@920b46832575/InputSystem/Utilities/NameAndParameters.cs"
"Library/PackageCache/com.unity.inputsystem@920b46832575/InputSystem/Utilities/NamedValue.cs"
"Library/PackageCache/com.unity.inputsystem@920b46832575/InputSystem/Utilities/NumberHelpers.cs"
"Library/PackageCache/com.unity.inputsystem@920b46832575/InputSystem/Utilities/Observables/ForDeviceEventObservable.cs"
"Library/PackageCache/com.unity.inputsystem@920b46832575/InputSystem/Utilities/Observables/Observable.cs"
"Library/PackageCache/com.unity.inputsystem@920b46832575/InputSystem/Utilities/Observables/Observer.cs"
"Library/PackageCache/com.unity.inputsystem@920b46832575/InputSystem/Utilities/Observables/SelectManyObservable.cs"
"Library/PackageCache/com.unity.inputsystem@920b46832575/InputSystem/Utilities/Observables/SelectObservable.cs"
"Library/PackageCache/com.unity.inputsystem@920b46832575/InputSystem/Utilities/Observables/TakeNObservable.cs"
"Library/PackageCache/com.unity.inputsystem@920b46832575/InputSystem/Utilities/Observables/WhereObservable.cs"
"Library/PackageCache/com.unity.inputsystem@920b46832575/InputSystem/Utilities/OneOrMore.cs"
"Library/PackageCache/com.unity.inputsystem@920b46832575/InputSystem/Utilities/PredictiveParser.cs"
"Library/PackageCache/com.unity.inputsystem@920b46832575/InputSystem/Utilities/PrimitiveValue.cs"
"Library/PackageCache/com.unity.inputsystem@920b46832575/InputSystem/Utilities/ReadOnlyArray.cs"
"Library/PackageCache/com.unity.inputsystem@920b46832575/InputSystem/Utilities/SavedState.cs"
"Library/PackageCache/com.unity.inputsystem@920b46832575/InputSystem/Utilities/SpriteUtilities.cs"
"Library/PackageCache/com.unity.inputsystem@920b46832575/InputSystem/Utilities/StringHelpers.cs"
"Library/PackageCache/com.unity.inputsystem@920b46832575/InputSystem/Utilities/Substring.cs"
"Library/PackageCache/com.unity.inputsystem@920b46832575/InputSystem/Utilities/TypeHelpers.cs"
"Library/PackageCache/com.unity.inputsystem@920b46832575/InputSystem/Utilities/TypeTable.cs"
-langversion:9.0
/unsafe+
/deterministic
/optimize+
/debug:portable
/nologo
/RuntimeMetadataVersion:v4.0.30319
/nowarn:0169
/nowarn:0649
/nowarn:0282
/nowarn:1701
/nowarn:1702
/utf8output
/preferreduilang:en-US
-warn:0
/additionalfile:"Library/Bee/artifacts/1900b0aE.dag/Unity.InputSystem.UnityAdditionalFile.txt"
##### Custom Environment Variables
DOTNET_MULTILEVEL_LOOKUP=0
##### ExitCode
1
##### Output
Library\PackageCache\com.unity.inputsystem@920b46832575\InputSystem\Editor\InputSystemPluginControl.cs(47,25): error CS0117: 'BuildTarget' does not contain a definition for 'ReservedCFE'
*** Tundra build failed (0.92 seconds), 9 items updated, 855 evaluated
Scripts have compiler errors.
Exiting without the bug reporter. Application will terminate with return code 1